ISO-10303-21;
HEADER;
FILE_DESCRIPTION(('ViewDefinition[DesignTransferView]'),'2;1');
FILE_NAME('/dev/null','2026-06-11T21:59:22+03:00',(''),(''),'IfcOpenShell 0.8.4','IfcOpenShell 0.8.4','Nobody');
FILE_SCHEMA(('IFC4'));
ENDSEC;
DATA;
#1=IFCPROJECT('34_3HggqX5CeGxxKUIbmDE',$,'NZEB Expo Bucuresti 2026',$,$,$,$,(#10),#5);
#2=IFCSIUNIT(*,.LENGTHUNIT.,$,.METRE.);
#3=IFCSIUNIT(*,.AREAUNIT.,$,.SQUARE_METRE.);
#4=IFCSIUNIT(*,.VOLUMEUNIT.,$,.CUBIC_METRE.);
#5=IFCUNITASSIGNMENT((#4,#2,#3));
#6=IFCCARTESIANPOINT((0.,0.,0.));
#7=IFCDIRECTION((0.,0.,1.));
#8=IFCDIRECTION((1.,0.,0.));
#9=IFCAXIS2PLACEMENT3D(#6,#7,#8);
#10=IFCGEOMETRICREPRESENTATIONCONTEXT($,'Model',3,1.E-05,#9,$);
#11=IFCGEOMETRICREPRESENTATIONSUBCONTEXT('Body','Model',*,*,*,*,#10,$,.MODEL_VIEW.,$);
#12=IFCSITE('0hlJafimvC2vBOdy_VaMz0',$,'Romexpo Bucuresti - NZEB Expo 2026',$,$,#20,$,$,$,$,$,$,$,$);
#13=IFCBUILDING('3JiOWSWRzEKviYLtok3BM5',$,'Pavilionul B2',$,$,#23,$,$,$,$,$,$);
#14=IFCBUILDINGSTOREY('0VybOVqVTFWebLw7Ci3MaV',$,'Parter',$,$,#26,$,$,$,$);
#15=IFCRELAGGREGATES('03UjDEtBX8$RNgTa2481ks',$,$,$,#1,(#12));
#16=IFCRELAGGREGATES('1OirxaXrr9DRMERMLKZgpW',$,$,$,#12,(#13));
#17=IFCRELAGGREGATES('3MyK_OAdb0eurdN_plM21i',$,$,$,#13,(#14));
#18=IFCCARTESIANPOINT((0.,0.,0.));
#19=IFCAXIS2PLACEMENT3D(#18,$,$);
#20=IFCLOCALPLACEMENT($,#19);
#21=IFCCARTESIANPOINT((0.,0.,0.));
#22=IFCAXIS2PLACEMENT3D(#21,$,$);
#23=IFCLOCALPLACEMENT(#20,#22);
#24=IFCCARTESIANPOINT((0.,0.,0.));
#25=IFCAXIS2PLACEMENT3D(#24,$,$);
#26=IFCLOCALPLACEMENT(#23,#25);
#27=IFCCOLOURRGB($,0.55,0.55,0.58);
#28=IFCSURFACESTYLERENDERING(#27,0.,$,$,$,$,$,$,.NOTDEFINED.);
#29=IFCSURFACESTYLE('Pardoseala stand',.BOTH.,(#28));
#30=IFCCOLOURRGB($,0.92,0.92,0.9);
#31=IFCSURFACESTYLERENDERING(#30,0.,$,$,$,$,$,$,.NOTDEFINED.);
#32=IFCSURFACESTYLE('Perete stand',.BOTH.,(#31));
#33=IFCCOLOURRGB($,0.1,0.1,0.3);
#34=IFCSURFACESTYLERENDERING(#33,0.,$,$,$,$,$,$,.NOTDEFINED.);
#35=IFCSURFACESTYLE('Navy buildingSMART',.BOTH.,(#34));
#36=IFCCOLOURRGB($,0.97,0.97,0.98);
#37=IFCSURFACESTYLERENDERING(#36,0.,$,$,$,$,$,$,.NOTDEFINED.);
#38=IFCSURFACESTYLE('Panou alb',.BOTH.,(#37));
#39=IFCCOLOURRGB($,0.75,0.85,0.95);
#40=IFCSURFACESTYLERENDERING(#39,0.,$,$,$,$,$,$,.NOTDEFINED.);
#41=IFCSURFACESTYLE('Panou gradient albastru',.BOTH.,(#40));
#42=IFCCOLOURRGB($,0.78,0.15,0.45);
#43=IFCSURFACESTYLERENDERING(#42,0.,$,$,$,$,$,$,.NOTDEFINED.);
#44=IFCSURFACESTYLE('Panou roz BIMcon',.BOTH.,(#43));
#45=IFCCOLOURRGB($,0.05,0.05,0.05);
#46=IFCSURFACESTYLERENDERING(#45,0.,$,$,$,$,$,$,.NOTDEFINED.);
#47=IFCSURFACESTYLE('Negru TV',.BOTH.,(#46));
#48=IFCCOLOURRGB($,0.27,0.67,0.84);
#49=IFCSURFACESTYLERENDERING(#48,0.,$,$,$,$,$,$,.NOTDEFINED.);
#50=IFCSURFACESTYLE('Cub cyan',.BOTH.,(#49));
#51=IFCCOLOURRGB($,0.85,0.16,0.28);
#52=IFCSURFACESTYLERENDERING(#51,0.,$,$,$,$,$,$,.NOTDEFINED.);
#53=IFCSURFACESTYLE('Cub rosu',.BOTH.,(#52));
#54=IFCCOLOURRGB($,0.82,0.15,0.55);
#55=IFCSURFACESTYLERENDERING(#54,0.,$,$,$,$,$,$,.NOTDEFINED.);
#56=IFCSURFACESTYLE('Cub magenta',.BOTH.,(#55));
#57=IFCCOLOURRGB($,0.49,0.18,0.62);
#58=IFCSURFACESTYLERENDERING(#57,0.,$,$,$,$,$,$,.NOTDEFINED.);
#59=IFCSURFACESTYLE('Cub mov',.BOTH.,(#58));
#60=IFCCOLOURRGB($,0.75,0.75,0.78);
#61=IFCSURFACESTYLERENDERING(#60,0.,$,$,$,$,$,$,.NOTDEFINED.);
#62=IFCSURFACESTYLE('Gri deschis',.BOTH.,(#61));
#63=IFCCOLOURRGB($,0.88,0.88,0.86);
#64=IFCSURFACESTYLERENDERING(#63,0.,$,$,$,$,$,$,.NOTDEFINED.);
#65=IFCSURFACESTYLE('Perete pavilion',.BOTH.,(#64));
#66=IFCCOLOURRGB($,0.8,0.82,0.85);
#67=IFCSURFACESTYLERENDERING(#66,0.6,$,$,$,$,$,$,.NOTDEFINED.);
#68=IFCSURFACESTYLE('Acoperis pavilion',.BOTH.,(#67));
#69=IFCCOLOURRGB($,0.7,0.7,0.7);
#70=IFCSURFACESTYLERENDERING(#69,0.,$,$,$,$,$,$,.NOTDEFINED.);
#71=IFCSURFACESTYLE('Placa pavilion',.BOTH.,(#70));
#72=IFCCOLOURRGB($,0.45,0.3,0.75);
#73=IFCSURFACESTYLERENDERING(#72,0.65,$,$,$,$,$,$,.NOTDEFINED.);
#74=IFCSURFACESTYLE('Zona speciala',.BOTH.,(#73));
#75=IFCCOLOURRGB($,0.2,0.45,0.8);
#76=IFCSURFACESTYLERENDERING(#75,0.65,$,$,$,$,$,$,.NOTDEFINED.);
#77=IFCSURFACESTYLE('Zona forum',.BOTH.,(#76));
#78=IFCCOLOURRGB($,0.42,0.44,0.5);
#79=IFCSURFACESTYLERENDERING(#78,0.,$,$,$,$,$,$,.NOTDEFINED.);
#80=IFCSURFACESTYLE('Mocheta gri',.BOTH.,(#79));
#81=IFCCOLOURRGB($,0.3,0.6,0.15);
#82=IFCSURFACESTYLERENDERING(#81,0.65,$,$,$,$,$,$,.NOTDEFINED.);
#83=IFCSURFACESTYLE('Zona main partner',.BOTH.,(#82));
#84=IFCCOLOURRGB($,0.85,0.7,0.45);
#85=IFCSURFACESTYLERENDERING(#84,0.,$,$,$,$,$,$,.NOTDEFINED.);
#86=IFCSURFACESTYLE('Pardoseala Z1',.BOTH.,(#85));
#87=IFCCOLOURRGB($,0.8,0.62,0.4);
#88=IFCSURFACESTYLERENDERING(#87,0.,$,$,$,$,$,$,.NOTDEFINED.);
#89=IFCSURFACESTYLE('Pardoseala Z2',.BOTH.,(#88));
#90=IFCCOLOURRGB($,0.86,0.66,0.36);
#91=IFCSURFACESTYLERENDERING(#90,0.,$,$,$,$,$,$,.NOTDEFINED.);
#92=IFCSURFACESTYLE('Pardoseala Z3',.BOTH.,(#91));
#93=IFCCOLOURRGB($,0.78,0.66,0.48);
#94=IFCSURFACESTYLERENDERING(#93,0.,$,$,$,$,$,$,.NOTDEFINED.);
#95=IFCSURFACESTYLE('Pardoseala Z4',.BOTH.,(#94));
#96=IFCCOLOURRGB($,0.83,0.6,0.45);
#97=IFCSURFACESTYLERENDERING(#96,0.,$,$,$,$,$,$,.NOTDEFINED.);
#98=IFCSURFACESTYLE('Pardoseala Z5',.BOTH.,(#97));
#99=IFCCOLOURRGB($,0.88,0.72,0.4);
#100=IFCSURFACESTYLERENDERING(#99,0.,$,$,$,$,$,$,.NOTDEFINED.);
#101=IFCSURFACESTYLE('Pardoseala Z6',.BOTH.,(#100));
#102=IFCCOLOURRGB($,0.7,0.62,0.5);
#103=IFCSURFACESTYLERENDERING(#102,0.,$,$,$,$,$,$,.NOTDEFINED.);
#104=IFCSURFACESTYLE('Pardoseala Z7',.BOTH.,(#103));
#105=IFCCARTESIANPOINT((93.0169491525424,42.8474576271186));
#106=IFCAXIS2PLACEMENT2D(#105,$);
#107=IFCRECTANGLEPROFILEDEF(.AREA.,$,#106,186.033898305085,85.6949152542373);
#108=IFCCARTESIANPOINT((0.,0.,-0.2));
#109=IFCAXIS2PLACEMENT3D(#108,$,$);
#110=IFCDIRECTION((0.,0.,1.));
#111=IFCEXTRUDEDAREASOLID(#107,#109,#110,0.2);
#112=IFCSTYLEDITEM(#111,(#71),$);
#113=IFCSLAB('2YlArL3c145v1_NydijFkE',$,'Placa pardoseala Pavilion B2',$,$,#124,#118,$,.FLOOR.);
#117=IFCSHAPEREPRESENTATION(#11,'Body','SweptSolid',(#111));
#118=IFCPRODUCTDEFINITIONSHAPE($,$,(#117));
#119=IFCRELCONTAINEDINSPATIALSTRUCTURE('0IdlAOjIjFZehtqi0f$thp',$,$,$,(#522,#7248,#10983,#7514,#10888,#11249,#9059,#7567,#3726,#735,#5859,#7461,#11075,#5698,#682,#7355,#10945,#9805,#9644,#2709,#7408,#4366,#8152,#1320,#7991,#6444,#895,#1267,#10907,#4579,#4951,#1214,#2871,#1108,#1480,#3137,#6551,#133,#4526,#4898,#5270,#6872,#10869,#2763,#4420,#4792,#5164,#3084,#3511,#6764,#3350,#1748,#2069,#7140,#3403,#5377,#10831,#3297,#2122,#3779,#9378,#2016,#3618,#5324,#308,#5751,#6979,#10793,#9325,#1963,#9591,#2229,#2601,#9272,#2495,#7938,#10850,#415,#6230,#842,#2548,#11182,#2442,#9485,#1161,#1533,#1055,#6124,#6498,#10812,#4473,#4099,#3993,#8419,#8045,#7673,#1640,#949,#6658,#4739,#4206,#3031,#4633,#8258,#2925,#6605,#8579,#8951,#11002,#3244,#11268,#8526,#8898,#5484,#3565,#8792,#1802,#9219,#5537,#9113,#7194,#5004,#3457,#5431,#8739,#9166,#9538,#3833,#9005,#7086,#9432,#3672,#9698,#362,#2336,#5805,#6177,#7779,#190,#5644,#6071,#628,#7301,#11021,#11287,#9751,#2389,#5965,#4046,#6337,#10017,#2283,#2655,#4312,#3940,#7726,#9911,#113,#575,#6018,#1002,#7620,#469,#5912,#152,#6284,#6711,#9964,#3887,#4259,#4686,#9858,#4153,#2978,#788,#8205,#1587,#2817,#209,#1426,#8099,#11394,#6391,#5110,#3191,#1373,#8473,#8845,#1694,#171,#5057,#10964,#7033,#254,#6925,#5591,#4845,#5217,#11056,#1909,#10926,#11322,#2175,#1856,#11375),#14);
#120=IFCCARTESIANPOINT((5.42372881355932,0.352542372881359,0.));
#121=IFCDIRECTION((0.,0.,1.));
#122=IFCDIRECTION((1.,0.,0.));
#123=IFCAXIS2PLACEMENT3D(#120,#121,#122);
#124=IFCLOCALPLACEMENT(#26,#123);
#125=IFCCARTESIANPOINT((93.0169491525424,42.8474576271186));
#126=IFCAXIS2PLACEMENT2D(#125,$);
#127=IFCRECTANGLEPROFILEDEF(.AREA.,$,#126,186.033898305085,85.6949152542373);
#128=IFCCARTESIANPOINT((0.,0.,9.));
#129=IFCAXIS2PLACEMENT3D(#128,$,$);
#130=IFCDIRECTION((0.,0.,1.));
#131=IFCEXTRUDEDAREASOLID(#127,#129,#130,0.3);
#132=IFCSTYLEDITEM(#131,(#68),$);
#133=IFCSLAB('0I46sJ7tP9zh6tq5Oo7CXT',$,'Acoperis Pavilion B2',$,$,#143,#138,$,.ROOF.);
#137=IFCSHAPEREPRESENTATION(#11,'Body','SweptSolid',(#131));
#138=IFCPRODUCTDEFINITIONSHAPE($,$,(#137));
#139=IFCCARTESIANPOINT((5.42372881355932,0.352542372881359,0.));
#140=IFCDIRECTION((0.,0.,1.));
#141=IFCDIRECTION((1.,0.,0.));
#142=IFCAXIS2PLACEMENT3D(#139,#140,#141);
#143=IFCLOCALPLACEMENT(#26,#142);
#144=IFCCARTESIANPOINT((93.0169491525424,0.15));
#145=IFCAXIS2PLACEMENT2D(#144,$);
#146=IFCRECTANGLEPROFILEDEF(.AREA.,$,#145,186.033898305085,0.3);
#147=IFCCARTESIANPOINT((0.,0.,0.));
#148=IFCAXIS2PLACEMENT3D(#147,$,$);
#149=IFCDIRECTION((0.,0.,1.));
#150=IFCEXTRUDEDAREASOLID(#146,#148,#149,9.);
#151=IFCSTYLEDITEM(#150,(#65),$);
#152=IFCWALL('3U23bAm4z2Hh7sl$X0GSQO',$,'Perete pavilion - Sud',$,$,#162,#157,$,$);
#156=IFCSHAPEREPRESENTATION(#11,'Body','SweptSolid',(#150));
#157=IFCPRODUCTDEFINITIONSHAPE($,$,(#156));
#158=IFCCARTESIANPOINT((5.42372881355932,0.352542372881359,0.));
#159=IFCDIRECTION((0.,0.,1.));
#160=IFCDIRECTION((1.,0.,0.));
#161=IFCAXIS2PLACEMENT3D(#158,#159,#160);
#162=IFCLOCALPLACEMENT(#26,#161);
#163=IFCCARTESIANPOINT((93.0169491525424,0.15));
#164=IFCAXIS2PLACEMENT2D(#163,$);
#165=IFCRECTANGLEPROFILEDEF(.AREA.,$,#164,186.033898305085,0.3);
#166=IFCCARTESIANPOINT((0.,0.,0.));
#167=IFCAXIS2PLACEMENT3D(#166,$,$);
#168=IFCDIRECTION((0.,0.,1.));
#169=IFCEXTRUDEDAREASOLID(#165,#167,#168,9.);
#170=IFCSTYLEDITEM(#169,(#65),$);
#171=IFCWALL('1hmD4h8u5BOf7DumJRdgUR',$,'Perete pavilion - Nord',$,$,#181,#176,$,$);
#175=IFCSHAPEREPRESENTATION(#11,'Body','SweptSolid',(#169));
#176=IFCPRODUCTDEFINITIONSHAPE($,$,(#175));
#177=IFCCARTESIANPOINT((5.42372881355932,85.7474576271186,0.));
#178=IFCDIRECTION((0.,0.,1.));
#179=IFCDIRECTION((1.,0.,0.));
#180=IFCAXIS2PLACEMENT3D(#177,#178,#179);
#181=IFCLOCALPLACEMENT(#26,#180);
#182=IFCCARTESIANPOINT((0.15,42.5474576271186));
#183=IFCAXIS2PLACEMENT2D(#182,$);
#184=IFCRECTANGLEPROFILEDEF(.AREA.,$,#183,0.3,85.0949152542373);
#185=IFCCARTESIANPOINT((0.,0.,0.));
#186=IFCAXIS2PLACEMENT3D(#185,$,$);
#187=IFCDIRECTION((0.,0.,1.));
#188=IFCEXTRUDEDAREASOLID(#184,#186,#187,9.);
#189=IFCSTYLEDITEM(#188,(#65),$);
#190=IFCWALL('3lmo5W3FnCbAefzDUCMcwv',$,'Perete pavilion - Vest',$,$,#200,#195,$,$);
#194=IFCSHAPEREPRESENTATION(#11,'Body','SweptSolid',(#188));
#195=IFCPRODUCTDEFINITIONSHAPE($,$,(#194));
#196=IFCCARTESIANPOINT((5.42372881355932,0.652542372881359,0.));
#197=IFCDIRECTION((0.,0.,1.));
#198=IFCDIRECTION((1.,0.,0.));
#199=IFCAXIS2PLACEMENT3D(#196,#197,#198);
#200=IFCLOCALPLACEMENT(#26,#199);
#201=IFCCARTESIANPOINT((0.15,42.5474576271186));
#202=IFCAXIS2PLACEMENT2D(#201,$);
#203=IFCRECTANGLEPROFILEDEF(.AREA.,$,#202,0.3,85.0949152542373);
#204=IFCCARTESIANPOINT((0.,0.,0.));
#205=IFCAXIS2PLACEMENT3D(#204,$,$);
#206=IFCDIRECTION((0.,0.,1.));
#207=IFCEXTRUDEDAREASOLID(#203,#205,#206,9.);
#208=IFCSTYLEDITEM(#207,(#65),$);
#209=IFCWALL('1NvE4iqU9Bfh5VIshsMsH0',$,'Perete pavilion - Est',$,$,#219,#214,$,$);
#213=IFCSHAPEREPRESENTATION(#11,'Body','SweptSolid',(#207));
#214=IFCPRODUCTDEFINITIONSHAPE($,$,(#213));
#215=IFCCARTESIANPOINT((191.157627118644,0.652542372881359,0.));
#216=IFCDIRECTION((0.,0.,1.));
#217=IFCDIRECTION((1.,0.,0.));
#218=IFCAXIS2PLACEMENT3D(#215,#216,#217);
#219=IFCLOCALPLACEMENT(#26,#218);
#220=IFCCLASSIFICATION($,$,$,'NZEB Expo 2026 - Domenii expozanti',$,$,$);
#221=IFCRELASSOCIATESCLASSIFICATION('07vUYbAab8Q9wfgAp8jBcO',$,$,$,(#1),#220);
#222=IFCCARTESIANPOINT((9.00338983050847,3.49830508474576));
#223=IFCAXIS2PLACEMENT2D(#222,$);
#224=IFCRECTANGLEPROFILEDEF(.AREA.,$,#223,18.0067796610169,6.99661016949153);
#225=IFCCARTESIANPOINT((0.,0.,0.));
#226=IFCAXIS2PLACEMENT3D(#225,$,$);
#227=IFCDIRECTION((0.,0.,1.));
#228=IFCEXTRUDEDAREASOLID(#224,#226,#227,0.1);
#229=IFCSTYLEDITEM(#228,(#95),$);
#230=IFCCARTESIANPOINT((9.00338983050847,6.95661016949153));
#231=IFCAXIS2PLACEMENT2D(#230,$);
#232=IFCRECTANGLEPROFILEDEF(.AREA.,$,#231,18.0067796610169,0.08);
#233=IFCCARTESIANPOINT((0.,0.,0.1));
#234=IFCAXIS2PLACEMENT3D(#233,$,$);
#235=IFCDIRECTION((0.,0.,1.));
#236=IFCEXTRUDEDAREASOLID(#232,#234,#235,2.5);
#237=IFCSTYLEDITEM(#236,(#32),$);
#238=IFCCARTESIANPOINT((0.04,4.99661016949153));
#239=IFCAXIS2PLACEMENT2D(#238,$);
#240=IFCRECTANGLEPROFILEDEF(.AREA.,$,#239,0.08,4.);
#241=IFCCARTESIANPOINT((0.,0.,0.1));
#242=IFCAXIS2PLACEMENT3D(#241,$,$);
#243=IFCDIRECTION((0.,0.,1.));
#244=IFCEXTRUDEDAREASOLID(#240,#242,#243,2.5);
#245=IFCSTYLEDITEM(#244,(#32),$);
#246=IFCCARTESIANPOINT((17.966779661017,4.99661016949153));
#247=IFCAXIS2PLACEMENT2D(#246,$);
#248=IFCRECTANGLEPROFILEDEF(.AREA.,$,#247,0.08,4.);
#249=IFCCARTESIANPOINT((0.,0.,0.1));
#250=IFCAXIS2PLACEMENT3D(#249,$,$);
#251=IFCDIRECTION((0.,0.,1.));
#252=IFCEXTRUDEDAREASOLID(#248,#250,#251,2.5);
#253=IFCSTYLEDITEM(#252,(#32),$);
#254=IFCBUILDINGELEMENTPROXY('3woKuFBPD1$8Wg31gUxRMs',$,'FORD','Stand expozitional generic - FORD',$,#264,#259,$,$);
#258=IFCSHAPEREPRESENTATION(#11,'Body','SweptSolid',(#228,#236,#244,#252));
#259=IFCPRODUCTDEFINITIONSHAPE($,$,(#258));
#260=IFCCARTESIANPOINT((42.6576271186441,33.5050847457627,0.));
#261=IFCDIRECTION((0.,0.,1.));
#262=IFCDIRECTION((1.,0.,0.));
#263=IFCAXIS2PLACEMENT3D(#260,#261,#262);
#264=IFCLOCALPLACEMENT(#26,#263);
#265=IFCPROPERTYSET('0yYVEO9j13KQ66UJ7Jy7Jq',$,'NZEB_ExhibitorInfo',$,(#267,#268,#269,#270,#271,#272,#273,#274,#275));
#266=IFCRELDEFINESBYPROPERTIES('0pTNp5wV1Btg2M75vMBoat',$,$,$,(#254),#265);
#267=IFCPROPERTYSINGLEVALUE('CompanyName',$,IFCLABEL('FORD'),$);
#268=IFCPROPERTYSINGLEVALUE('StandNumber',$,IFCLABEL(''),$);
#269=IFCPROPERTYSINGLEVALUE('Zone',$,IFCLABEL('ZONA 4'),$);
#270=IFCPROPERTYSINGLEVALUE('AreaSqm',$,IFCREAL(126.),$);
#271=IFCPROPERTYSINGLEVALUE('Category',$,IFCLABEL('Auto si mobilitate'),$);
#272=IFCPROPERTYSINGLEVALUE('CategoryCode',$,IFCLABEL('C14'),$);
#273=IFCPROPERTYSINGLEVALUE('Indoor',$,IFCBOOLEAN(.T.),$);
#274=IFCPROPERTYSINGLEVALUE('Event',$,IFCLABEL('NZEB Expo Bucuresti 2026'),$);
#275=IFCPROPERTYSINGLEVALUE('Website',$,IFCLABEL('https://www.ford.ro'),$);
#276=IFCCARTESIANPOINT((5.39661016949152,2.64406779661017));
#277=IFCAXIS2PLACEMENT2D(#276,$);
#278=IFCRECTANGLEPROFILEDEF(.AREA.,$,#277,10.793220338983,5.28813559322034);
#279=IFCCARTESIANPOINT((0.,0.,0.));
#280=IFCAXIS2PLACEMENT3D(#279,$,$);
#281=IFCDIRECTION((0.,0.,1.));
#282=IFCEXTRUDEDAREASOLID(#278,#280,#281,0.1);
#283=IFCSTYLEDITEM(#282,(#86),$);
#284=IFCCARTESIANPOINT((5.39661016949152,5.24813559322034));
#285=IFCAXIS2PLACEMENT2D(#284,$);
#286=IFCRECTANGLEPROFILEDEF(.AREA.,$,#285,10.793220338983,0.08);
#287=IFCCARTESIANPOINT((0.,0.,0.1));
#288=IFCAXIS2PLACEMENT3D(#287,$,$);
#289=IFCDIRECTION((0.,0.,1.));
#290=IFCEXTRUDEDAREASOLID(#286,#288,#289,2.5);
#291=IFCSTYLEDITEM(#290,(#32),$);
#292=IFCCARTESIANPOINT((0.04,3.70169491525424));
#293=IFCAXIS2PLACEMENT2D(#292,$);
#294=IFCRECTANGLEPROFILEDEF(.AREA.,$,#293,0.08,3.1728813559322);
#295=IFCCARTESIANPOINT((0.,0.,0.1));
#296=IFCAXIS2PLACEMENT3D(#295,$,$);
#297=IFCDIRECTION((0.,0.,1.));
#298=IFCEXTRUDEDAREASOLID(#294,#296,#297,2.5);
#299=IFCSTYLEDITEM(#298,(#32),$);
#300=IFCCARTESIANPOINT((10.753220338983,3.70169491525424));
#301=IFCAXIS2PLACEMENT2D(#300,$);
#302=IFCRECTANGLEPROFILEDEF(.AREA.,$,#301,0.08,3.1728813559322);
#303=IFCCARTESIANPOINT((0.,0.,0.1));
#304=IFCAXIS2PLACEMENT3D(#303,$,$);
#305=IFCDIRECTION((0.,0.,1.));
#306=IFCEXTRUDEDAREASOLID(#302,#304,#305,2.5);
#307=IFCSTYLEDITEM(#306,(#32),$);
#308=IFCBUILDINGELEMENTPROXY('0k4aJD9WjDMw$4wAhJ5BED',$,'SYMMETRICA','Stand expozitional generic - SYMMETRICA',$,#318,#313,$,$);
#312=IFCSHAPEREPRESENTATION(#11,'Body','SweptSolid',(#282,#290,#298,#306));
#313=IFCPRODUCTDEFINITIONSHAPE($,$,(#312));
#314=IFCCARTESIANPOINT((49.8169491525424,46.671186440678,0.));
#315=IFCDIRECTION((0.,0.,1.));
#316=IFCDIRECTION((1.,0.,0.));
#317=IFCAXIS2PLACEMENT3D(#314,#315,#316);
#318=IFCLOCALPLACEMENT(#26,#317);
#319=IFCPROPERTYSET('07okqsPmX03AYkprFBrBmd',$,'NZEB_ExhibitorInfo',$,(#321,#322,#323,#324,#325,#326,#327,#328,#329));
#320=IFCRELDEFINESBYPROPERTIES('2vMg02n2v3hOFVOXvmbhUj',$,$,$,(#308),#319);
#321=IFCPROPERTYSINGLEVALUE('CompanyName',$,IFCLABEL('SYMMETRICA'),$);
#322=IFCPROPERTYSINGLEVALUE('StandNumber',$,IFCLABEL(''),$);
#323=IFCPROPERTYSINGLEVALUE('Zone',$,IFCLABEL('ZONA 1'),$);
#324=IFCPROPERTYSINGLEVALUE('AreaSqm',$,IFCREAL(57.1),$);
#325=IFCPROPERTYSINGLEVALUE('Category',$,IFCLABEL('Materiale de constructii'),$);
#326=IFCPROPERTYSINGLEVALUE('CategoryCode',$,IFCLABEL('C05'),$);
#327=IFCPROPERTYSINGLEVALUE('Indoor',$,IFCBOOLEAN(.T.),$);
#328=IFCPROPERTYSINGLEVALUE('Event',$,IFCLABEL('NZEB Expo Bucuresti 2026'),$);
#329=IFCPROPERTYSINGLEVALUE('Website',$,IFCLABEL('https://www.symmetrica.ro'),$);
#330=IFCCARTESIANPOINT((1.44406779661017,1.00338983050847));
#331=IFCAXIS2PLACEMENT2D(#330,$);
#332=IFCRECTANGLEPROFILEDEF(.AREA.,$,#331,2.88813559322034,2.00677966101695);
#333=IFCCARTESIANPOINT((0.,0.,0.));
#334=IFCAXIS2PLACEMENT3D(#333,$,$);
#335=IFCDIRECTION((0.,0.,1.));
#336=IFCEXTRUDEDAREASOLID(#332,#334,#335,0.1);
#337=IFCSTYLEDITEM(#336,(#86),$);
#338=IFCCARTESIANPOINT((1.44406779661017,1.96677966101695));
#339=IFCAXIS2PLACEMENT2D(#338,$);
#340=IFCRECTANGLEPROFILEDEF(.AREA.,$,#339,2.88813559322034,0.08);
#341=IFCCARTESIANPOINT((0.,0.,0.1));
#342=IFCAXIS2PLACEMENT3D(#341,$,$);
#343=IFCDIRECTION((0.,0.,1.));
#344=IFCEXTRUDEDAREASOLID(#340,#342,#343,2.5);
#345=IFCSTYLEDITEM(#344,(#32),$);
#346=IFCCARTESIANPOINT((0.04,1.40474576271186));
#347=IFCAXIS2PLACEMENT2D(#346,$);
#348=IFCRECTANGLEPROFILEDEF(.AREA.,$,#347,0.08,1.20406779661017);
#349=IFCCARTESIANPOINT((0.,0.,0.1));
#350=IFCAXIS2PLACEMENT3D(#349,$,$);
#351=IFCDIRECTION((0.,0.,1.));
#352=IFCEXTRUDEDAREASOLID(#348,#350,#351,2.5);
#353=IFCSTYLEDITEM(#352,(#32),$);
#354=IFCCARTESIANPOINT((2.84813559322034,1.40474576271186));
#355=IFCAXIS2PLACEMENT2D(#354,$);
#356=IFCRECTANGLEPROFILEDEF(.AREA.,$,#355,0.08,1.20406779661017);
#357=IFCCARTESIANPOINT((0.,0.,0.1));
#358=IFCAXIS2PLACEMENT3D(#357,$,$);
#359=IFCDIRECTION((0.,0.,1.));
#360=IFCEXTRUDEDAREASOLID(#356,#358,#359,2.5);
#361=IFCSTYLEDITEM(#360,(#32),$);
#362=IFCBUILDINGELEMENTPROXY('0BNuTjW81B1Ryp36rrEGHz',$,'ADURO','Stand expozitional generic - ADURO',$,#372,#367,$,$);
#366=IFCSHAPEREPRESENTATION(#11,'Body','SweptSolid',(#336,#344,#352,#360));
#367=IFCPRODUCTDEFINITIONSHAPE($,$,(#366));
#368=IFCCARTESIANPOINT((9.31525423728814,59.9864406779661,0.));
#369=IFCDIRECTION((0.,0.,1.));
#370=IFCDIRECTION((1.,0.,0.));
#371=IFCAXIS2PLACEMENT3D(#368,#369,#370);
#372=IFCLOCALPLACEMENT(#26,#371);
#373=IFCPROPERTYSET('1j_mkozFP2fO6Z70H77HXz',$,'NZEB_ExhibitorInfo',$,(#375,#376,#377,#378,#379,#380,#381,#382));
#374=IFCRELDEFINESBYPROPERTIES('2LM13JLhr0IhKKsBSX6Cg0',$,$,$,(#362),#373);
#375=IFCPROPERTYSINGLEVALUE('CompanyName',$,IFCLABEL('ADURO'),$);
#376=IFCPROPERTYSINGLEVALUE('StandNumber',$,IFCLABEL(''),$);
#377=IFCPROPERTYSINGLEVALUE('Zone',$,IFCLABEL('ZONA 1'),$);
#378=IFCPROPERTYSINGLEVALUE('AreaSqm',$,IFCREAL(5.8),$);
#379=IFCPROPERTYSINGLEVALUE('Category',$,IFCLABEL('HVAC, incalzire, ventilatie si instalatii'),$);
#380=IFCPROPERTYSINGLEVALUE('CategoryCode',$,IFCLABEL('C03'),$);
#381=IFCPROPERTYSINGLEVALUE('Indoor',$,IFCBOOLEAN(.T.),$);
#382=IFCPROPERTYSINGLEVALUE('Event',$,IFCLABEL('NZEB Expo Bucuresti 2026'),$);
#383=IFCCARTESIANPOINT((1.99322033898305,3.53898305084746));
#384=IFCAXIS2PLACEMENT2D(#383,$);
#385=IFCRECTANGLEPROFILEDEF(.AREA.,$,#384,3.9864406779661,7.07796610169492);
#386=IFCCARTESIANPOINT((0.,0.,0.));
#387=IFCAXIS2PLACEMENT3D(#386,$,$);
#388=IFCDIRECTION((0.,0.,1.));
#389=IFCEXTRUDEDAREASOLID(#385,#387,#388,0.1);
#390=IFCSTYLEDITEM(#389,(#95),$);
#391=IFCCARTESIANPOINT((1.99322033898305,7.03796610169492));
#392=IFCAXIS2PLACEMENT2D(#391,$);
#393=IFCRECTANGLEPROFILEDEF(.AREA.,$,#392,3.9864406779661,0.08);
#394=IFCCARTESIANPOINT((0.,0.,0.1));
#395=IFCAXIS2PLACEMENT3D(#394,$,$);
#396=IFCDIRECTION((0.,0.,1.));
#397=IFCEXTRUDEDAREASOLID(#393,#395,#396,2.5);
#398=IFCSTYLEDITEM(#397,(#32),$);
#399=IFCCARTESIANPOINT((0.04,5.07796610169492));
#400=IFCAXIS2PLACEMENT2D(#399,$);
#401=IFCRECTANGLEPROFILEDEF(.AREA.,$,#400,0.08,4.);
#402=IFCCARTESIANPOINT((0.,0.,0.1));
#403=IFCAXIS2PLACEMENT3D(#402,$,$);
#404=IFCDIRECTION((0.,0.,1.));
#405=IFCEXTRUDEDAREASOLID(#401,#403,#404,2.5);
#406=IFCSTYLEDITEM(#405,(#32),$);
#407=IFCCARTESIANPOINT((3.9464406779661,5.07796610169492));
#408=IFCAXIS2PLACEMENT2D(#407,$);
#409=IFCRECTANGLEPROFILEDEF(.AREA.,$,#408,0.08,4.);
#410=IFCCARTESIANPOINT((0.,0.,0.1));
#411=IFCAXIS2PLACEMENT3D(#410,$,$);
#412=IFCDIRECTION((0.,0.,1.));
#413=IFCEXTRUDEDAREASOLID(#409,#411,#412,2.5);
#414=IFCSTYLEDITEM(#413,(#32),$);
#415=IFCBUILDINGELEMENTPROXY('1dAlfsuH9C5gCIIuAEUziG',$,'STRABAG','Stand expozitional generic - STRABAG',$,#425,#420,$,$);
#419=IFCSHAPEREPRESENTATION(#11,'Body','SweptSolid',(#389,#397,#405,#413));
#420=IFCPRODUCTDEFINITIONSHAPE($,$,(#419));
#421=IFCCARTESIANPOINT((15.4983050847458,32.3254237288136,0.));
#422=IFCDIRECTION((0.,0.,1.));
#423=IFCDIRECTION((1.,0.,0.));
#424=IFCAXIS2PLACEMENT3D(#421,#422,#423);
#425=IFCLOCALPLACEMENT(#26,#424);
#426=IFCPROPERTYSET('1fGCmE7Wv3NAauvcSvarbw',$,'NZEB_ExhibitorInfo',$,(#428,#429,#430,#431,#432,#433,#434,#435,#436));
#427=IFCRELDEFINESBYPROPERTIES('0258xKdWfC9uH_QBtHyxE4',$,$,$,(#415),#426);
#428=IFCPROPERTYSINGLEVALUE('CompanyName',$,IFCLABEL('STRABAG'),$);
#429=IFCPROPERTYSINGLEVALUE('StandNumber',$,IFCLABEL(''),$);
#430=IFCPROPERTYSINGLEVALUE('Zone',$,IFCLABEL('ZONA 4'),$);
#431=IFCPROPERTYSINGLEVALUE('AreaSqm',$,IFCREAL(28.2),$);
#432=IFCPROPERTYSINGLEVALUE('Category',$,IFCLABEL('Arhitectura, inginerie si antreprenoriat constructii'),$);
#433=IFCPROPERTYSINGLEVALUE('CategoryCode',$,IFCLABEL('C12'),$);
#434=IFCPROPERTYSINGLEVALUE('Indoor',$,IFCBOOLEAN(.T.),$);
#435=IFCPROPERTYSINGLEVALUE('Event',$,IFCLABEL('NZEB Expo Bucuresti 2026'),$);
#436=IFCPROPERTYSINGLEVALUE('Website',$,IFCLABEL('https://www.strabag.com'),$);
#437=IFCCARTESIANPOINT((5.30169491525424,5.2));
#438=IFCAXIS2PLACEMENT2D(#437,$);
#439=IFCRECTANGLEPROFILEDEF(.AREA.,$,#438,10.6033898305085,10.4);
#440=IFCCARTESIANPOINT((0.,0.,0.));
#441=IFCAXIS2PLACEMENT3D(#440,$,$);
#442=IFCDIRECTION((0.,0.,1.));
#443=IFCEXTRUDEDAREASOLID(#439,#441,#442,0.1);
#444=IFCSTYLEDITEM(#443,(#89),$);
#445=IFCCARTESIANPOINT((5.30169491525424,10.36));
#446=IFCAXIS2PLACEMENT2D(#445,$);
#447=IFCRECTANGLEPROFILEDEF(.AREA.,$,#446,10.6033898305085,0.08);
#448=IFCCARTESIANPOINT((0.,0.,0.1));
#449=IFCAXIS2PLACEMENT3D(#448,$,$);
#450=IFCDIRECTION((0.,0.,1.));
#451=IFCEXTRUDEDAREASOLID(#447,#449,#450,2.5);
#452=IFCSTYLEDITEM(#451,(#32),$);
#453=IFCCARTESIANPOINT((0.04,8.4));
#454=IFCAXIS2PLACEMENT2D(#453,$);
#455=IFCRECTANGLEPROFILEDEF(.AREA.,$,#454,0.08,4.);
#456=IFCCARTESIANPOINT((0.,0.,0.1));
#457=IFCAXIS2PLACEMENT3D(#456,$,$);
#458=IFCDIRECTION((0.,0.,1.));
#459=IFCEXTRUDEDAREASOLID(#455,#457,#458,2.5);
#460=IFCSTYLEDITEM(#459,(#32),$);
#461=IFCCARTESIANPOINT((10.5633898305085,8.4));
#462=IFCAXIS2PLACEMENT2D(#461,$);
#463=IFCRECTANGLEPROFILEDEF(.AREA.,$,#462,0.08,4.);
#464=IFCCARTESIANPOINT((0.,0.,0.1));
#465=IFCAXIS2PLACEMENT3D(#464,$,$);
#466=IFCDIRECTION((0.,0.,1.));
#467=IFCEXTRUDEDAREASOLID(#463,#465,#466,2.5);
#468=IFCSTYLEDITEM(#467,(#32),$);
#469=IFCBUILDINGELEMENTPROXY('1S5LotnQT35vQTJ8vov$ZX',$,'ARDI','Stand expozitional generic - ARDI',$,#479,#474,$,$);
#473=IFCSHAPEREPRESENTATION(#11,'Body','SweptSolid',(#443,#451,#459,#467));
#474=IFCPRODUCTDEFINITIONSHAPE($,$,(#473));
#475=IFCCARTESIANPOINT((113.477966101695,42.8203389830508,0.));
#476=IFCDIRECTION((0.,0.,1.));
#477=IFCDIRECTION((1.,0.,0.));
#478=IFCAXIS2PLACEMENT3D(#475,#476,#477);
#479=IFCLOCALPLACEMENT(#26,#478);
#480=IFCPROPERTYSET('3uOGYvOKTFSe0$ywQwhpzp',$,'NZEB_ExhibitorInfo',$,(#482,#483,#484,#485,#486,#487,#488,#489));
#481=IFCRELDEFINESBYPROPERTIES('1AmImwB$z4FB0jsFSNHw_H',$,$,$,(#469),#480);
#482=IFCPROPERTYSINGLEVALUE('CompanyName',$,IFCLABEL('ARDI'),$);
#483=IFCPROPERTYSINGLEVALUE('StandNumber',$,IFCLABEL(''),$);
#484=IFCPROPERTYSINGLEVALUE('Zone',$,IFCLABEL('ZONA 2'),$);
#485=IFCPROPERTYSINGLEVALUE('AreaSqm',$,IFCREAL(110.3),$);
#486=IFCPROPERTYSINGLEVALUE('Category',$,IFCLABEL('Produse si servicii pentru constructii (general)'),$);
#487=IFCPROPERTYSINGLEVALUE('CategoryCode',$,IFCLABEL('C99'),$);
#488=IFCPROPERTYSINGLEVALUE('Indoor',$,IFCBOOLEAN(.T.),$);
#489=IFCPROPERTYSINGLEVALUE('Event',$,IFCLABEL('NZEB Expo Bucuresti 2026'),$);
#490=IFCCARTESIANPOINT((3.55254237288136,2.02033898305085));
#491=IFCAXIS2PLACEMENT2D(#490,$);
#492=IFCRECTANGLEPROFILEDEF(.AREA.,$,#491,7.10508474576271,4.0406779661017);
#493=IFCCARTESIANPOINT((0.,0.,0.));
#494=IFCAXIS2PLACEMENT3D(#493,$,$);
#495=IFCDIRECTION((0.,0.,1.));
#496=IFCEXTRUDEDAREASOLID(#492,#494,#495,0.1);
#497=IFCSTYLEDITEM(#496,(#101),$);
#498=IFCCARTESIANPOINT((3.55254237288136,4.0006779661017));
#499=IFCAXIS2PLACEMENT2D(#498,$);
#500=IFCRECTANGLEPROFILEDEF(.AREA.,$,#499,7.10508474576271,0.08);
#501=IFCCARTESIANPOINT((0.,0.,0.1));
#502=IFCAXIS2PLACEMENT3D(#501,$,$);
#503=IFCDIRECTION((0.,0.,1.));
#504=IFCEXTRUDEDAREASOLID(#500,#502,#503,2.5);
#505=IFCSTYLEDITEM(#504,(#32),$);
#506=IFCCARTESIANPOINT((0.04,2.82847457627119));
#507=IFCAXIS2PLACEMENT2D(#506,$);
#508=IFCRECTANGLEPROFILEDEF(.AREA.,$,#507,0.08,2.42440677966102);
#509=IFCCARTESIANPOINT((0.,0.,0.1));
#510=IFCAXIS2PLACEMENT3D(#509,$,$);
#511=IFCDIRECTION((0.,0.,1.));
#512=IFCEXTRUDEDAREASOLID(#508,#510,#511,2.5);
#513=IFCSTYLEDITEM(#512,(#32),$);
#514=IFCCARTESIANPOINT((7.06508474576271,2.82847457627119));
#515=IFCAXIS2PLACEMENT2D(#514,$);
#516=IFCRECTANGLEPROFILEDEF(.AREA.,$,#515,0.08,2.42440677966102);
#517=IFCCARTESIANPOINT((0.,0.,0.1));
#518=IFCAXIS2PLACEMENT3D(#517,$,$);
#519=IFCDIRECTION((0.,0.,1.));
#520=IFCEXTRUDEDAREASOLID(#516,#518,#519,2.5);
#521=IFCSTYLEDITEM(#520,(#32),$);
#522=IFCBUILDINGELEMENTPROXY('20qdrsdOvDohkGQKZ5HOOK',$,'B8 - MEXI','Stand expozitional generic - MEXI',$,#532,#527,$,$);
#526=IFCSHAPEREPRESENTATION(#11,'Body','SweptSolid',(#496,#504,#512,#520));
#527=IFCPRODUCTDEFINITIONSHAPE($,$,(#526));
#528=IFCCARTESIANPOINT((159.769491525424,35.7423728813559,0.));
#529=IFCDIRECTION((0.,0.,1.));
#530=IFCDIRECTION((1.,0.,0.));
#531=IFCAXIS2PLACEMENT3D(#528,#529,#530);
#532=IFCLOCALPLACEMENT(#26,#531);
#533=IFCPROPERTYSET('0AWgxLnCz2cAQ32UhhWdx$',$,'NZEB_ExhibitorInfo',$,(#535,#536,#537,#538,#539,#540,#541,#542));
#534=IFCRELDEFINESBYPROPERTIES('3S21Xn6QHD4wdw3CVC2_Tj',$,$,$,(#522),#533);
#535=IFCPROPERTYSINGLEVALUE('CompanyName',$,IFCLABEL('MEXI'),$);
#536=IFCPROPERTYSINGLEVALUE('StandNumber',$,IFCLABEL('B8'),$);
#537=IFCPROPERTYSINGLEVALUE('Zone',$,IFCLABEL('ZONA 6'),$);
#538=IFCPROPERTYSINGLEVALUE('AreaSqm',$,IFCREAL(28.7),$);
#539=IFCPROPERTYSINGLEVALUE('Category',$,IFCLABEL('Ferestre, usi, fatade si tamplarie'),$);
#540=IFCPROPERTYSINGLEVALUE('CategoryCode',$,IFCLABEL('C02'),$);
#541=IFCPROPERTYSINGLEVALUE('Indoor',$,IFCBOOLEAN(.T.),$);
#542=IFCPROPERTYSINGLEVALUE('Event',$,IFCLABEL('NZEB Expo Bucuresti 2026'),$);
#543=IFCCARTESIANPOINT((3.52542372881356,3.55254237288136));
#544=IFCAXIS2PLACEMENT2D(#543,$);
#545=IFCRECTANGLEPROFILEDEF(.AREA.,$,#544,7.05084745762712,7.10508474576271);
#546=IFCCARTESIANPOINT((0.,0.,0.));
#547=IFCAXIS2PLACEMENT3D(#546,$,$);
#548=IFCDIRECTION((0.,0.,1.));
#549=IFCEXTRUDEDAREASOLID(#545,#547,#548,0.1);
#550=IFCSTYLEDITEM(#549,(#98),$);
#551=IFCCARTESIANPOINT((3.52542372881356,7.06508474576271));
#552=IFCAXIS2PLACEMENT2D(#551,$);
#553=IFCRECTANGLEPROFILEDEF(.AREA.,$,#552,7.05084745762712,0.08);
#554=IFCCARTESIANPOINT((0.,0.,0.1));
#555=IFCAXIS2PLACEMENT3D(#554,$,$);
#556=IFCDIRECTION((0.,0.,1.));
#557=IFCEXTRUDEDAREASOLID(#553,#555,#556,2.5);
#558=IFCSTYLEDITEM(#557,(#32),$);
#559=IFCCARTESIANPOINT((0.04,5.10508474576271));
#560=IFCAXIS2PLACEMENT2D(#559,$);
#561=IFCRECTANGLEPROFILEDEF(.AREA.,$,#560,0.08,4.);
#562=IFCCARTESIANPOINT((0.,0.,0.1));
#563=IFCAXIS2PLACEMENT3D(#562,$,$);
#564=IFCDIRECTION((0.,0.,1.));
#565=IFCEXTRUDEDAREASOLID(#561,#563,#564,2.5);
#566=IFCSTYLEDITEM(#565,(#32),$);
#567=IFCCARTESIANPOINT((7.01084745762712,5.10508474576271));
#568=IFCAXIS2PLACEMENT2D(#567,$);
#569=IFCRECTANGLEPROFILEDEF(.AREA.,$,#568,0.08,4.);
#570=IFCCARTESIANPOINT((0.,0.,0.1));
#571=IFCAXIS2PLACEMENT3D(#570,$,$);
#572=IFCDIRECTION((0.,0.,1.));
#573=IFCEXTRUDEDAREASOLID(#569,#571,#572,2.5);
#574=IFCSTYLEDITEM(#573,(#32),$);
#575=IFCBUILDINGELEMENTPROXY('1djeMPL5995gusnUzAfnOJ',$,'F1 - CLIMATICO','Stand expozitional generic - CLIMATICO',$,#585,#580,$,$);
#579=IFCSHAPEREPRESENTATION(#11,'Body','SweptSolid',(#549,#557,#565,#573));
#580=IFCPRODUCTDEFINITIONSHAPE($,$,(#579));
#581=IFCCARTESIANPOINT((101.762711864407,10.7118644067797,0.));
#582=IFCDIRECTION((0.,0.,1.));
#583=IFCDIRECTION((1.,0.,0.));
#584=IFCAXIS2PLACEMENT3D(#581,#582,#583);
#585=IFCLOCALPLACEMENT(#26,#584);
#586=IFCPROPERTYSET('2hFl10Bjn9lwYHiBYdG1Hl',$,'NZEB_ExhibitorInfo',$,(#588,#589,#590,#591,#592,#593,#594,#595));
#587=IFCRELDEFINESBYPROPERTIES('1xGQt$pL53qu3n7j4b0t$a',$,$,$,(#575),#586);
#588=IFCPROPERTYSINGLEVALUE('CompanyName',$,IFCLABEL('CLIMATICO'),$);
#589=IFCPROPERTYSINGLEVALUE('StandNumber',$,IFCLABEL('F1'),$);
#590=IFCPROPERTYSINGLEVALUE('Zone',$,IFCLABEL('ZONA 5'),$);
#591=IFCPROPERTYSINGLEVALUE('AreaSqm',$,IFCREAL(50.1),$);
#592=IFCPROPERTYSINGLEVALUE('Category',$,IFCLABEL('HVAC, incalzire, ventilatie si instalatii'),$);
#593=IFCPROPERTYSINGLEVALUE('CategoryCode',$,IFCLABEL('C03'),$);
#594=IFCPROPERTYSINGLEVALUE('Indoor',$,IFCBOOLEAN(.T.),$);
#595=IFCPROPERTYSINGLEVALUE('Event',$,IFCLABEL('NZEB Expo Bucuresti 2026'),$);
#596=IFCCARTESIANPOINT((3.04406779661017,1.51864406779661));
#597=IFCAXIS2PLACEMENT2D(#596,$);
#598=IFCRECTANGLEPROFILEDEF(.AREA.,$,#597,6.08813559322034,3.03728813559322);
#599=IFCCARTESIANPOINT((0.,0.,0.));
#600=IFCAXIS2PLACEMENT3D(#599,$,$);
#601=IFCDIRECTION((0.,0.,1.));
#602=IFCEXTRUDEDAREASOLID(#598,#600,#601,0.1);
#603=IFCSTYLEDITEM(#602,(#101),$);
#604=IFCCARTESIANPOINT((3.04406779661017,2.99728813559322));
#605=IFCAXIS2PLACEMENT2D(#604,$);
#606=IFCRECTANGLEPROFILEDEF(.AREA.,$,#605,6.08813559322034,0.08);
#607=IFCCARTESIANPOINT((0.,0.,0.1));
#608=IFCAXIS2PLACEMENT3D(#607,$,$);
#609=IFCDIRECTION((0.,0.,1.));
#610=IFCEXTRUDEDAREASOLID(#606,#608,#609,2.5);
#611=IFCSTYLEDITEM(#610,(#32),$);
#612=IFCCARTESIANPOINT((0.04,2.12610169491525));
#613=IFCAXIS2PLACEMENT2D(#612,$);
#614=IFCRECTANGLEPROFILEDEF(.AREA.,$,#613,0.08,1.82237288135593);
#615=IFCCARTESIANPOINT((0.,0.,0.1));
#616=IFCAXIS2PLACEMENT3D(#615,$,$);
#617=IFCDIRECTION((0.,0.,1.));
#618=IFCEXTRUDEDAREASOLID(#614,#616,#617,2.5);
#619=IFCSTYLEDITEM(#618,(#32),$);
#620=IFCCARTESIANPOINT((6.04813559322034,2.12610169491525));
#621=IFCAXIS2PLACEMENT2D(#620,$);
#622=IFCRECTANGLEPROFILEDEF(.AREA.,$,#621,0.08,1.82237288135593);
#623=IFCCARTESIANPOINT((0.,0.,0.1));
#624=IFCAXIS2PLACEMENT3D(#623,$,$);
#625=IFCDIRECTION((0.,0.,1.));
#626=IFCEXTRUDEDAREASOLID(#622,#624,#625,2.5);
#627=IFCSTYLEDITEM(#626,(#32),$);
#628=IFCBUILDINGELEMENTPROXY('180xw0GuL2889UdtQ_3$fh',$,'M3 - SKYLUX CONSTRUCTION','Stand expozitional generic - SKYLUX CONSTRUCTION',$,#638,#633,$,$);
#632=IFCSHAPEREPRESENTATION(#11,'Body','SweptSolid',(#602,#610,#618,#626));
#633=IFCPRODUCTDEFINITIONSHAPE($,$,(#632));
#634=IFCCARTESIANPOINT((135.322033898305,3.63389830508475,0.));
#635=IFCDIRECTION((0.,0.,1.));
#636=IFCDIRECTION((1.,0.,0.));
#637=IFCAXIS2PLACEMENT3D(#634,#635,#636);
#638=IFCLOCALPLACEMENT(#26,#637);
#639=IFCPROPERTYSET('0c2vEdQwb8BxZZueuH9ZNy',$,'NZEB_ExhibitorInfo',$,(#641,#642,#643,#644,#645,#646,#647,#648,#649));
#640=IFCRELDEFINESBYPROPERTIES('2JIu9$nb92XfPViwZATX9L',$,$,$,(#628),#639);
#641=IFCPROPERTYSINGLEVALUE('CompanyName',$,IFCLABEL('SKYLUX CONSTRUCTION'),$);
#642=IFCPROPERTYSINGLEVALUE('StandNumber',$,IFCLABEL('M3'),$);
#643=IFCPROPERTYSINGLEVALUE('Zone',$,IFCLABEL('ZONA 6'),$);
#644=IFCPROPERTYSINGLEVALUE('AreaSqm',$,IFCREAL(18.5),$);
#645=IFCPROPERTYSINGLEVALUE('Category',$,IFCLABEL('Acoperisuri si hidroizolatii'),$);
#646=IFCPROPERTYSINGLEVALUE('CategoryCode',$,IFCLABEL('C04'),$);
#647=IFCPROPERTYSINGLEVALUE('Indoor',$,IFCBOOLEAN(.T.),$);
#648=IFCPROPERTYSINGLEVALUE('Event',$,IFCLABEL('NZEB Expo Bucuresti 2026'),$);
#649=IFCPROPERTYSINGLEVALUE('Website',$,IFCLABEL('https://www.skylux.be'),$);
#650=IFCCARTESIANPOINT((6.0271186440678,1.51864406779661));
#651=IFCAXIS2PLACEMENT2D(#650,$);
#652=IFCRECTANGLEPROFILEDEF(.AREA.,$,#651,12.0542372881356,3.03728813559322);
#653=IFCCARTESIANPOINT((0.,0.,0.));
#654=IFCAXIS2PLACEMENT3D(#653,$,$);
#655=IFCDIRECTION((0.,0.,1.));
#656=IFCEXTRUDEDAREASOLID(#652,#654,#655,0.1);
#657=IFCSTYLEDITEM(#656,(#101),$);
#658=IFCCARTESIANPOINT((6.0271186440678,2.99728813559322));
#659=IFCAXIS2PLACEMENT2D(#658,$);
#660=IFCRECTANGLEPROFILEDEF(.AREA.,$,#659,12.0542372881356,0.08);
#661=IFCCARTESIANPOINT((0.,0.,0.1));
#662=IFCAXIS2PLACEMENT3D(#661,$,$);
#663=IFCDIRECTION((0.,0.,1.));
#664=IFCEXTRUDEDAREASOLID(#660,#662,#663,2.5);
#665=IFCSTYLEDITEM(#664,(#32),$);
#666=IFCCARTESIANPOINT((0.04,2.12610169491525));
#667=IFCAXIS2PLACEMENT2D(#666,$);
#668=IFCRECTANGLEPROFILEDEF(.AREA.,$,#667,0.08,1.82237288135593);
#669=IFCCARTESIANPOINT((0.,0.,0.1));
#670=IFCAXIS2PLACEMENT3D(#669,$,$);
#671=IFCDIRECTION((0.,0.,1.));
#672=IFCEXTRUDEDAREASOLID(#668,#670,#671,2.5);
#673=IFCSTYLEDITEM(#672,(#32),$);
#674=IFCCARTESIANPOINT((12.0142372881356,2.12610169491525));
#675=IFCAXIS2PLACEMENT2D(#674,$);
#676=IFCRECTANGLEPROFILEDEF(.AREA.,$,#675,0.08,1.82237288135593);
#677=IFCCARTESIANPOINT((0.,0.,0.1));
#678=IFCAXIS2PLACEMENT3D(#677,$,$);
#679=IFCDIRECTION((0.,0.,1.));
#680=IFCEXTRUDEDAREASOLID(#676,#678,#679,2.5);
#681=IFCSTYLEDITEM(#680,(#32),$);
#682=IFCBUILDINGELEMENTPROXY('3f9sD$pxvCHg5ZpazIZ3Om',$,'M2 - SMART CLIMA','Stand expozitional generic - SMART CLIMA',$,#692,#687,$,$);
#686=IFCSHAPEREPRESENTATION(#11,'Body','SweptSolid',(#656,#664,#672,#680));
#687=IFCPRODUCTDEFINITIONSHAPE($,$,(#686));
#688=IFCCARTESIANPOINT((148.501694915254,3.63389830508475,0.));
#689=IFCDIRECTION((0.,0.,1.));
#690=IFCDIRECTION((1.,0.,0.));
#691=IFCAXIS2PLACEMENT3D(#688,#689,#690);
#692=IFCLOCALPLACEMENT(#26,#691);
#693=IFCPROPERTYSET('0gnuRnJCfBlQqyyu1g4SkA',$,'NZEB_ExhibitorInfo',$,(#695,#696,#697,#698,#699,#700,#701,#702));
#694=IFCRELDEFINESBYPROPERTIES('1doRtbHDL5igjm16UjS5Uh',$,$,$,(#682),#693);
#695=IFCPROPERTYSINGLEVALUE('CompanyName',$,IFCLABEL('SMART CLIMA'),$);
#696=IFCPROPERTYSINGLEVALUE('StandNumber',$,IFCLABEL('M2'),$);
#697=IFCPROPERTYSINGLEVALUE('Zone',$,IFCLABEL('ZONA 6'),$);
#698=IFCPROPERTYSINGLEVALUE('AreaSqm',$,IFCREAL(36.6),$);
#699=IFCPROPERTYSINGLEVALUE('Category',$,IFCLABEL('HVAC, incalzire, ventilatie si instalatii'),$);
#700=IFCPROPERTYSINGLEVALUE('CategoryCode',$,IFCLABEL('C03'),$);
#701=IFCPROPERTYSINGLEVALUE('Indoor',$,IFCBOOLEAN(.T.),$);
#702=IFCPROPERTYSINGLEVALUE('Event',$,IFCLABEL('NZEB Expo Bucuresti 2026'),$);
#703=IFCCARTESIANPOINT((2.53559322033898,1.51864406779661));
#704=IFCAXIS2PLACEMENT2D(#703,$);
#705=IFCRECTANGLEPROFILEDEF(.AREA.,$,#704,5.07118644067797,3.03728813559322);
#706=IFCCARTESIANPOINT((0.,0.,0.));
#707=IFCAXIS2PLACEMENT3D(#706,$,$);
#708=IFCDIRECTION((0.,0.,1.));
#709=IFCEXTRUDEDAREASOLID(#705,#707,#708,0.1);
#710=IFCSTYLEDITEM(#709,(#98),$);
#711=IFCCARTESIANPOINT((2.53559322033898,2.99728813559322));
#712=IFCAXIS2PLACEMENT2D(#711,$);
#713=IFCRECTANGLEPROFILEDEF(.AREA.,$,#712,5.07118644067797,0.08);
#714=IFCCARTESIANPOINT((0.,0.,0.1));
#715=IFCAXIS2PLACEMENT3D(#714,$,$);
#716=IFCDIRECTION((0.,0.,1.));
#717=IFCEXTRUDEDAREASOLID(#713,#715,#716,2.5);
#718=IFCSTYLEDITEM(#717,(#32),$);
#719=IFCCARTESIANPOINT((0.04,2.12610169491525));
#720=IFCAXIS2PLACEMENT2D(#719,$);
#721=IFCRECTANGLEPROFILEDEF(.AREA.,$,#720,0.08,1.82237288135593);
#722=IFCCARTESIANPOINT((0.,0.,0.1));
#723=IFCAXIS2PLACEMENT3D(#722,$,$);
#724=IFCDIRECTION((0.,0.,1.));
#725=IFCEXTRUDEDAREASOLID(#721,#723,#724,2.5);
#726=IFCSTYLEDITEM(#725,(#32),$);
#727=IFCCARTESIANPOINT((5.03118644067797,2.12610169491525));
#728=IFCAXIS2PLACEMENT2D(#727,$);
#729=IFCRECTANGLEPROFILEDEF(.AREA.,$,#728,0.08,1.82237288135593);
#730=IFCCARTESIANPOINT((0.,0.,0.1));
#731=IFCAXIS2PLACEMENT3D(#730,$,$);
#732=IFCDIRECTION((0.,0.,1.));
#733=IFCEXTRUDEDAREASOLID(#729,#731,#732,2.5);
#734=IFCSTYLEDITEM(#733,(#32),$);
#735=IFCBUILDINGELEMENTPROXY('2JztMBnnr7DOY8yNs1MYA5',$,'M4 - DIPET MITSUBISHI ELECTRIC','Stand expozitional generic - DIPET MITSUBISHI ELECTRIC',$,#745,#740,$,$);
#739=IFCSHAPEREPRESENTATION(#11,'Body','SweptSolid',(#709,#717,#725,#733));
#740=IFCPRODUCTDEFINITIONSHAPE($,$,(#739));
#741=IFCCARTESIANPOINT((130.250847457627,3.63389830508475,0.));
#742=IFCDIRECTION((0.,0.,1.));
#743=IFCDIRECTION((1.,0.,0.));
#744=IFCAXIS2PLACEMENT3D(#741,#742,#743);
#745=IFCLOCALPLACEMENT(#26,#744);
#746=IFCPROPERTYSET('3vJLwKoIz75BF9nFJzCKqi',$,'NZEB_ExhibitorInfo',$,(#748,#749,#750,#751,#752,#753,#754,#755));
#747=IFCRELDEFINESBYPROPERTIES('0Q8vw3rln2ZgJgsxCgMMQb',$,$,$,(#735),#746);
#748=IFCPROPERTYSINGLEVALUE('CompanyName',$,IFCLABEL('DIPET MITSUBISHI ELECTRIC'),$);
#749=IFCPROPERTYSINGLEVALUE('StandNumber',$,IFCLABEL('M4'),$);
#750=IFCPROPERTYSINGLEVALUE('Zone',$,IFCLABEL('ZONA 5'),$);
#751=IFCPROPERTYSINGLEVALUE('AreaSqm',$,IFCREAL(15.4),$);
#752=IFCPROPERTYSINGLEVALUE('Category',$,IFCLABEL('HVAC, incalzire, ventilatie si instalatii'),$);
#753=IFCPROPERTYSINGLEVALUE('CategoryCode',$,IFCLABEL('C03'),$);
#754=IFCPROPERTYSINGLEVALUE('Indoor',$,IFCBOOLEAN(.T.),$);
#755=IFCPROPERTYSINGLEVALUE('Event',$,IFCLABEL('NZEB Expo Bucuresti 2026'),$);
#756=IFCCARTESIANPOINT((3.04406779661017,2.53559322033898));
#757=IFCAXIS2PLACEMENT2D(#756,$);
#758=IFCRECTANGLEPROFILEDEF(.AREA.,$,#757,6.08813559322034,5.07118644067797);
#759=IFCCARTESIANPOINT((0.,0.,0.));
#760=IFCAXIS2PLACEMENT3D(#759,$,$);
#761=IFCDIRECTION((0.,0.,1.));
#762=IFCEXTRUDEDAREASOLID(#758,#760,#761,0.1);
#763=IFCSTYLEDITEM(#762,(#101),$);
#764=IFCCARTESIANPOINT((3.04406779661017,5.03118644067797));
#765=IFCAXIS2PLACEMENT2D(#764,$);
#766=IFCRECTANGLEPROFILEDEF(.AREA.,$,#765,6.08813559322034,0.08);
#767=IFCCARTESIANPOINT((0.,0.,0.1));
#768=IFCAXIS2PLACEMENT3D(#767,$,$);
#769=IFCDIRECTION((0.,0.,1.));
#770=IFCEXTRUDEDAREASOLID(#766,#768,#769,2.5);
#771=IFCSTYLEDITEM(#770,(#32),$);
#772=IFCCARTESIANPOINT((0.04,3.54983050847458));
#773=IFCAXIS2PLACEMENT2D(#772,$);
#774=IFCRECTANGLEPROFILEDEF(.AREA.,$,#773,0.08,3.04271186440678);
#775=IFCCARTESIANPOINT((0.,0.,0.1));
#776=IFCAXIS2PLACEMENT3D(#775,$,$);
#777=IFCDIRECTION((0.,0.,1.));
#778=IFCEXTRUDEDAREASOLID(#774,#776,#777,2.5);
#779=IFCSTYLEDITEM(#778,(#32),$);
#780=IFCCARTESIANPOINT((6.04813559322034,3.54983050847458));
#781=IFCAXIS2PLACEMENT2D(#780,$);
#782=IFCRECTANGLEPROFILEDEF(.AREA.,$,#781,0.08,3.04271186440678);
#783=IFCCARTESIANPOINT((0.,0.,0.1));
#784=IFCAXIS2PLACEMENT3D(#783,$,$);
#785=IFCDIRECTION((0.,0.,1.));
#786=IFCEXTRUDEDAREASOLID(#782,#784,#785,2.5);
#787=IFCSTYLEDITEM(#786,(#32),$);
#788=IFCBUILDINGELEMENTPROXY('3DmRuRPKL4pO7vqYS83smZ',$,'M1 - MC BAUCHIMIE','Stand expozitional generic - MC BAUCHIMIE',$,#798,#793,$,$);
#792=IFCSHAPEREPRESENTATION(#11,'Body','SweptSolid',(#762,#770,#778,#786));
#793=IFCPRODUCTDEFINITIONSHAPE($,$,(#792));
#794=IFCCARTESIANPOINT((160.55593220339,1.60000000000001,0.));
#795=IFCDIRECTION((0.,0.,1.));
#796=IFCDIRECTION((1.,0.,0.));
#797=IFCAXIS2PLACEMENT3D(#794,#795,#796);
#798=IFCLOCALPLACEMENT(#26,#797);
#799=IFCPROPERTYSET('08BX2WDDPDOw5bwvCVe4OM',$,'NZEB_ExhibitorInfo',$,(#801,#802,#803,#804,#805,#806,#807,#808,#809));
#800=IFCRELDEFINESBYPROPERTIES('1_1p28Ia58zQ3bvWO_GI4$',$,$,$,(#788),#799);
#801=IFCPROPERTYSINGLEVALUE('CompanyName',$,IFCLABEL('MC BAUCHIMIE'),$);
#802=IFCPROPERTYSINGLEVALUE('StandNumber',$,IFCLABEL('M1'),$);
#803=IFCPROPERTYSINGLEVALUE('Zone',$,IFCLABEL('ZONA 6'),$);
#804=IFCPROPERTYSINGLEVALUE('AreaSqm',$,IFCREAL(30.9),$);
#805=IFCPROPERTYSINGLEVALUE('Category',$,IFCLABEL('Chimie pentru constructii (adezivi, spume, etansari)'),$);
#806=IFCPROPERTYSINGLEVALUE('CategoryCode',$,IFCLABEL('C06'),$);
#807=IFCPROPERTYSINGLEVALUE('Indoor',$,IFCBOOLEAN(.T.),$);
#808=IFCPROPERTYSINGLEVALUE('Event',$,IFCLABEL('NZEB Expo Bucuresti 2026'),$);
#809=IFCPROPERTYSINGLEVALUE('Website',$,IFCLABEL('https://www.mc-bauchemie.com'),$);
#810=IFCCARTESIANPOINT((2.0406779661017,1.51864406779661));
#811=IFCAXIS2PLACEMENT2D(#810,$);
#812=IFCRECTANGLEPROFILEDEF(.AREA.,$,#811,4.08135593220339,3.03728813559322);
#813=IFCCARTESIANPOINT((0.,0.,0.));
#814=IFCAXIS2PLACEMENT3D(#813,$,$);
#815=IFCDIRECTION((0.,0.,1.));
#816=IFCEXTRUDEDAREASOLID(#812,#814,#815,0.1);
#817=IFCSTYLEDITEM(#816,(#95),$);
#818=IFCCARTESIANPOINT((2.0406779661017,2.99728813559322));
#819=IFCAXIS2PLACEMENT2D(#818,$);
#820=IFCRECTANGLEPROFILEDEF(.AREA.,$,#819,4.08135593220339,0.08);
#821=IFCCARTESIANPOINT((0.,0.,0.1));
#822=IFCAXIS2PLACEMENT3D(#821,$,$);
#823=IFCDIRECTION((0.,0.,1.));
#824=IFCEXTRUDEDAREASOLID(#820,#822,#823,2.5);
#825=IFCSTYLEDITEM(#824,(#32),$);
#826=IFCCARTESIANPOINT((0.04,2.12610169491525));
#827=IFCAXIS2PLACEMENT2D(#826,$);
#828=IFCRECTANGLEPROFILEDEF(.AREA.,$,#827,0.08,1.82237288135593);
#829=IFCCARTESIANPOINT((0.,0.,0.1));
#830=IFCAXIS2PLACEMENT3D(#829,$,$);
#831=IFCDIRECTION((0.,0.,1.));
#832=IFCEXTRUDEDAREASOLID(#828,#830,#831,2.5);
#833=IFCSTYLEDITEM(#832,(#32),$);
#834=IFCCARTESIANPOINT((4.04135593220339,2.12610169491525));
#835=IFCAXIS2PLACEMENT2D(#834,$);
#836=IFCRECTANGLEPROFILEDEF(.AREA.,$,#835,0.08,1.82237288135593);
#837=IFCCARTESIANPOINT((0.,0.,0.1));
#838=IFCAXIS2PLACEMENT3D(#837,$,$);
#839=IFCDIRECTION((0.,0.,1.));
#840=IFCEXTRUDEDAREASOLID(#836,#838,#839,2.5);
#841=IFCSTYLEDITEM(#840,(#32),$);
#842=IFCBUILDINGELEMENTPROXY('231bRTitz4QheQYlDihcWB',$,'M10 - BIKERS FOR HUMANITY','Stand expozitional generic - BIKERS FOR HUMANITY',$,#852,#847,$,$);
#846=IFCSHAPEREPRESENTATION(#11,'Body','SweptSolid',(#816,#824,#832,#840));
#847=IFCPRODUCTDEFINITIONSHAPE($,$,(#846));
#848=IFCCARTESIANPOINT((71.1457627118644,3.53898305084746,0.));
#849=IFCDIRECTION((0.,0.,1.));
#850=IFCDIRECTION((1.,0.,0.));
#851=IFCAXIS2PLACEMENT3D(#848,#849,#850);
#852=IFCLOCALPLACEMENT(#26,#851);
#853=IFCPROPERTYSET('2T4XXmmprBjBIFlUe_pANR',$,'NZEB_ExhibitorInfo',$,(#855,#856,#857,#858,#859,#860,#861,#862));
#854=IFCRELDEFINESBYPROPERTIES('2gvFp$Inf6Xv5Zafz8fxiJ',$,$,$,(#842),#853);
#855=IFCPROPERTYSINGLEVALUE('CompanyName',$,IFCLABEL('BIKERS FOR HUMANITY'),$);
#856=IFCPROPERTYSINGLEVALUE('StandNumber',$,IFCLABEL('M10'),$);
#857=IFCPROPERTYSINGLEVALUE('Zone',$,IFCLABEL('ZONA 4'),$);
#858=IFCPROPERTYSINGLEVALUE('AreaSqm',$,IFCREAL(12.4),$);
#859=IFCPROPERTYSINGLEVALUE('Category',$,IFCLABEL('Educatie, asociatii si ONG'),$);
#860=IFCPROPERTYSINGLEVALUE('CategoryCode',$,IFCLABEL('C13'),$);
#861=IFCPROPERTYSINGLEVALUE('Indoor',$,IFCBOOLEAN(.T.),$);
#862=IFCPROPERTYSINGLEVALUE('Event',$,IFCLABEL('NZEB Expo Bucuresti 2026'),$);
#863=IFCCARTESIANPOINT((22.0745762711864,2.95593220338983));
#864=IFCAXIS2PLACEMENT2D(#863,$);
#865=IFCRECTANGLEPROFILEDEF(.AREA.,$,#864,44.1491525423729,5.91186440677966);
#866=IFCCARTESIANPOINT((0.,0.,0.));
#867=IFCAXIS2PLACEMENT3D(#866,$,$);
#868=IFCDIRECTION((0.,0.,1.));
#869=IFCEXTRUDEDAREASOLID(#865,#867,#868,0.1);
#870=IFCSTYLEDITEM(#869,(#86),$);
#871=IFCCARTESIANPOINT((22.0745762711864,5.87186440677966));
#872=IFCAXIS2PLACEMENT2D(#871,$);
#873=IFCRECTANGLEPROFILEDEF(.AREA.,$,#872,44.1491525423729,0.08);
#874=IFCCARTESIANPOINT((0.,0.,0.1));
#875=IFCAXIS2PLACEMENT3D(#874,$,$);
#876=IFCDIRECTION((0.,0.,1.));
#877=IFCEXTRUDEDAREASOLID(#873,#875,#876,2.5);
#878=IFCSTYLEDITEM(#877,(#32),$);
#879=IFCCARTESIANPOINT((0.04,4.13830508474576));
#880=IFCAXIS2PLACEMENT2D(#879,$);
#881=IFCRECTANGLEPROFILEDEF(.AREA.,$,#880,0.08,3.5471186440678);
#882=IFCCARTESIANPOINT((0.,0.,0.1));
#883=IFCAXIS2PLACEMENT3D(#882,$,$);
#884=IFCDIRECTION((0.,0.,1.));
#885=IFCEXTRUDEDAREASOLID(#881,#883,#884,2.5);
#886=IFCSTYLEDITEM(#885,(#32),$);
#887=IFCCARTESIANPOINT((44.1091525423729,4.13830508474576));
#888=IFCAXIS2PLACEMENT2D(#887,$);
#889=IFCRECTANGLEPROFILEDEF(.AREA.,$,#888,0.08,3.5471186440678);
#890=IFCCARTESIANPOINT((0.,0.,0.1));
#891=IFCAXIS2PLACEMENT3D(#890,$,$);
#892=IFCDIRECTION((0.,0.,1.));
#893=IFCEXTRUDEDAREASOLID(#889,#891,#892,2.5);
#894=IFCSTYLEDITEM(#893,(#32),$);
#895=IFCBUILDINGELEMENTPROXY('3g5HxSsq98YxYDjP_jRcuF',$,'BOSCH GROUP - PRO TOUR TRUCK','Stand expozitional generic - BOSCH GROUP - PRO TOUR TRUCK',$,#905,#900,$,$);
#899=IFCSHAPEREPRESENTATION(#11,'Body','SweptSolid',(#869,#877,#885,#893));
#900=IFCPRODUCTDEFINITIONSHAPE($,$,(#899));
#901=IFCCARTESIANPOINT((24.0677966101695,78.8745762711864,0.));
#902=IFCDIRECTION((0.,0.,1.));
#903=IFCDIRECTION((1.,0.,0.));
#904=IFCAXIS2PLACEMENT3D(#901,#902,#903);
#905=IFCLOCALPLACEMENT(#26,#904);
#906=IFCPROPERTYSET('2JPII84Qr8E8dtEcdVI8A1',$,'NZEB_ExhibitorInfo',$,(#908,#909,#910,#911,#912,#913,#914,#915,#916));
#907=IFCRELDEFINESBYPROPERTIES('0OlAuNRlLE7wKsmXVw4C4M',$,$,$,(#895),#906);
#908=IFCPROPERTYSINGLEVALUE('CompanyName',$,IFCLABEL('BOSCH GROUP - PRO TOUR TRUCK'),$);
#909=IFCPROPERTYSINGLEVALUE('StandNumber',$,IFCLABEL(''),$);
#910=IFCPROPERTYSINGLEVALUE('Zone',$,IFCLABEL('ZONA 1'),$);
#911=IFCPROPERTYSINGLEVALUE('AreaSqm',$,IFCREAL(261.),$);
#912=IFCPROPERTYSINGLEVALUE('Category',$,IFCLABEL('Scule, unelte, fixari si echipamente de masura'),$);
#913=IFCPROPERTYSINGLEVALUE('CategoryCode',$,IFCLABEL('C07'),$);
#914=IFCPROPERTYSINGLEVALUE('Indoor',$,IFCBOOLEAN(.T.),$);
#915=IFCPROPERTYSINGLEVALUE('Event',$,IFCLABEL('NZEB Expo Bucuresti 2026'),$);
#916=IFCPROPERTYSINGLEVALUE('Website',$,IFCLABEL('https://www.bosch.ro'),$);
#917=IFCCARTESIANPOINT((6.58983050847458,2.93559322033898));
#918=IFCAXIS2PLACEMENT2D(#917,$);
#919=IFCRECTANGLEPROFILEDEF(.AREA.,$,#918,13.1796610169492,5.87118644067797);
#920=IFCCARTESIANPOINT((0.,0.,0.));
#921=IFCAXIS2PLACEMENT3D(#920,$,$);
#922=IFCDIRECTION((0.,0.,1.));
#923=IFCEXTRUDEDAREASOLID(#919,#921,#922,0.1);
#924=IFCSTYLEDITEM(#923,(#89),$);
#925=IFCCARTESIANPOINT((6.58983050847458,5.83118644067797));
#926=IFCAXIS2PLACEMENT2D(#925,$);
#927=IFCRECTANGLEPROFILEDEF(.AREA.,$,#926,13.1796610169492,0.08);
#928=IFCCARTESIANPOINT((0.,0.,0.1));
#929=IFCAXIS2PLACEMENT3D(#928,$,$);
#930=IFCDIRECTION((0.,0.,1.));
#931=IFCEXTRUDEDAREASOLID(#927,#929,#930,2.5);
#932=IFCSTYLEDITEM(#931,(#32),$);
#933=IFCCARTESIANPOINT((0.04,4.10983050847458));
#934=IFCAXIS2PLACEMENT2D(#933,$);
#935=IFCRECTANGLEPROFILEDEF(.AREA.,$,#934,0.08,3.52271186440678);
#936=IFCCARTESIANPOINT((0.,0.,0.1));
#937=IFCAXIS2PLACEMENT3D(#936,$,$);
#938=IFCDIRECTION((0.,0.,1.));
#939=IFCEXTRUDEDAREASOLID(#935,#937,#938,2.5);
#940=IFCSTYLEDITEM(#939,(#32),$);
#941=IFCCARTESIANPOINT((13.1396610169492,4.10983050847458));
#942=IFCAXIS2PLACEMENT2D(#941,$);
#943=IFCRECTANGLEPROFILEDEF(.AREA.,$,#942,0.08,3.52271186440678);
#944=IFCCARTESIANPOINT((0.,0.,0.1));
#945=IFCAXIS2PLACEMENT3D(#944,$,$);
#946=IFCDIRECTION((0.,0.,1.));
#947=IFCEXTRUDEDAREASOLID(#943,#945,#946,2.5);
#948=IFCSTYLEDITEM(#947,(#32),$);
#949=IFCBUILDINGELEMENTPROXY('0a04$BI0r8LwiagmFWwGrU',$,'N10 - MESSENBURG','Stand expozitional generic - MESSENBURG',$,#959,#954,$,$);
#953=IFCSHAPEREPRESENTATION(#11,'Body','SweptSolid',(#923,#931,#939,#947));
#954=IFCPRODUCTDEFINITIONSHAPE($,$,(#953));
#955=IFCCARTESIANPOINT((92.7593220338983,78.9152542372882,0.));
#956=IFCDIRECTION((0.,0.,1.));
#957=IFCDIRECTION((1.,0.,0.));
#958=IFCAXIS2PLACEMENT3D(#955,#956,#957);
#959=IFCLOCALPLACEMENT(#26,#958);
#960=IFCPROPERTYSET('2B97GeJCzFbRgkg4l7j4n2',$,'NZEB_ExhibitorInfo',$,(#962,#963,#964,#965,#966,#967,#968,#969));
#961=IFCRELDEFINESBYPROPERTIES('2apx2MB_f33O7lsVvcxadm',$,$,$,(#949),#960);
#962=IFCPROPERTYSINGLEVALUE('CompanyName',$,IFCLABEL('MESSENBURG'),$);
#963=IFCPROPERTYSINGLEVALUE('StandNumber',$,IFCLABEL('N10'),$);
#964=IFCPROPERTYSINGLEVALUE('Zone',$,IFCLABEL('ZONA 2'),$);
#965=IFCPROPERTYSINGLEVALUE('AreaSqm',$,IFCREAL(77.4),$);
#966=IFCPROPERTYSINGLEVALUE('Category',$,IFCLABEL('Produse si servicii pentru constructii (general)'),$);
#967=IFCPROPERTYSINGLEVALUE('CategoryCode',$,IFCLABEL('C99'),$);
#968=IFCPROPERTYSINGLEVALUE('Indoor',$,IFCBOOLEAN(.T.),$);
#969=IFCPROPERTYSINGLEVALUE('Event',$,IFCLABEL('NZEB Expo Bucuresti 2026'),$);
#970=IFCCARTESIANPOINT((1.01694915254237,2.48135593220339));
#971=IFCAXIS2PLACEMENT2D(#970,$);
#972=IFCRECTANGLEPROFILEDEF(.AREA.,$,#971,2.03389830508475,4.96271186440678);
#973=IFCCARTESIANPOINT((0.,0.,0.));
#974=IFCAXIS2PLACEMENT3D(#973,$,$);
#975=IFCDIRECTION((0.,0.,1.));
#976=IFCEXTRUDEDAREASOLID(#972,#974,#975,0.1);
#977=IFCSTYLEDITEM(#976,(#101),$);
#978=IFCCARTESIANPOINT((1.01694915254237,4.92271186440678));
#979=IFCAXIS2PLACEMENT2D(#978,$);
#980=IFCRECTANGLEPROFILEDEF(.AREA.,$,#979,2.03389830508475,0.08);
#981=IFCCARTESIANPOINT((0.,0.,0.1));
#982=IFCAXIS2PLACEMENT3D(#981,$,$);
#983=IFCDIRECTION((0.,0.,1.));
#984=IFCEXTRUDEDAREASOLID(#980,#982,#983,2.5);
#985=IFCSTYLEDITEM(#984,(#32),$);
#986=IFCCARTESIANPOINT((0.04,3.47389830508475));
#987=IFCAXIS2PLACEMENT2D(#986,$);
#988=IFCRECTANGLEPROFILEDEF(.AREA.,$,#987,0.08,2.97762711864407);
#989=IFCCARTESIANPOINT((0.,0.,0.1));
#990=IFCAXIS2PLACEMENT3D(#989,$,$);
#991=IFCDIRECTION((0.,0.,1.));
#992=IFCEXTRUDEDAREASOLID(#988,#990,#991,2.5);
#993=IFCSTYLEDITEM(#992,(#32),$);
#994=IFCCARTESIANPOINT((1.99389830508475,3.47389830508475));
#995=IFCAXIS2PLACEMENT2D(#994,$);
#996=IFCRECTANGLEPROFILEDEF(.AREA.,$,#995,0.08,2.97762711864407);
#997=IFCCARTESIANPOINT((0.,0.,0.1));
#998=IFCAXIS2PLACEMENT3D(#997,$,$);
#999=IFCDIRECTION((0.,0.,1.));
#1000=IFCEXTRUDEDAREASOLID(#996,#998,#999,2.5);
#1001=IFCSTYLEDITEM(#1000,(#32),$);
#1002=IFCBUILDINGELEMENTPROXY('2mNTE23hn7$RM$I253dONv',$,'N5 - DAXFLEX','Stand expozitional generic - DAXFLEX',$,#1012,#1007,$,$);
#1006=IFCSHAPEREPRESENTATION(#11,'Body','SweptSolid',(#976,#984,#992,#1000));
#1007=IFCPRODUCTDEFINITIONSHAPE($,$,(#1006));
#1008=IFCCARTESIANPOINT((188.,24.5152542372881,0.));
#1009=IFCDIRECTION((0.,0.,1.));
#1010=IFCDIRECTION((1.,0.,0.));
#1011=IFCAXIS2PLACEMENT3D(#1008,#1009,#1010);
#1012=IFCLOCALPLACEMENT(#26,#1011);
#1013=IFCPROPERTYSET('2Pv7xVkOr3pBvKMkwaOcXu',$,'NZEB_ExhibitorInfo',$,(#1015,#1016,#1017,#1018,#1019,#1020,#1021,#1022));
#1014=IFCRELDEFINESBYPROPERTIES('2V4rJDqkj4gOBQ8MnBq26v',$,$,$,(#1002),#1013);
#1015=IFCPROPERTYSINGLEVALUE('CompanyName',$,IFCLABEL('DAXFLEX'),$);
#1016=IFCPROPERTYSINGLEVALUE('StandNumber',$,IFCLABEL('N5'),$);
#1017=IFCPROPERTYSINGLEVALUE('Zone',$,IFCLABEL('ZONA 6'),$);
#1018=IFCPROPERTYSINGLEVALUE('AreaSqm',$,IFCREAL(10.1),$);
#1019=IFCPROPERTYSINGLEVALUE('Category',$,IFCLABEL('Produse si servicii pentru constructii (general)'),$);
#1020=IFCPROPERTYSINGLEVALUE('CategoryCode',$,IFCLABEL('C99'),$);
#1021=IFCPROPERTYSINGLEVALUE('Indoor',$,IFCBOOLEAN(.T.),$);
#1022=IFCPROPERTYSINGLEVALUE('Event',$,IFCLABEL('NZEB Expo Bucuresti 2026'),$);
#1023=IFCCARTESIANPOINT((1.01694915254237,4.45423728813559));
#1024=IFCAXIS2PLACEMENT2D(#1023,$);
#1025=IFCRECTANGLEPROFILEDEF(.AREA.,$,#1024,2.03389830508475,8.90847457627119);
#1026=IFCCARTESIANPOINT((0.,0.,0.));
#1027=IFCAXIS2PLACEMENT3D(#1026,$,$);
#1028=IFCDIRECTION((0.,0.,1.));
#1029=IFCEXTRUDEDAREASOLID(#1025,#1027,#1028,0.1);
#1030=IFCSTYLEDITEM(#1029,(#101),$);
#1031=IFCCARTESIANPOINT((1.01694915254237,8.86847457627119));
#1032=IFCAXIS2PLACEMENT2D(#1031,$);
#1033=IFCRECTANGLEPROFILEDEF(.AREA.,$,#1032,2.03389830508475,0.08);
#1034=IFCCARTESIANPOINT((0.,0.,0.1));
#1035=IFCAXIS2PLACEMENT3D(#1034,$,$);
#1036=IFCDIRECTION((0.,0.,1.));
#1037=IFCEXTRUDEDAREASOLID(#1033,#1035,#1036,2.5);
#1038=IFCSTYLEDITEM(#1037,(#32),$);
#1039=IFCCARTESIANPOINT((0.04,6.90847457627119));
#1040=IFCAXIS2PLACEMENT2D(#1039,$);
#1041=IFCRECTANGLEPROFILEDEF(.AREA.,$,#1040,0.08,4.);
#1042=IFCCARTESIANPOINT((0.,0.,0.1));
#1043=IFCAXIS2PLACEMENT3D(#1042,$,$);
#1044=IFCDIRECTION((0.,0.,1.));
#1045=IFCEXTRUDEDAREASOLID(#1041,#1043,#1044,2.5);
#1046=IFCSTYLEDITEM(#1045,(#32),$);
#1047=IFCCARTESIANPOINT((1.99389830508475,6.90847457627119));
#1048=IFCAXIS2PLACEMENT2D(#1047,$);
#1049=IFCRECTANGLEPROFILEDEF(.AREA.,$,#1048,0.08,4.);
#1050=IFCCARTESIANPOINT((0.,0.,0.1));
#1051=IFCAXIS2PLACEMENT3D(#1050,$,$);
#1052=IFCDIRECTION((0.,0.,1.));
#1053=IFCEXTRUDEDAREASOLID(#1049,#1051,#1052,2.5);
#1054=IFCSTYLEDITEM(#1053,(#32),$);
#1055=IFCBUILDINGELEMENTPROXY('0mt6lsrpTBAOxwPrwmSiMw',$,'HAPPY HOME CORPORATION','Stand expozitional generic - HAPPY HOME CORPORATION',$,#1065,#1060,$,$);
#1059=IFCSHAPEREPRESENTATION(#11,'Body','SweptSolid',(#1029,#1037,#1045,#1053));
#1060=IFCPRODUCTDEFINITIONSHAPE($,$,(#1059));
#1061=IFCCARTESIANPOINT((188.,29.6135593220339,0.));
#1062=IFCDIRECTION((0.,0.,1.));
#1063=IFCDIRECTION((1.,0.,0.));
#1064=IFCAXIS2PLACEMENT3D(#1061,#1062,#1063);
#1065=IFCLOCALPLACEMENT(#26,#1064);
#1066=IFCPROPERTYSET('1KSNohxxr7rQpZHgzHXyFe',$,'NZEB_ExhibitorInfo',$,(#1068,#1069,#1070,#1071,#1072,#1073,#1074,#1075));
#1067=IFCRELDEFINESBYPROPERTIES('05KhtzSwHAcw8tgJtbGqdr',$,$,$,(#1055),#1066);
#1068=IFCPROPERTYSINGLEVALUE('CompanyName',$,IFCLABEL('HAPPY HOME CORPORATION'),$);
#1069=IFCPROPERTYSINGLEVALUE('StandNumber',$,IFCLABEL(''),$);
#1070=IFCPROPERTYSINGLEVALUE('Zone',$,IFCLABEL('ZONA 6'),$);
#1071=IFCPROPERTYSINGLEVALUE('AreaSqm',$,IFCREAL(18.1),$);
#1072=IFCPROPERTYSINGLEVALUE('Category',$,IFCLABEL('Produse si servicii pentru constructii (general)'),$);
#1073=IFCPROPERTYSINGLEVALUE('CategoryCode',$,IFCLABEL('C99'),$);
#1074=IFCPROPERTYSINGLEVALUE('Indoor',$,IFCBOOLEAN(.T.),$);
#1075=IFCPROPERTYSINGLEVALUE('Event',$,IFCLABEL('NZEB Expo Bucuresti 2026'),$);
#1076=IFCCARTESIANPOINT((1.01694915254237,3.49152542372881));
#1077=IFCAXIS2PLACEMENT2D(#1076,$);
#1078=IFCRECTANGLEPROFILEDEF(.AREA.,$,#1077,2.03389830508475,6.98305084745763);
#1079=IFCCARTESIANPOINT((0.,0.,0.));
#1080=IFCAXIS2PLACEMENT3D(#1079,$,$);
#1081=IFCDIRECTION((0.,0.,1.));
#1082=IFCEXTRUDEDAREASOLID(#1078,#1080,#1081,0.1);
#1083=IFCSTYLEDITEM(#1082,(#104),$);
#1084=IFCCARTESIANPOINT((1.01694915254237,6.94305084745763));
#1085=IFCAXIS2PLACEMENT2D(#1084,$);
#1086=IFCRECTANGLEPROFILEDEF(.AREA.,$,#1085,2.03389830508475,0.08);
#1087=IFCCARTESIANPOINT((0.,0.,0.1));
#1088=IFCAXIS2PLACEMENT3D(#1087,$,$);
#1089=IFCDIRECTION((0.,0.,1.));
#1090=IFCEXTRUDEDAREASOLID(#1086,#1088,#1089,2.5);
#1091=IFCSTYLEDITEM(#1090,(#32),$);
#1092=IFCCARTESIANPOINT((0.04,4.98305084745763));
#1093=IFCAXIS2PLACEMENT2D(#1092,$);
#1094=IFCRECTANGLEPROFILEDEF(.AREA.,$,#1093,0.08,4.);
#1095=IFCCARTESIANPOINT((0.,0.,0.1));
#1096=IFCAXIS2PLACEMENT3D(#1095,$,$);
#1097=IFCDIRECTION((0.,0.,1.));
#1098=IFCEXTRUDEDAREASOLID(#1094,#1096,#1097,2.5);
#1099=IFCSTYLEDITEM(#1098,(#32),$);
#1100=IFCCARTESIANPOINT((1.99389830508475,4.98305084745763));
#1101=IFCAXIS2PLACEMENT2D(#1100,$);
#1102=IFCRECTANGLEPROFILEDEF(.AREA.,$,#1101,0.08,4.);
#1103=IFCCARTESIANPOINT((0.,0.,0.1));
#1104=IFCAXIS2PLACEMENT3D(#1103,$,$);
#1105=IFCDIRECTION((0.,0.,1.));
#1106=IFCEXTRUDEDAREASOLID(#1102,#1104,#1105,2.5);
#1107=IFCSTYLEDITEM(#1106,(#32),$);
#1108=IFCBUILDINGELEMENTPROXY('1ilCrDaRD8xuKuyloIFBSe',$,'N7 - MHV TECHNOLOGY','Stand expozitional generic - MHV TECHNOLOGY',$,#1118,#1113,$,$);
#1112=IFCSHAPEREPRESENTATION(#11,'Body','SweptSolid',(#1082,#1090,#1098,#1106));
#1113=IFCPRODUCTDEFINITIONSHAPE($,$,(#1112));
#1114=IFCCARTESIANPOINT((188.027118644068,46.4406779661017,0.));
#1115=IFCDIRECTION((0.,0.,1.));
#1116=IFCDIRECTION((1.,0.,0.));
#1117=IFCAXIS2PLACEMENT3D(#1114,#1115,#1116);
#1118=IFCLOCALPLACEMENT(#26,#1117);
#1119=IFCPROPERTYSET('3B7oYRwND9MPUZ7WQRfcej',$,'NZEB_ExhibitorInfo',$,(#1121,#1122,#1123,#1124,#1125,#1126,#1127,#1128));
#1120=IFCRELDEFINESBYPROPERTIES('1tEjXc_AT92fQa2V13uAJE',$,$,$,(#1108),#1119);
#1121=IFCPROPERTYSINGLEVALUE('CompanyName',$,IFCLABEL('MHV TECHNOLOGY'),$);
#1122=IFCPROPERTYSINGLEVALUE('StandNumber',$,IFCLABEL('N7'),$);
#1123=IFCPROPERTYSINGLEVALUE('Zone',$,IFCLABEL('ZONA 7'),$);
#1124=IFCPROPERTYSINGLEVALUE('AreaSqm',$,IFCREAL(14.2),$);
#1125=IFCPROPERTYSINGLEVALUE('Category',$,IFCLABEL('Produse si servicii pentru constructii (general)'),$);
#1126=IFCPROPERTYSINGLEVALUE('CategoryCode',$,IFCLABEL('C99'),$);
#1127=IFCPROPERTYSINGLEVALUE('Indoor',$,IFCBOOLEAN(.T.),$);
#1128=IFCPROPERTYSINGLEVALUE('Event',$,IFCLABEL('NZEB Expo Bucuresti 2026'),$);
#1129=IFCCARTESIANPOINT((3.55254237288136,1.49830508474576));
#1130=IFCAXIS2PLACEMENT2D(#1129,$);
#1131=IFCRECTANGLEPROFILEDEF(.AREA.,$,#1130,7.10508474576271,2.99661016949153);
#1132=IFCCARTESIANPOINT((0.,0.,0.));
#1133=IFCAXIS2PLACEMENT3D(#1132,$,$);
#1134=IFCDIRECTION((0.,0.,1.));
#1135=IFCEXTRUDEDAREASOLID(#1131,#1133,#1134,0.1);
#1136=IFCSTYLEDITEM(#1135,(#101),$);
#1137=IFCCARTESIANPOINT((3.55254237288136,2.95661016949153));
#1138=IFCAXIS2PLACEMENT2D(#1137,$);
#1139=IFCRECTANGLEPROFILEDEF(.AREA.,$,#1138,7.10508474576271,0.08);
#1140=IFCCARTESIANPOINT((0.,0.,0.1));
#1141=IFCAXIS2PLACEMENT3D(#1140,$,$);
#1142=IFCDIRECTION((0.,0.,1.));
#1143=IFCEXTRUDEDAREASOLID(#1139,#1141,#1142,2.5);
#1144=IFCSTYLEDITEM(#1143,(#32),$);
#1145=IFCCARTESIANPOINT((0.04,2.09762711864407));
#1146=IFCAXIS2PLACEMENT2D(#1145,$);
#1147=IFCRECTANGLEPROFILEDEF(.AREA.,$,#1146,0.08,1.79796610169492);
#1148=IFCCARTESIANPOINT((0.,0.,0.1));
#1149=IFCAXIS2PLACEMENT3D(#1148,$,$);
#1150=IFCDIRECTION((0.,0.,1.));
#1151=IFCEXTRUDEDAREASOLID(#1147,#1149,#1150,2.5);
#1152=IFCSTYLEDITEM(#1151,(#32),$);
#1153=IFCCARTESIANPOINT((7.06508474576271,2.09762711864407));
#1154=IFCAXIS2PLACEMENT2D(#1153,$);
#1155=IFCRECTANGLEPROFILEDEF(.AREA.,$,#1154,0.08,1.79796610169492);
#1156=IFCCARTESIANPOINT((0.,0.,0.1));
#1157=IFCAXIS2PLACEMENT3D(#1156,$,$);
#1158=IFCDIRECTION((0.,0.,1.));
#1159=IFCEXTRUDEDAREASOLID(#1155,#1157,#1158,2.5);
#1160=IFCSTYLEDITEM(#1159,(#32),$);
#1161=IFCBUILDINGELEMENTPROXY('01wRhLWln1_Qj3bXh4XRYJ',$,'B6 - MALINCO','Stand expozitional generic - MALINCO',$,#1171,#1166,$,$);
#1165=IFCSHAPEREPRESENTATION(#11,'Body','SweptSolid',(#1135,#1143,#1151,#1159));
#1166=IFCPRODUCTDEFINITIONSHAPE($,$,(#1165));
#1167=IFCCARTESIANPOINT((159.918644067797,26.2915254237288,0.));
#1168=IFCDIRECTION((0.,0.,1.));
#1169=IFCDIRECTION((1.,0.,0.));
#1170=IFCAXIS2PLACEMENT3D(#1167,#1168,#1169);
#1171=IFCLOCALPLACEMENT(#26,#1170);
#1172=IFCPROPERTYSET('37p1nw7TL9HAFZoigI3pi8',$,'NZEB_ExhibitorInfo',$,(#1174,#1175,#1176,#1177,#1178,#1179,#1180,#1181));
#1173=IFCRELDEFINESBYPROPERTIES('3Ye7_V$Or2xBZLjmORAHfw',$,$,$,(#1161),#1172);
#1174=IFCPROPERTYSINGLEVALUE('CompanyName',$,IFCLABEL('MALINCO'),$);
#1175=IFCPROPERTYSINGLEVALUE('StandNumber',$,IFCLABEL('B6'),$);
#1176=IFCPROPERTYSINGLEVALUE('Zone',$,IFCLABEL('ZONA 6'),$);
#1177=IFCPROPERTYSINGLEVALUE('AreaSqm',$,IFCREAL(21.3),$);
#1178=IFCPROPERTYSINGLEVALUE('Category',$,IFCLABEL('Produse si servicii pentru constructii (general)'),$);
#1179=IFCPROPERTYSINGLEVALUE('CategoryCode',$,IFCLABEL('C99'),$);
#1180=IFCPROPERTYSINGLEVALUE('Indoor',$,IFCBOOLEAN(.T.),$);
#1181=IFCPROPERTYSINGLEVALUE('Event',$,IFCLABEL('NZEB Expo Bucuresti 2026'),$);
#1182=IFCCARTESIANPOINT((3.5593220338983,2.02033898305085));
#1183=IFCAXIS2PLACEMENT2D(#1182,$);
#1184=IFCRECTANGLEPROFILEDEF(.AREA.,$,#1183,7.11864406779661,4.0406779661017);
#1185=IFCCARTESIANPOINT((0.,0.,0.));
#1186=IFCAXIS2PLACEMENT3D(#1185,$,$);
#1187=IFCDIRECTION((0.,0.,1.));
#1188=IFCEXTRUDEDAREASOLID(#1184,#1186,#1187,0.1);
#1189=IFCSTYLEDITEM(#1188,(#101),$);
#1190=IFCCARTESIANPOINT((3.5593220338983,4.0006779661017));
#1191=IFCAXIS2PLACEMENT2D(#1190,$);
#1192=IFCRECTANGLEPROFILEDEF(.AREA.,$,#1191,7.11864406779661,0.08);
#1193=IFCCARTESIANPOINT((0.,0.,0.1));
#1194=IFCAXIS2PLACEMENT3D(#1193,$,$);
#1195=IFCDIRECTION((0.,0.,1.));
#1196=IFCEXTRUDEDAREASOLID(#1192,#1194,#1195,2.5);
#1197=IFCSTYLEDITEM(#1196,(#32),$);
#1198=IFCCARTESIANPOINT((0.04,2.82847457627119));
#1199=IFCAXIS2PLACEMENT2D(#1198,$);
#1200=IFCRECTANGLEPROFILEDEF(.AREA.,$,#1199,0.08,2.42440677966102);
#1201=IFCCARTESIANPOINT((0.,0.,0.1));
#1202=IFCAXIS2PLACEMENT3D(#1201,$,$);
#1203=IFCDIRECTION((0.,0.,1.));
#1204=IFCEXTRUDEDAREASOLID(#1200,#1202,#1203,2.5);
#1205=IFCSTYLEDITEM(#1204,(#32),$);
#1206=IFCCARTESIANPOINT((7.07864406779661,2.82847457627119));
#1207=IFCAXIS2PLACEMENT2D(#1206,$);
#1208=IFCRECTANGLEPROFILEDEF(.AREA.,$,#1207,0.08,2.42440677966102);
#1209=IFCCARTESIANPOINT((0.,0.,0.1));
#1210=IFCAXIS2PLACEMENT3D(#1209,$,$);
#1211=IFCDIRECTION((0.,0.,1.));
#1212=IFCEXTRUDEDAREASOLID(#1208,#1210,#1211,2.5);
#1213=IFCSTYLEDITEM(#1212,(#32),$);
#1214=IFCBUILDINGELEMENTPROXY('3M9o0qQCT46hy1mQursNNW',$,'B5 - LIDERS','Stand expozitional generic - LIDERS',$,#1224,#1219,$,$);
#1218=IFCSHAPEREPRESENTATION(#11,'Body','SweptSolid',(#1188,#1196,#1204,#1212));
#1219=IFCPRODUCTDEFINITIONSHAPE($,$,(#1218));
#1220=IFCCARTESIANPOINT((159.918644067797,22.2508474576271,0.));
#1221=IFCDIRECTION((0.,0.,1.));
#1222=IFCDIRECTION((1.,0.,0.));
#1223=IFCAXIS2PLACEMENT3D(#1220,#1221,#1222);
#1224=IFCLOCALPLACEMENT(#26,#1223);
#1225=IFCPROPERTYSET('2oaM4f4BL17wfSeg2hP6ok',$,'NZEB_ExhibitorInfo',$,(#1227,#1228,#1229,#1230,#1231,#1232,#1233,#1234));
#1226=IFCRELDEFINESBYPROPERTIES('3Fz7nEXVzB_PUxa39OuPLK',$,$,$,(#1214),#1225);
#1227=IFCPROPERTYSINGLEVALUE('CompanyName',$,IFCLABEL('LIDERS'),$);
#1228=IFCPROPERTYSINGLEVALUE('StandNumber',$,IFCLABEL('B5'),$);
#1229=IFCPROPERTYSINGLEVALUE('Zone',$,IFCLABEL('ZONA 6'),$);
#1230=IFCPROPERTYSINGLEVALUE('AreaSqm',$,IFCREAL(28.8),$);
#1231=IFCPROPERTYSINGLEVALUE('Category',$,IFCLABEL('Produse si servicii pentru constructii (general)'),$);
#1232=IFCPROPERTYSINGLEVALUE('CategoryCode',$,IFCLABEL('C99'),$);
#1233=IFCPROPERTYSINGLEVALUE('Indoor',$,IFCBOOLEAN(.T.),$);
#1234=IFCPROPERTYSINGLEVALUE('Event',$,IFCLABEL('NZEB Expo Bucuresti 2026'),$);
#1235=IFCCARTESIANPOINT((3.30169491525424,1.49830508474576));
#1236=IFCAXIS2PLACEMENT2D(#1235,$);
#1237=IFCRECTANGLEPROFILEDEF(.AREA.,$,#1236,6.60338983050848,2.99661016949153);
#1238=IFCCARTESIANPOINT((0.,0.,0.));
#1239=IFCAXIS2PLACEMENT3D(#1238,$,$);
#1240=IFCDIRECTION((0.,0.,1.));
#1241=IFCEXTRUDEDAREASOLID(#1237,#1239,#1240,0.1);
#1242=IFCSTYLEDITEM(#1241,(#101),$);
#1243=IFCCARTESIANPOINT((3.30169491525424,2.95661016949153));
#1244=IFCAXIS2PLACEMENT2D(#1243,$);
#1245=IFCRECTANGLEPROFILEDEF(.AREA.,$,#1244,6.60338983050848,0.08);
#1246=IFCCARTESIANPOINT((0.,0.,0.1));
#1247=IFCAXIS2PLACEMENT3D(#1246,$,$);
#1248=IFCDIRECTION((0.,0.,1.));
#1249=IFCEXTRUDEDAREASOLID(#1245,#1247,#1248,2.5);
#1250=IFCSTYLEDITEM(#1249,(#32),$);
#1251=IFCCARTESIANPOINT((0.04,2.09762711864407));
#1252=IFCAXIS2PLACEMENT2D(#1251,$);
#1253=IFCRECTANGLEPROFILEDEF(.AREA.,$,#1252,0.08,1.79796610169492);
#1254=IFCCARTESIANPOINT((0.,0.,0.1));
#1255=IFCAXIS2PLACEMENT3D(#1254,$,$);
#1256=IFCDIRECTION((0.,0.,1.));
#1257=IFCEXTRUDEDAREASOLID(#1253,#1255,#1256,2.5);
#1258=IFCSTYLEDITEM(#1257,(#32),$);
#1259=IFCCARTESIANPOINT((6.56338983050848,2.09762711864407));
#1260=IFCAXIS2PLACEMENT2D(#1259,$);
#1261=IFCRECTANGLEPROFILEDEF(.AREA.,$,#1260,0.08,1.79796610169492);
#1262=IFCCARTESIANPOINT((0.,0.,0.1));
#1263=IFCAXIS2PLACEMENT3D(#1262,$,$);
#1264=IFCDIRECTION((0.,0.,1.));
#1265=IFCEXTRUDEDAREASOLID(#1261,#1263,#1264,2.5);
#1266=IFCSTYLEDITEM(#1265,(#32),$);
#1267=IFCBUILDINGELEMENTPROXY('3DBrNuyqH09QdvNbRBeOFP',$,'B7 - ALUGARD','Stand expozitional generic - ALUGARD',$,#1277,#1272,$,$);
#1271=IFCSHAPEREPRESENTATION(#11,'Body','SweptSolid',(#1241,#1249,#1257,#1265));
#1272=IFCPRODUCTDEFINITIONSHAPE($,$,(#1271));
#1273=IFCCARTESIANPOINT((153.830508474576,26.2915254237288,0.));
#1274=IFCDIRECTION((0.,0.,1.));
#1275=IFCDIRECTION((1.,0.,0.));
#1276=IFCAXIS2PLACEMENT3D(#1273,#1274,#1275);
#1277=IFCLOCALPLACEMENT(#26,#1276);
#1278=IFCPROPERTYSET('3SJ6sTwZ59zB2OZxXtkpBk',$,'NZEB_ExhibitorInfo',$,(#1280,#1281,#1282,#1283,#1284,#1285,#1286,#1287));
#1279=IFCRELDEFINESBYPROPERTIES('1WYrj2hBH918KxAmxFFQEi',$,$,$,(#1267),#1278);
#1280=IFCPROPERTYSINGLEVALUE('CompanyName',$,IFCLABEL('ALUGARD'),$);
#1281=IFCPROPERTYSINGLEVALUE('StandNumber',$,IFCLABEL('B7'),$);
#1282=IFCPROPERTYSINGLEVALUE('Zone',$,IFCLABEL('ZONA 6'),$);
#1283=IFCPROPERTYSINGLEVALUE('AreaSqm',$,IFCREAL(19.8),$);
#1284=IFCPROPERTYSINGLEVALUE('Category',$,IFCLABEL('Ferestre, usi, fatade si tamplarie'),$);
#1285=IFCPROPERTYSINGLEVALUE('CategoryCode',$,IFCLABEL('C02'),$);
#1286=IFCPROPERTYSINGLEVALUE('Indoor',$,IFCBOOLEAN(.T.),$);
#1287=IFCPROPERTYSINGLEVALUE('Event',$,IFCLABEL('NZEB Expo Bucuresti 2026'),$);
#1288=IFCCARTESIANPOINT((3.04406779661017,2.02033898305085));
#1289=IFCAXIS2PLACEMENT2D(#1288,$);
#1290=IFCRECTANGLEPROFILEDEF(.AREA.,$,#1289,6.08813559322034,4.0406779661017);
#1291=IFCCARTESIANPOINT((0.,0.,0.));
#1292=IFCAXIS2PLACEMENT3D(#1291,$,$);
#1293=IFCDIRECTION((0.,0.,1.));
#1294=IFCEXTRUDEDAREASOLID(#1290,#1292,#1293,0.1);
#1295=IFCSTYLEDITEM(#1294,(#101),$);
#1296=IFCCARTESIANPOINT((3.04406779661017,4.0006779661017));
#1297=IFCAXIS2PLACEMENT2D(#1296,$);
#1298=IFCRECTANGLEPROFILEDEF(.AREA.,$,#1297,6.08813559322034,0.08);
#1299=IFCCARTESIANPOINT((0.,0.,0.1));
#1300=IFCAXIS2PLACEMENT3D(#1299,$,$);
#1301=IFCDIRECTION((0.,0.,1.));
#1302=IFCEXTRUDEDAREASOLID(#1298,#1300,#1301,2.5);
#1303=IFCSTYLEDITEM(#1302,(#32),$);
#1304=IFCCARTESIANPOINT((0.04,2.82847457627119));
#1305=IFCAXIS2PLACEMENT2D(#1304,$);
#1306=IFCRECTANGLEPROFILEDEF(.AREA.,$,#1305,0.08,2.42440677966102);
#1307=IFCCARTESIANPOINT((0.,0.,0.1));
#1308=IFCAXIS2PLACEMENT3D(#1307,$,$);
#1309=IFCDIRECTION((0.,0.,1.));
#1310=IFCEXTRUDEDAREASOLID(#1306,#1308,#1309,2.5);
#1311=IFCSTYLEDITEM(#1310,(#32),$);
#1312=IFCCARTESIANPOINT((6.04813559322034,2.82847457627119));
#1313=IFCAXIS2PLACEMENT2D(#1312,$);
#1314=IFCRECTANGLEPROFILEDEF(.AREA.,$,#1313,0.08,2.42440677966102);
#1315=IFCCARTESIANPOINT((0.,0.,0.1));
#1316=IFCAXIS2PLACEMENT3D(#1315,$,$);
#1317=IFCDIRECTION((0.,0.,1.));
#1318=IFCEXTRUDEDAREASOLID(#1314,#1316,#1317,2.5);
#1319=IFCSTYLEDITEM(#1318,(#32),$);
#1320=IFCBUILDINGELEMENTPROXY('1RziE6UTv5PPby1Vrf1OJM',$,'B4 - CASE CALDUROASE','Stand expozitional generic - CASE CALDUROASE',$,#1330,#1325,$,$);
#1324=IFCSHAPEREPRESENTATION(#11,'Body','SweptSolid',(#1294,#1302,#1310,#1318));
#1325=IFCPRODUCTDEFINITIONSHAPE($,$,(#1324));
#1326=IFCCARTESIANPOINT((153.830508474576,22.2508474576271,0.));
#1327=IFCDIRECTION((0.,0.,1.));
#1328=IFCDIRECTION((1.,0.,0.));
#1329=IFCAXIS2PLACEMENT3D(#1326,#1327,#1328);
#1330=IFCLOCALPLACEMENT(#26,#1329);
#1331=IFCPROPERTYSET('0DIRFQ6DX2Vu6_2e0V6cbV',$,'NZEB_ExhibitorInfo',$,(#1333,#1334,#1335,#1336,#1337,#1338,#1339,#1340));
#1332=IFCRELDEFINESBYPROPERTIES('0qwml4cnX86OgCcj6BOo3_',$,$,$,(#1320),#1331);
#1333=IFCPROPERTYSINGLEVALUE('CompanyName',$,IFCLABEL('CASE CALDUROASE'),$);
#1334=IFCPROPERTYSINGLEVALUE('StandNumber',$,IFCLABEL('B4'),$);
#1335=IFCPROPERTYSINGLEVALUE('Zone',$,IFCLABEL('ZONA 6'),$);
#1336=IFCPROPERTYSINGLEVALUE('AreaSqm',$,IFCREAL(24.6),$);
#1337=IFCPROPERTYSINGLEVALUE('Category',$,IFCLABEL('Produse si servicii pentru constructii (general)'),$);
#1338=IFCPROPERTYSINGLEVALUE('CategoryCode',$,IFCLABEL('C99'),$);
#1339=IFCPROPERTYSINGLEVALUE('Indoor',$,IFCBOOLEAN(.T.),$);
#1340=IFCPROPERTYSINGLEVALUE('Event',$,IFCLABEL('NZEB Expo Bucuresti 2026'),$);
#1341=IFCCARTESIANPOINT((3.55254237288136,1.49830508474576));
#1342=IFCAXIS2PLACEMENT2D(#1341,$);
#1343=IFCRECTANGLEPROFILEDEF(.AREA.,$,#1342,7.10508474576271,2.99661016949153);
#1344=IFCCARTESIANPOINT((0.,0.,0.));
#1345=IFCAXIS2PLACEMENT3D(#1344,$,$);
#1346=IFCDIRECTION((0.,0.,1.));
#1347=IFCEXTRUDEDAREASOLID(#1343,#1345,#1346,0.1);
#1348=IFCSTYLEDITEM(#1347,(#101),$);
#1349=IFCCARTESIANPOINT((3.55254237288136,2.95661016949153));
#1350=IFCAXIS2PLACEMENT2D(#1349,$);
#1351=IFCRECTANGLEPROFILEDEF(.AREA.,$,#1350,7.10508474576271,0.08);
#1352=IFCCARTESIANPOINT((0.,0.,0.1));
#1353=IFCAXIS2PLACEMENT3D(#1352,$,$);
#1354=IFCDIRECTION((0.,0.,1.));
#1355=IFCEXTRUDEDAREASOLID(#1351,#1353,#1354,2.5);
#1356=IFCSTYLEDITEM(#1355,(#32),$);
#1357=IFCCARTESIANPOINT((0.04,2.09762711864407));
#1358=IFCAXIS2PLACEMENT2D(#1357,$);
#1359=IFCRECTANGLEPROFILEDEF(.AREA.,$,#1358,0.08,1.79796610169492);
#1360=IFCCARTESIANPOINT((0.,0.,0.1));
#1361=IFCAXIS2PLACEMENT3D(#1360,$,$);
#1362=IFCDIRECTION((0.,0.,1.));
#1363=IFCEXTRUDEDAREASOLID(#1359,#1361,#1362,2.5);
#1364=IFCSTYLEDITEM(#1363,(#32),$);
#1365=IFCCARTESIANPOINT((7.06508474576271,2.09762711864407));
#1366=IFCAXIS2PLACEMENT2D(#1365,$);
#1367=IFCRECTANGLEPROFILEDEF(.AREA.,$,#1366,0.08,1.79796610169492);
#1368=IFCCARTESIANPOINT((0.,0.,0.1));
#1369=IFCAXIS2PLACEMENT3D(#1368,$,$);
#1370=IFCDIRECTION((0.,0.,1.));
#1371=IFCEXTRUDEDAREASOLID(#1367,#1369,#1370,2.5);
#1372=IFCSTYLEDITEM(#1371,(#32),$);
#1373=IFCBUILDINGELEMENTPROXY('3MjUiTuxDBx8Myalz1rgM7',$,'A8 - HEXAN','Stand expozitional generic - HEXAN',$,#1383,#1378,$,$);
#1377=IFCSHAPEREPRESENTATION(#11,'Body','SweptSolid',(#1347,#1355,#1363,#1371));
#1378=IFCPRODUCTDEFINITIONSHAPE($,$,(#1377));
#1379=IFCCARTESIANPOINT((176.908474576271,26.1152542372881,0.));
#1380=IFCDIRECTION((0.,0.,1.));
#1381=IFCDIRECTION((1.,0.,0.));
#1382=IFCAXIS2PLACEMENT3D(#1379,#1380,#1381);
#1383=IFCLOCALPLACEMENT(#26,#1382);
#1384=IFCPROPERTYSET('2Gp_PHBF54RethZUgwsoGJ',$,'NZEB_ExhibitorInfo',$,(#1386,#1387,#1388,#1389,#1390,#1391,#1392,#1393));
#1385=IFCRELDEFINESBYPROPERTIES('2s6RK1Oq192f$lviqcL1aK',$,$,$,(#1373),#1384);
#1386=IFCPROPERTYSINGLEVALUE('CompanyName',$,IFCLABEL('HEXAN'),$);
#1387=IFCPROPERTYSINGLEVALUE('StandNumber',$,IFCLABEL('A8'),$);
#1388=IFCPROPERTYSINGLEVALUE('Zone',$,IFCLABEL('ZONA 6'),$);
#1389=IFCPROPERTYSINGLEVALUE('AreaSqm',$,IFCREAL(21.3),$);
#1390=IFCPROPERTYSINGLEVALUE('Category',$,IFCLABEL('Produse si servicii pentru constructii (general)'),$);
#1391=IFCPROPERTYSINGLEVALUE('CategoryCode',$,IFCLABEL('C99'),$);
#1392=IFCPROPERTYSINGLEVALUE('Indoor',$,IFCBOOLEAN(.T.),$);
#1393=IFCPROPERTYSINGLEVALUE('Event',$,IFCLABEL('NZEB Expo Bucuresti 2026'),$);
#1394=IFCCARTESIANPOINT((6.58983050847458,2.02033898305085));
#1395=IFCAXIS2PLACEMENT2D(#1394,$);
#1396=IFCRECTANGLEPROFILEDEF(.AREA.,$,#1395,13.1796610169492,4.0406779661017);
#1397=IFCCARTESIANPOINT((0.,0.,0.));
#1398=IFCAXIS2PLACEMENT3D(#1397,$,$);
#1399=IFCDIRECTION((0.,0.,1.));
#1400=IFCEXTRUDEDAREASOLID(#1396,#1398,#1399,0.1);
#1401=IFCSTYLEDITEM(#1400,(#101),$);
#1402=IFCCARTESIANPOINT((6.58983050847458,4.0006779661017));
#1403=IFCAXIS2PLACEMENT2D(#1402,$);
#1404=IFCRECTANGLEPROFILEDEF(.AREA.,$,#1403,13.1796610169492,0.08);
#1405=IFCCARTESIANPOINT((0.,0.,0.1));
#1406=IFCAXIS2PLACEMENT3D(#1405,$,$);
#1407=IFCDIRECTION((0.,0.,1.));
#1408=IFCEXTRUDEDAREASOLID(#1404,#1406,#1407,2.5);
#1409=IFCSTYLEDITEM(#1408,(#32),$);
#1410=IFCCARTESIANPOINT((0.04,2.82847457627119));
#1411=IFCAXIS2PLACEMENT2D(#1410,$);
#1412=IFCRECTANGLEPROFILEDEF(.AREA.,$,#1411,0.08,2.42440677966102);
#1413=IFCCARTESIANPOINT((0.,0.,0.1));
#1414=IFCAXIS2PLACEMENT3D(#1413,$,$);
#1415=IFCDIRECTION((0.,0.,1.));
#1416=IFCEXTRUDEDAREASOLID(#1412,#1414,#1415,2.5);
#1417=IFCSTYLEDITEM(#1416,(#32),$);
#1418=IFCCARTESIANPOINT((13.1396610169492,2.82847457627119));
#1419=IFCAXIS2PLACEMENT2D(#1418,$);
#1420=IFCRECTANGLEPROFILEDEF(.AREA.,$,#1419,0.08,2.42440677966102);
#1421=IFCCARTESIANPOINT((0.,0.,0.1));
#1422=IFCAXIS2PLACEMENT3D(#1421,$,$);
#1423=IFCDIRECTION((0.,0.,1.));
#1424=IFCEXTRUDEDAREASOLID(#1420,#1422,#1423,2.5);
#1425=IFCSTYLEDITEM(#1424,(#32),$);
#1426=IFCBUILDINGELEMENTPROXY('2zGf$AFrrBP9swUJrIy8b0',$,'A6 - CEMACON','Stand expozitional generic - CEMACON',$,#1436,#1431,$,$);
#1430=IFCSHAPEREPRESENTATION(#11,'Body','SweptSolid',(#1400,#1408,#1416,#1424));
#1431=IFCPRODUCTDEFINITIONSHAPE($,$,(#1430));
#1432=IFCCARTESIANPOINT((170.874576271186,22.0338983050847,0.));
#1433=IFCDIRECTION((0.,0.,1.));
#1434=IFCDIRECTION((1.,0.,0.));
#1435=IFCAXIS2PLACEMENT3D(#1432,#1433,#1434);
#1436=IFCLOCALPLACEMENT(#26,#1435);
#1437=IFCPROPERTYSET('1AiAIDAVr1eg939JvHNehT',$,'NZEB_ExhibitorInfo',$,(#1439,#1440,#1441,#1442,#1443,#1444,#1445,#1446,#1447));
#1438=IFCRELDEFINESBYPROPERTIES('1zHWarEi19r9mOktwFBRJs',$,$,$,(#1426),#1437);
#1439=IFCPROPERTYSINGLEVALUE('CompanyName',$,IFCLABEL('CEMACON'),$);
#1440=IFCPROPERTYSINGLEVALUE('StandNumber',$,IFCLABEL('A6'),$);
#1441=IFCPROPERTYSINGLEVALUE('Zone',$,IFCLABEL('ZONA 6'),$);
#1442=IFCPROPERTYSINGLEVALUE('AreaSqm',$,IFCREAL(53.3),$);
#1443=IFCPROPERTYSINGLEVALUE('Category',$,IFCLABEL('Materiale de constructii'),$);
#1444=IFCPROPERTYSINGLEVALUE('CategoryCode',$,IFCLABEL('C05'),$);
#1445=IFCPROPERTYSINGLEVALUE('Indoor',$,IFCBOOLEAN(.T.),$);
#1446=IFCPROPERTYSINGLEVALUE('Event',$,IFCLABEL('NZEB Expo Bucuresti 2026'),$);
#1447=IFCPROPERTYSINGLEVALUE('Website',$,IFCLABEL('https://cemacon.ro'),$);
#1448=IFCCARTESIANPOINT((3.04406779661017,1.49830508474576));
#1449=IFCAXIS2PLACEMENT2D(#1448,$);
#1450=IFCRECTANGLEPROFILEDEF(.AREA.,$,#1449,6.08813559322034,2.99661016949153);
#1451=IFCCARTESIANPOINT((0.,0.,0.));
#1452=IFCAXIS2PLACEMENT3D(#1451,$,$);
#1453=IFCDIRECTION((0.,0.,1.));
#1454=IFCEXTRUDEDAREASOLID(#1450,#1452,#1453,0.1);
#1455=IFCSTYLEDITEM(#1454,(#101),$);
#1456=IFCCARTESIANPOINT((3.04406779661017,2.95661016949153));
#1457=IFCAXIS2PLACEMENT2D(#1456,$);
#1458=IFCRECTANGLEPROFILEDEF(.AREA.,$,#1457,6.08813559322034,0.08);
#1459=IFCCARTESIANPOINT((0.,0.,0.1));
#1460=IFCAXIS2PLACEMENT3D(#1459,$,$);
#1461=IFCDIRECTION((0.,0.,1.));
#1462=IFCEXTRUDEDAREASOLID(#1458,#1460,#1461,2.5);
#1463=IFCSTYLEDITEM(#1462,(#32),$);
#1464=IFCCARTESIANPOINT((0.04,2.09762711864407));
#1465=IFCAXIS2PLACEMENT2D(#1464,$);
#1466=IFCRECTANGLEPROFILEDEF(.AREA.,$,#1465,0.08,1.79796610169492);
#1467=IFCCARTESIANPOINT((0.,0.,0.1));
#1468=IFCAXIS2PLACEMENT3D(#1467,$,$);
#1469=IFCDIRECTION((0.,0.,1.));
#1470=IFCEXTRUDEDAREASOLID(#1466,#1468,#1469,2.5);
#1471=IFCSTYLEDITEM(#1470,(#32),$);
#1472=IFCCARTESIANPOINT((6.04813559322034,2.09762711864407));
#1473=IFCAXIS2PLACEMENT2D(#1472,$);
#1474=IFCRECTANGLEPROFILEDEF(.AREA.,$,#1473,0.08,1.79796610169492);
#1475=IFCCARTESIANPOINT((0.,0.,0.1));
#1476=IFCAXIS2PLACEMENT3D(#1475,$,$);
#1477=IFCDIRECTION((0.,0.,1.));
#1478=IFCEXTRUDEDAREASOLID(#1474,#1476,#1477,2.5);
#1479=IFCSTYLEDITEM(#1478,(#32),$);
#1480=IFCBUILDINGELEMENTPROXY('3JV4aXB3X7SueZ0IRRjkRu',$,'A7 - CELLECO','Stand expozitional generic - CELLECO',$,#1490,#1485,$,$);
#1484=IFCSHAPEREPRESENTATION(#11,'Body','SweptSolid',(#1454,#1462,#1470,#1478));
#1485=IFCPRODUCTDEFINITIONSHAPE($,$,(#1484));
#1486=IFCCARTESIANPOINT((170.861016949153,26.1152542372881,0.));
#1487=IFCDIRECTION((0.,0.,1.));
#1488=IFCDIRECTION((1.,0.,0.));
#1489=IFCAXIS2PLACEMENT3D(#1486,#1487,#1488);
#1490=IFCLOCALPLACEMENT(#26,#1489);
#1491=IFCPROPERTYSET('0b1jGduKjDBRBtOSM_9kLI',$,'NZEB_ExhibitorInfo',$,(#1493,#1494,#1495,#1496,#1497,#1498,#1499,#1500));
#1492=IFCRELDEFINESBYPROPERTIES('1F6R8Wa8HB7BSbcVZx9jZf',$,$,$,(#1480),#1491);
#1493=IFCPROPERTYSINGLEVALUE('CompanyName',$,IFCLABEL('CELLECO'),$);
#1494=IFCPROPERTYSINGLEVALUE('StandNumber',$,IFCLABEL('A7'),$);
#1495=IFCPROPERTYSINGLEVALUE('Zone',$,IFCLABEL('ZONA 6'),$);
#1496=IFCPROPERTYSINGLEVALUE('AreaSqm',$,IFCREAL(18.2),$);
#1497=IFCPROPERTYSINGLEVALUE('Category',$,IFCLABEL('Izolatii termice si anvelopa cladirii'),$);
#1498=IFCPROPERTYSINGLEVALUE('CategoryCode',$,IFCLABEL('C01'),$);
#1499=IFCPROPERTYSINGLEVALUE('Indoor',$,IFCBOOLEAN(.T.),$);
#1500=IFCPROPERTYSINGLEVALUE('Event',$,IFCLABEL('NZEB Expo Bucuresti 2026'),$);
#1501=IFCCARTESIANPOINT((3.55254237288136,1.49830508474576));
#1502=IFCAXIS2PLACEMENT2D(#1501,$);
#1503=IFCRECTANGLEPROFILEDEF(.AREA.,$,#1502,7.10508474576271,2.99661016949153);
#1504=IFCCARTESIANPOINT((0.,0.,0.));
#1505=IFCAXIS2PLACEMENT3D(#1504,$,$);
#1506=IFCDIRECTION((0.,0.,1.));
#1507=IFCEXTRUDEDAREASOLID(#1503,#1505,#1506,0.1);
#1508=IFCSTYLEDITEM(#1507,(#101),$);
#1509=IFCCARTESIANPOINT((3.55254237288136,2.95661016949153));
#1510=IFCAXIS2PLACEMENT2D(#1509,$);
#1511=IFCRECTANGLEPROFILEDEF(.AREA.,$,#1510,7.10508474576271,0.08);
#1512=IFCCARTESIANPOINT((0.,0.,0.1));
#1513=IFCAXIS2PLACEMENT3D(#1512,$,$);
#1514=IFCDIRECTION((0.,0.,1.));
#1515=IFCEXTRUDEDAREASOLID(#1511,#1513,#1514,2.5);
#1516=IFCSTYLEDITEM(#1515,(#32),$);
#1517=IFCCARTESIANPOINT((0.04,2.09762711864407));
#1518=IFCAXIS2PLACEMENT2D(#1517,$);
#1519=IFCRECTANGLEPROFILEDEF(.AREA.,$,#1518,0.08,1.79796610169492);
#1520=IFCCARTESIANPOINT((0.,0.,0.1));
#1521=IFCAXIS2PLACEMENT3D(#1520,$,$);
#1522=IFCDIRECTION((0.,0.,1.));
#1523=IFCEXTRUDEDAREASOLID(#1519,#1521,#1522,2.5);
#1524=IFCSTYLEDITEM(#1523,(#32),$);
#1525=IFCCARTESIANPOINT((7.06508474576271,2.09762711864407));
#1526=IFCAXIS2PLACEMENT2D(#1525,$);
#1527=IFCRECTANGLEPROFILEDEF(.AREA.,$,#1526,0.08,1.79796610169492);
#1528=IFCCARTESIANPOINT((0.,0.,0.1));
#1529=IFCAXIS2PLACEMENT3D(#1528,$,$);
#1530=IFCDIRECTION((0.,0.,1.));
#1531=IFCEXTRUDEDAREASOLID(#1527,#1529,#1530,2.5);
#1532=IFCSTYLEDITEM(#1531,(#32),$);
#1533=IFCBUILDINGELEMENTPROXY('1KCLYkb0vEdwH6vum099ev',$,'A12 - ALUPROF SYSTEM','Stand expozitional generic - ALUPROF SYSTEM',$,#1543,#1538,$,$);
#1537=IFCSHAPEREPRESENTATION(#11,'Body','SweptSolid',(#1507,#1515,#1523,#1531));
#1538=IFCPRODUCTDEFINITIONSHAPE($,$,(#1537));
#1539=IFCCARTESIANPOINT((176.691525423729,37.4915254237288,0.));
#1540=IFCDIRECTION((0.,0.,1.));
#1541=IFCDIRECTION((1.,0.,0.));
#1542=IFCAXIS2PLACEMENT3D(#1539,#1540,#1541);
#1543=IFCLOCALPLACEMENT(#26,#1542);
#1544=IFCPROPERTYSET('2t8jECIM58LhK7gvEOgJ$Z',$,'NZEB_ExhibitorInfo',$,(#1546,#1547,#1548,#1549,#1550,#1551,#1552,#1553,#1554));
#1545=IFCRELDEFINESBYPROPERTIES('1FZJBGBKD0efYRouTlLzTR',$,$,$,(#1533),#1544);
#1546=IFCPROPERTYSINGLEVALUE('CompanyName',$,IFCLABEL('ALUPROF SYSTEM'),$);
#1547=IFCPROPERTYSINGLEVALUE('StandNumber',$,IFCLABEL('A12'),$);
#1548=IFCPROPERTYSINGLEVALUE('Zone',$,IFCLABEL('ZONA 6'),$);
#1549=IFCPROPERTYSINGLEVALUE('AreaSqm',$,IFCREAL(21.3),$);
#1550=IFCPROPERTYSINGLEVALUE('Category',$,IFCLABEL('Ferestre, usi, fatade si tamplarie'),$);
#1551=IFCPROPERTYSINGLEVALUE('CategoryCode',$,IFCLABEL('C02'),$);
#1552=IFCPROPERTYSINGLEVALUE('Indoor',$,IFCBOOLEAN(.T.),$);
#1553=IFCPROPERTYSINGLEVALUE('Event',$,IFCLABEL('NZEB Expo Bucuresti 2026'),$);
#1554=IFCPROPERTYSINGLEVALUE('Website',$,IFCLABEL('https://aluprof.eu'),$);
#1555=IFCCARTESIANPOINT((6.57627118644068,2.02033898305085));
#1556=IFCAXIS2PLACEMENT2D(#1555,$);
#1557=IFCRECTANGLEPROFILEDEF(.AREA.,$,#1556,13.1525423728814,4.0406779661017);
#1558=IFCCARTESIANPOINT((0.,0.,0.));
#1559=IFCAXIS2PLACEMENT3D(#1558,$,$);
#1560=IFCDIRECTION((0.,0.,1.));
#1561=IFCEXTRUDEDAREASOLID(#1557,#1559,#1560,0.1);
#1562=IFCSTYLEDITEM(#1561,(#101),$);
#1563=IFCCARTESIANPOINT((6.57627118644068,4.0006779661017));
#1564=IFCAXIS2PLACEMENT2D(#1563,$);
#1565=IFCRECTANGLEPROFILEDEF(.AREA.,$,#1564,13.1525423728814,0.08);
#1566=IFCCARTESIANPOINT((0.,0.,0.1));
#1567=IFCAXIS2PLACEMENT3D(#1566,$,$);
#1568=IFCDIRECTION((0.,0.,1.));
#1569=IFCEXTRUDEDAREASOLID(#1565,#1567,#1568,2.5);
#1570=IFCSTYLEDITEM(#1569,(#32),$);
#1571=IFCCARTESIANPOINT((0.04,2.82847457627119));
#1572=IFCAXIS2PLACEMENT2D(#1571,$);
#1573=IFCRECTANGLEPROFILEDEF(.AREA.,$,#1572,0.08,2.42440677966102);
#1574=IFCCARTESIANPOINT((0.,0.,0.1));
#1575=IFCAXIS2PLACEMENT3D(#1574,$,$);
#1576=IFCDIRECTION((0.,0.,1.));
#1577=IFCEXTRUDEDAREASOLID(#1573,#1575,#1576,2.5);
#1578=IFCSTYLEDITEM(#1577,(#32),$);
#1579=IFCCARTESIANPOINT((13.1125423728814,2.82847457627119));
#1580=IFCAXIS2PLACEMENT2D(#1579,$);
#1581=IFCRECTANGLEPROFILEDEF(.AREA.,$,#1580,0.08,2.42440677966102);
#1582=IFCCARTESIANPOINT((0.,0.,0.1));
#1583=IFCAXIS2PLACEMENT3D(#1582,$,$);
#1584=IFCDIRECTION((0.,0.,1.));
#1585=IFCEXTRUDEDAREASOLID(#1581,#1583,#1584,2.5);
#1586=IFCSTYLEDITEM(#1585,(#32),$);
#1587=IFCBUILDINGELEMENTPROXY('306ryxvVz8Ie73PCtppdKA',$,'A10 - TPS','Stand expozitional generic - TPS',$,#1597,#1592,$,$);
#1591=IFCSHAPEREPRESENTATION(#11,'Body','SweptSolid',(#1561,#1569,#1577,#1585));
#1592=IFCPRODUCTDEFINITIONSHAPE($,$,(#1591));
#1593=IFCCARTESIANPOINT((171.023728813559,33.4101694915254,0.));
#1594=IFCDIRECTION((0.,0.,1.));
#1595=IFCDIRECTION((1.,0.,0.));
#1596=IFCAXIS2PLACEMENT3D(#1593,#1594,#1595);
#1597=IFCLOCALPLACEMENT(#26,#1596);
#1598=IFCPROPERTYSET('2ii0jNncP4mh3xOhjZ7gXa',$,'NZEB_ExhibitorInfo',$,(#1600,#1601,#1602,#1603,#1604,#1605,#1606,#1607));
#1599=IFCRELDEFINESBYPROPERTIES('140ZQQmFz2qeXswCMydPb9',$,$,$,(#1587),#1598);
#1600=IFCPROPERTYSINGLEVALUE('CompanyName',$,IFCLABEL('TPS'),$);
#1601=IFCPROPERTYSINGLEVALUE('StandNumber',$,IFCLABEL('A10'),$);
#1602=IFCPROPERTYSINGLEVALUE('Zone',$,IFCLABEL('ZONA 6'),$);
#1603=IFCPROPERTYSINGLEVALUE('AreaSqm',$,IFCREAL(53.1),$);
#1604=IFCPROPERTYSINGLEVALUE('Category',$,IFCLABEL('Produse si servicii pentru constructii (general)'),$);
#1605=IFCPROPERTYSINGLEVALUE('CategoryCode',$,IFCLABEL('C99'),$);
#1606=IFCPROPERTYSINGLEVALUE('Indoor',$,IFCBOOLEAN(.T.),$);
#1607=IFCPROPERTYSINGLEVALUE('Event',$,IFCLABEL('NZEB Expo Bucuresti 2026'),$);
#1608=IFCCARTESIANPOINT((3.02372881355932,1.49830508474576));
#1609=IFCAXIS2PLACEMENT2D(#1608,$);
#1610=IFCRECTANGLEPROFILEDEF(.AREA.,$,#1609,6.04745762711864,2.99661016949153);
#1611=IFCCARTESIANPOINT((0.,0.,0.));
#1612=IFCAXIS2PLACEMENT3D(#1611,$,$);
#1613=IFCDIRECTION((0.,0.,1.));
#1614=IFCEXTRUDEDAREASOLID(#1610,#1612,#1613,0.1);
#1615=IFCSTYLEDITEM(#1614,(#101),$);
#1616=IFCCARTESIANPOINT((3.02372881355932,2.95661016949153));
#1617=IFCAXIS2PLACEMENT2D(#1616,$);
#1618=IFCRECTANGLEPROFILEDEF(.AREA.,$,#1617,6.04745762711864,0.08);
#1619=IFCCARTESIANPOINT((0.,0.,0.1));
#1620=IFCAXIS2PLACEMENT3D(#1619,$,$);
#1621=IFCDIRECTION((0.,0.,1.));
#1622=IFCEXTRUDEDAREASOLID(#1618,#1620,#1621,2.5);
#1623=IFCSTYLEDITEM(#1622,(#32),$);
#1624=IFCCARTESIANPOINT((0.04,2.09762711864407));
#1625=IFCAXIS2PLACEMENT2D(#1624,$);
#1626=IFCRECTANGLEPROFILEDEF(.AREA.,$,#1625,0.08,1.79796610169492);
#1627=IFCCARTESIANPOINT((0.,0.,0.1));
#1628=IFCAXIS2PLACEMENT3D(#1627,$,$);
#1629=IFCDIRECTION((0.,0.,1.));
#1630=IFCEXTRUDEDAREASOLID(#1626,#1628,#1629,2.5);
#1631=IFCSTYLEDITEM(#1630,(#32),$);
#1632=IFCCARTESIANPOINT((6.00745762711864,2.09762711864407));
#1633=IFCAXIS2PLACEMENT2D(#1632,$);
#1634=IFCRECTANGLEPROFILEDEF(.AREA.,$,#1633,0.08,1.79796610169492);
#1635=IFCCARTESIANPOINT((0.,0.,0.1));
#1636=IFCAXIS2PLACEMENT3D(#1635,$,$);
#1637=IFCDIRECTION((0.,0.,1.));
#1638=IFCEXTRUDEDAREASOLID(#1634,#1636,#1637,2.5);
#1639=IFCSTYLEDITEM(#1638,(#32),$);
#1640=IFCBUILDINGELEMENTPROXY('1lY6WwT7rE0AgCHieelT5_',$,'A11 - ROTHOBLAAS','Stand expozitional generic - ROTHOBLAAS',$,#1650,#1645,$,$);
#1644=IFCSHAPEREPRESENTATION(#11,'Body','SweptSolid',(#1614,#1622,#1630,#1638));
#1645=IFCPRODUCTDEFINITIONSHAPE($,$,(#1644));
#1646=IFCCARTESIANPOINT((171.023728813559,37.4508474576271,0.));
#1647=IFCDIRECTION((0.,0.,1.));
#1648=IFCDIRECTION((1.,0.,0.));
#1649=IFCAXIS2PLACEMENT3D(#1646,#1647,#1648);
#1650=IFCLOCALPLACEMENT(#26,#1649);
#1651=IFCPROPERTYSET('1wRWlTQSL2PfLZH7NYfL6c',$,'NZEB_ExhibitorInfo',$,(#1653,#1654,#1655,#1656,#1657,#1658,#1659,#1660,#1661));
#1652=IFCRELDEFINESBYPROPERTIES('3izQAnh5zC9BwzBX8nCnol',$,$,$,(#1640),#1651);
#1653=IFCPROPERTYSINGLEVALUE('CompanyName',$,IFCLABEL('ROTHOBLAAS'),$);
#1654=IFCPROPERTYSINGLEVALUE('StandNumber',$,IFCLABEL('A11'),$);
#1655=IFCPROPERTYSINGLEVALUE('Zone',$,IFCLABEL('ZONA 6'),$);
#1656=IFCPROPERTYSINGLEVALUE('AreaSqm',$,IFCREAL(18.1),$);
#1657=IFCPROPERTYSINGLEVALUE('Category',$,IFCLABEL('Constructii si structuri din lemn'),$);
#1658=IFCPROPERTYSINGLEVALUE('CategoryCode',$,IFCLABEL('C22'),$);
#1659=IFCPROPERTYSINGLEVALUE('Indoor',$,IFCBOOLEAN(.T.),$);
#1660=IFCPROPERTYSINGLEVALUE('Event',$,IFCLABEL('NZEB Expo Bucuresti 2026'),$);
#1661=IFCPROPERTYSINGLEVALUE('Website',$,IFCLABEL('https://www.rothoblaas.com'),$);
#1662=IFCCARTESIANPOINT((2.48813559322034,1.54576271186441));
#1663=IFCAXIS2PLACEMENT2D(#1662,$);
#1664=IFCRECTANGLEPROFILEDEF(.AREA.,$,#1663,4.97627118644068,3.09152542372881);
#1665=IFCCARTESIANPOINT((0.,0.,0.));
#1666=IFCAXIS2PLACEMENT3D(#1665,$,$);
#1667=IFCDIRECTION((0.,0.,1.));
#1668=IFCEXTRUDEDAREASOLID(#1664,#1666,#1667,0.1);
#1669=IFCSTYLEDITEM(#1668,(#92),$);
#1670=IFCCARTESIANPOINT((2.48813559322034,3.05152542372881));
#1671=IFCAXIS2PLACEMENT2D(#1670,$);
#1672=IFCRECTANGLEPROFILEDEF(.AREA.,$,#1671,4.97627118644068,0.08);
#1673=IFCCARTESIANPOINT((0.,0.,0.1));
#1674=IFCAXIS2PLACEMENT3D(#1673,$,$);
#1675=IFCDIRECTION((0.,0.,1.));
#1676=IFCEXTRUDEDAREASOLID(#1672,#1674,#1675,2.5);
#1677=IFCSTYLEDITEM(#1676,(#32),$);
#1678=IFCCARTESIANPOINT((0.04,2.16406779661017));
#1679=IFCAXIS2PLACEMENT2D(#1678,$);
#1680=IFCRECTANGLEPROFILEDEF(.AREA.,$,#1679,0.08,1.85491525423729);
#1681=IFCCARTESIANPOINT((0.,0.,0.1));
#1682=IFCAXIS2PLACEMENT3D(#1681,$,$);
#1683=IFCDIRECTION((0.,0.,1.));
#1684=IFCEXTRUDEDAREASOLID(#1680,#1682,#1683,2.5);
#1685=IFCSTYLEDITEM(#1684,(#32),$);
#1686=IFCCARTESIANPOINT((4.93627118644068,2.16406779661017));
#1687=IFCAXIS2PLACEMENT2D(#1686,$);
#1688=IFCRECTANGLEPROFILEDEF(.AREA.,$,#1687,0.08,1.85491525423729);
#1689=IFCCARTESIANPOINT((0.,0.,0.1));
#1690=IFCAXIS2PLACEMENT3D(#1689,$,$);
#1691=IFCDIRECTION((0.,0.,1.));
#1692=IFCEXTRUDEDAREASOLID(#1688,#1690,#1691,2.5);
#1693=IFCSTYLEDITEM(#1692,(#32),$);
#1694=IFCBUILDINGELEMENTPROXY('1dCUo6$P15nAcNAfF_7pKS',$,'D10 - IBC FOCUS','Stand expozitional generic - IBC FOCUS',$,#1704,#1699,$,$);
#1698=IFCSHAPEREPRESENTATION(#11,'Body','SweptSolid',(#1668,#1676,#1684,#1692));
#1699=IFCPRODUCTDEFINITIONSHAPE($,$,(#1698));
#1700=IFCCARTESIANPOINT((133.762711864407,48.9491525423729,0.));
#1701=IFCDIRECTION((0.,0.,1.));
#1702=IFCDIRECTION((1.,0.,0.));
#1703=IFCAXIS2PLACEMENT3D(#1700,#1701,#1702);
#1704=IFCLOCALPLACEMENT(#26,#1703);
#1705=IFCPROPERTYSET('37UobRVyfCwOSX2fQ_EU_I',$,'NZEB_ExhibitorInfo',$,(#1707,#1708,#1709,#1710,#1711,#1712,#1713,#1714,#1715));
#1706=IFCRELDEFINESBYPROPERTIES('12FReG2U94sww3GIE_jPZw',$,$,$,(#1694),#1705);
#1707=IFCPROPERTYSINGLEVALUE('CompanyName',$,IFCLABEL('IBC FOCUS'),$);
#1708=IFCPROPERTYSINGLEVALUE('StandNumber',$,IFCLABEL('D10'),$);
#1709=IFCPROPERTYSINGLEVALUE('Zone',$,IFCLABEL('ZONA 3'),$);
#1710=IFCPROPERTYSINGLEVALUE('AreaSqm',$,IFCREAL(15.4),$);
#1711=IFCPROPERTYSINGLEVALUE('Category',$,IFCLABEL('Media si publicatii de specialitate'),$);
#1712=IFCPROPERTYSINGLEVALUE('CategoryCode',$,IFCLABEL('C17'),$);
#1713=IFCPROPERTYSINGLEVALUE('Indoor',$,IFCBOOLEAN(.T.),$);
#1714=IFCPROPERTYSINGLEVALUE('Event',$,IFCLABEL('NZEB Expo Bucuresti 2026'),$);
#1715=IFCPROPERTYSINGLEVALUE('Website',$,IFCLABEL('https://www.ibcfocus.ro'),$);
#1716=IFCCARTESIANPOINT((2.48813559322034,2.0271186440678));
#1717=IFCAXIS2PLACEMENT2D(#1716,$);
#1718=IFCRECTANGLEPROFILEDEF(.AREA.,$,#1717,4.97627118644068,4.05423728813559);
#1719=IFCCARTESIANPOINT((0.,0.,0.));
#1720=IFCAXIS2PLACEMENT3D(#1719,$,$);
#1721=IFCDIRECTION((0.,0.,1.));
#1722=IFCEXTRUDEDAREASOLID(#1718,#1720,#1721,0.1);
#1723=IFCSTYLEDITEM(#1722,(#92),$);
#1724=IFCCARTESIANPOINT((2.48813559322034,4.01423728813559));
#1725=IFCAXIS2PLACEMENT2D(#1724,$);
#1726=IFCRECTANGLEPROFILEDEF(.AREA.,$,#1725,4.97627118644068,0.08);
#1727=IFCCARTESIANPOINT((0.,0.,0.1));
#1728=IFCAXIS2PLACEMENT3D(#1727,$,$);
#1729=IFCDIRECTION((0.,0.,1.));
#1730=IFCEXTRUDEDAREASOLID(#1726,#1728,#1729,2.5);
#1731=IFCSTYLEDITEM(#1730,(#32),$);
#1732=IFCCARTESIANPOINT((0.04,2.83796610169492));
#1733=IFCAXIS2PLACEMENT2D(#1732,$);
#1734=IFCRECTANGLEPROFILEDEF(.AREA.,$,#1733,0.08,2.43254237288136);
#1735=IFCCARTESIANPOINT((0.,0.,0.1));
#1736=IFCAXIS2PLACEMENT3D(#1735,$,$);
#1737=IFCDIRECTION((0.,0.,1.));
#1738=IFCEXTRUDEDAREASOLID(#1734,#1736,#1737,2.5);
#1739=IFCSTYLEDITEM(#1738,(#32),$);
#1740=IFCCARTESIANPOINT((4.93627118644068,2.83796610169492));
#1741=IFCAXIS2PLACEMENT2D(#1740,$);
#1742=IFCRECTANGLEPROFILEDEF(.AREA.,$,#1741,0.08,2.43254237288136);
#1743=IFCCARTESIANPOINT((0.,0.,0.1));
#1744=IFCAXIS2PLACEMENT3D(#1743,$,$);
#1745=IFCDIRECTION((0.,0.,1.));
#1746=IFCEXTRUDEDAREASOLID(#1742,#1744,#1745,2.5);
#1747=IFCSTYLEDITEM(#1746,(#32),$);
#1748=IFCBUILDINGELEMENTPROXY('31QyIufjL26RETtNAd4nAm',$,'D8 - SAINT GOBAN','Stand expozitional generic - SAINT GOBAN',$,#1758,#1753,$,$);
#1752=IFCSHAPEREPRESENTATION(#11,'Body','SweptSolid',(#1722,#1730,#1738,#1746));
#1753=IFCPRODUCTDEFINITIONSHAPE($,$,(#1752));
#1754=IFCCARTESIANPOINT((133.762711864407,44.935593220339,0.));
#1755=IFCDIRECTION((0.,0.,1.));
#1756=IFCDIRECTION((1.,0.,0.));
#1757=IFCAXIS2PLACEMENT3D(#1754,#1755,#1756);
#1758=IFCLOCALPLACEMENT(#26,#1757);
#1759=IFCPROPERTYSET('2LTaRheY59Gv_LK21SFodo',$,'NZEB_ExhibitorInfo',$,(#1761,#1762,#1763,#1764,#1765,#1766,#1767,#1768,#1769));
#1760=IFCRELDEFINESBYPROPERTIES('16kg5Kj7n4Mfj5AFrk9lOf',$,$,$,(#1748),#1759);
#1761=IFCPROPERTYSINGLEVALUE('CompanyName',$,IFCLABEL('SAINT GOBAN'),$);
#1762=IFCPROPERTYSINGLEVALUE('StandNumber',$,IFCLABEL('D8'),$);
#1763=IFCPROPERTYSINGLEVALUE('Zone',$,IFCLABEL('ZONA 3'),$);
#1764=IFCPROPERTYSINGLEVALUE('AreaSqm',$,IFCREAL(20.2),$);
#1765=IFCPROPERTYSINGLEVALUE('Category',$,IFCLABEL('Materiale de constructii'),$);
#1766=IFCPROPERTYSINGLEVALUE('CategoryCode',$,IFCLABEL('C05'),$);
#1767=IFCPROPERTYSINGLEVALUE('Indoor',$,IFCBOOLEAN(.T.),$);
#1768=IFCPROPERTYSINGLEVALUE('Event',$,IFCLABEL('NZEB Expo Bucuresti 2026'),$);
#1769=IFCPROPERTYSINGLEVALUE('Website',$,IFCLABEL('https://www.saint-gobain.ro'),$);
#1770=IFCCARTESIANPOINT((1.04406779661017,3.5593220338983));
#1771=IFCAXIS2PLACEMENT2D(#1770,$);
#1772=IFCRECTANGLEPROFILEDEF(.AREA.,$,#1771,2.08813559322034,7.11864406779661);
#1773=IFCCARTESIANPOINT((0.,0.,0.));
#1774=IFCAXIS2PLACEMENT3D(#1773,$,$);
#1775=IFCDIRECTION((0.,0.,1.));
#1776=IFCEXTRUDEDAREASOLID(#1772,#1774,#1775,0.1);
#1777=IFCSTYLEDITEM(#1776,(#92),$);
#1778=IFCCARTESIANPOINT((1.04406779661017,7.07864406779661));
#1779=IFCAXIS2PLACEMENT2D(#1778,$);
#1780=IFCRECTANGLEPROFILEDEF(.AREA.,$,#1779,2.08813559322034,0.08);
#1781=IFCCARTESIANPOINT((0.,0.,0.1));
#1782=IFCAXIS2PLACEMENT3D(#1781,$,$);
#1783=IFCDIRECTION((0.,0.,1.));
#1784=IFCEXTRUDEDAREASOLID(#1780,#1782,#1783,2.5);
#1785=IFCSTYLEDITEM(#1784,(#32),$);
#1786=IFCCARTESIANPOINT((0.04,5.11864406779661));
#1787=IFCAXIS2PLACEMENT2D(#1786,$);
#1788=IFCRECTANGLEPROFILEDEF(.AREA.,$,#1787,0.08,4.);
#1789=IFCCARTESIANPOINT((0.,0.,0.1));
#1790=IFCAXIS2PLACEMENT3D(#1789,$,$);
#1791=IFCDIRECTION((0.,0.,1.));
#1792=IFCEXTRUDEDAREASOLID(#1788,#1790,#1791,2.5);
#1793=IFCSTYLEDITEM(#1792,(#32),$);
#1794=IFCCARTESIANPOINT((2.04813559322034,5.11864406779661));
#1795=IFCAXIS2PLACEMENT2D(#1794,$);
#1796=IFCRECTANGLEPROFILEDEF(.AREA.,$,#1795,0.08,4.);
#1797=IFCCARTESIANPOINT((0.,0.,0.1));
#1798=IFCAXIS2PLACEMENT3D(#1797,$,$);
#1799=IFCDIRECTION((0.,0.,1.));
#1800=IFCEXTRUDEDAREASOLID(#1796,#1798,#1799,2.5);
#1801=IFCSTYLEDITEM(#1800,(#32),$);
#1802=IFCBUILDINGELEMENTPROXY('3mgFhcamT27PLKpVr7nacJ',$,'D9 - WEICON','Stand expozitional generic - WEICON',$,#1812,#1807,$,$);
#1806=IFCSHAPEREPRESENTATION(#11,'Body','SweptSolid',(#1776,#1784,#1792,#1800));
#1807=IFCPRODUCTDEFINITIONSHAPE($,$,(#1806));
#1808=IFCCARTESIANPOINT((131.728813559322,44.935593220339,0.));
#1809=IFCDIRECTION((0.,0.,1.));
#1810=IFCDIRECTION((1.,0.,0.));
#1811=IFCAXIS2PLACEMENT3D(#1808,#1809,#1810);
#1812=IFCLOCALPLACEMENT(#26,#1811);
#1813=IFCPROPERTYSET('21o_8Lytv7VRKahAQr2zOZ',$,'NZEB_ExhibitorInfo',$,(#1815,#1816,#1817,#1818,#1819,#1820,#1821,#1822,#1823));
#1814=IFCRELDEFINESBYPROPERTIES('1uOZM_5V5EvBuZ1x9zOPai',$,$,$,(#1802),#1813);
#1815=IFCPROPERTYSINGLEVALUE('CompanyName',$,IFCLABEL('WEICON'),$);
#1816=IFCPROPERTYSINGLEVALUE('StandNumber',$,IFCLABEL('D9'),$);
#1817=IFCPROPERTYSINGLEVALUE('Zone',$,IFCLABEL('ZONA 3'),$);
#1818=IFCPROPERTYSINGLEVALUE('AreaSqm',$,IFCREAL(14.9),$);
#1819=IFCPROPERTYSINGLEVALUE('Category',$,IFCLABEL('Chimie pentru constructii (adezivi, spume, etansari)'),$);
#1820=IFCPROPERTYSINGLEVALUE('CategoryCode',$,IFCLABEL('C06'),$);
#1821=IFCPROPERTYSINGLEVALUE('Indoor',$,IFCBOOLEAN(.T.),$);
#1822=IFCPROPERTYSINGLEVALUE('Event',$,IFCLABEL('NZEB Expo Bucuresti 2026'),$);
#1823=IFCPROPERTYSINGLEVALUE('Website',$,IFCLABEL('https://www.weicon.de'),$);
#1824=IFCCARTESIANPOINT((2.0271186440678,1.54576271186441));
#1825=IFCAXIS2PLACEMENT2D(#1824,$);
#1826=IFCRECTANGLEPROFILEDEF(.AREA.,$,#1825,4.05423728813559,3.09152542372881);
#1827=IFCCARTESIANPOINT((0.,0.,0.));
#1828=IFCAXIS2PLACEMENT3D(#1827,$,$);
#1829=IFCDIRECTION((0.,0.,1.));
#1830=IFCEXTRUDEDAREASOLID(#1826,#1828,#1829,0.1);
#1831=IFCSTYLEDITEM(#1830,(#92),$);
#1832=IFCCARTESIANPOINT((2.0271186440678,3.05152542372881));
#1833=IFCAXIS2PLACEMENT2D(#1832,$);
#1834=IFCRECTANGLEPROFILEDEF(.AREA.,$,#1833,4.05423728813559,0.08);
#1835=IFCCARTESIANPOINT((0.,0.,0.1));
#1836=IFCAXIS2PLACEMENT3D(#1835,$,$);
#1837=IFCDIRECTION((0.,0.,1.));
#1838=IFCEXTRUDEDAREASOLID(#1834,#1836,#1837,2.5);
#1839=IFCSTYLEDITEM(#1838,(#32),$);
#1840=IFCCARTESIANPOINT((0.04,2.16406779661017));
#1841=IFCAXIS2PLACEMENT2D(#1840,$);
#1842=IFCRECTANGLEPROFILEDEF(.AREA.,$,#1841,0.08,1.85491525423729);
#1843=IFCCARTESIANPOINT((0.,0.,0.1));
#1844=IFCAXIS2PLACEMENT3D(#1843,$,$);
#1845=IFCDIRECTION((0.,0.,1.));
#1846=IFCEXTRUDEDAREASOLID(#1842,#1844,#1845,2.5);
#1847=IFCSTYLEDITEM(#1846,(#32),$);
#1848=IFCCARTESIANPOINT((4.01423728813559,2.16406779661017));
#1849=IFCAXIS2PLACEMENT2D(#1848,$);
#1850=IFCRECTANGLEPROFILEDEF(.AREA.,$,#1849,0.08,1.85491525423729);
#1851=IFCCARTESIANPOINT((0.,0.,0.1));
#1852=IFCAXIS2PLACEMENT3D(#1851,$,$);
#1853=IFCDIRECTION((0.,0.,1.));
#1854=IFCEXTRUDEDAREASOLID(#1850,#1852,#1853,2.5);
#1855=IFCSTYLEDITEM(#1854,(#32),$);
#1856=IFCBUILDINGELEMENTPROXY('0UaHM_BU957BLj$DQunE61',$,'C11 - GENIO','Stand expozitional generic - GENIO',$,#1866,#1861,$,$);
#1860=IFCSHAPEREPRESENTATION(#11,'Body','SweptSolid',(#1830,#1838,#1846,#1854));
#1861=IFCPRODUCTDEFINITIONSHAPE($,$,(#1860));
#1862=IFCCARTESIANPOINT((145.627118644068,48.9220338983051,0.));
#1863=IFCDIRECTION((0.,0.,1.));
#1864=IFCDIRECTION((1.,0.,0.));
#1865=IFCAXIS2PLACEMENT3D(#1862,#1863,#1864);
#1866=IFCLOCALPLACEMENT(#26,#1865);
#1867=IFCPROPERTYSET('38bKNoihX0wuSAejpmJuDO',$,'NZEB_ExhibitorInfo',$,(#1869,#1870,#1871,#1872,#1873,#1874,#1875,#1876));
#1868=IFCRELDEFINESBYPROPERTIES('3O4dtEKuz5qPuXUOfSRRWW',$,$,$,(#1856),#1867);
#1869=IFCPROPERTYSINGLEVALUE('CompanyName',$,IFCLABEL('GENIO'),$);
#1870=IFCPROPERTYSINGLEVALUE('StandNumber',$,IFCLABEL('C11'),$);
#1871=IFCPROPERTYSINGLEVALUE('Zone',$,IFCLABEL('ZONA 3'),$);
#1872=IFCPROPERTYSINGLEVALUE('AreaSqm',$,IFCREAL(12.5),$);
#1873=IFCPROPERTYSINGLEVALUE('Category',$,IFCLABEL('Produse si servicii pentru constructii (general)'),$);
#1874=IFCPROPERTYSINGLEVALUE('CategoryCode',$,IFCLABEL('C99'),$);
#1875=IFCPROPERTYSINGLEVALUE('Indoor',$,IFCBOOLEAN(.T.),$);
#1876=IFCPROPERTYSINGLEVALUE('Event',$,IFCLABEL('NZEB Expo Bucuresti 2026'),$);
#1877=IFCCARTESIANPOINT((2.0271186440678,2.0271186440678));
#1878=IFCAXIS2PLACEMENT2D(#1877,$);
#1879=IFCRECTANGLEPROFILEDEF(.AREA.,$,#1878,4.05423728813559,4.05423728813559);
#1880=IFCCARTESIANPOINT((0.,0.,0.));
#1881=IFCAXIS2PLACEMENT3D(#1880,$,$);
#1882=IFCDIRECTION((0.,0.,1.));
#1883=IFCEXTRUDEDAREASOLID(#1879,#1881,#1882,0.1);
#1884=IFCSTYLEDITEM(#1883,(#92),$);
#1885=IFCCARTESIANPOINT((2.0271186440678,4.01423728813559));
#1886=IFCAXIS2PLACEMENT2D(#1885,$);
#1887=IFCRECTANGLEPROFILEDEF(.AREA.,$,#1886,4.05423728813559,0.08);
#1888=IFCCARTESIANPOINT((0.,0.,0.1));
#1889=IFCAXIS2PLACEMENT3D(#1888,$,$);
#1890=IFCDIRECTION((0.,0.,1.));
#1891=IFCEXTRUDEDAREASOLID(#1887,#1889,#1890,2.5);
#1892=IFCSTYLEDITEM(#1891,(#32),$);
#1893=IFCCARTESIANPOINT((0.04,2.83796610169492));
#1894=IFCAXIS2PLACEMENT2D(#1893,$);
#1895=IFCRECTANGLEPROFILEDEF(.AREA.,$,#1894,0.08,2.43254237288136);
#1896=IFCCARTESIANPOINT((0.,0.,0.1));
#1897=IFCAXIS2PLACEMENT3D(#1896,$,$);
#1898=IFCDIRECTION((0.,0.,1.));
#1899=IFCEXTRUDEDAREASOLID(#1895,#1897,#1898,2.5);
#1900=IFCSTYLEDITEM(#1899,(#32),$);
#1901=IFCCARTESIANPOINT((4.01423728813559,2.83796610169492));
#1902=IFCAXIS2PLACEMENT2D(#1901,$);
#1903=IFCRECTANGLEPROFILEDEF(.AREA.,$,#1902,0.08,2.43254237288136);
#1904=IFCCARTESIANPOINT((0.,0.,0.1));
#1905=IFCAXIS2PLACEMENT3D(#1904,$,$);
#1906=IFCDIRECTION((0.,0.,1.));
#1907=IFCEXTRUDEDAREASOLID(#1903,#1905,#1906,2.5);
#1908=IFCSTYLEDITEM(#1907,(#32),$);
#1909=IFCBUILDINGELEMENTPROXY('3Vu2VbYd11EfF7tL$_Rf0d',$,'C8 - ZEHNDER','Stand expozitional generic - ZEHNDER',$,#1919,#1914,$,$);
#1913=IFCSHAPEREPRESENTATION(#11,'Body','SweptSolid',(#1883,#1891,#1899,#1907));
#1914=IFCPRODUCTDEFINITIONSHAPE($,$,(#1913));
#1915=IFCCARTESIANPOINT((145.627118644068,44.8949152542373,0.));
#1916=IFCDIRECTION((0.,0.,1.));
#1917=IFCDIRECTION((1.,0.,0.));
#1918=IFCAXIS2PLACEMENT3D(#1915,#1916,#1917);
#1919=IFCLOCALPLACEMENT(#26,#1918);
#1920=IFCPROPERTYSET('127OFgwHj80v$sQCA0phmC',$,'NZEB_ExhibitorInfo',$,(#1922,#1923,#1924,#1925,#1926,#1927,#1928,#1929,#1930));
#1921=IFCRELDEFINESBYPROPERTIES('3W8f1Idon1U9VL6lMtqAjZ',$,$,$,(#1909),#1920);
#1922=IFCPROPERTYSINGLEVALUE('CompanyName',$,IFCLABEL('ZEHNDER'),$);
#1923=IFCPROPERTYSINGLEVALUE('StandNumber',$,IFCLABEL('C8'),$);
#1924=IFCPROPERTYSINGLEVALUE('Zone',$,IFCLABEL('ZONA 3'),$);
#1925=IFCPROPERTYSINGLEVALUE('AreaSqm',$,IFCREAL(16.4),$);
#1926=IFCPROPERTYSINGLEVALUE('Category',$,IFCLABEL('HVAC, incalzire, ventilatie si instalatii'),$);
#1927=IFCPROPERTYSINGLEVALUE('CategoryCode',$,IFCLABEL('C03'),$);
#1928=IFCPROPERTYSINGLEVALUE('Indoor',$,IFCBOOLEAN(.T.),$);
#1929=IFCPROPERTYSINGLEVALUE('Event',$,IFCLABEL('NZEB Expo Bucuresti 2026'),$);
#1930=IFCPROPERTYSINGLEVALUE('Website',$,IFCLABEL('https://www.zehndergroup.com'),$);
#1931=IFCCARTESIANPOINT((1.49830508474576,1.54576271186441));
#1932=IFCAXIS2PLACEMENT2D(#1931,$);
#1933=IFCRECTANGLEPROFILEDEF(.AREA.,$,#1932,2.99661016949153,3.09152542372881);
#1934=IFCCARTESIANPOINT((0.,0.,0.));
#1935=IFCAXIS2PLACEMENT3D(#1934,$,$);
#1936=IFCDIRECTION((0.,0.,1.));
#1937=IFCEXTRUDEDAREASOLID(#1933,#1935,#1936,0.1);
#1938=IFCSTYLEDITEM(#1937,(#92),$);
#1939=IFCCARTESIANPOINT((1.49830508474576,3.05152542372881));
#1940=IFCAXIS2PLACEMENT2D(#1939,$);
#1941=IFCRECTANGLEPROFILEDEF(.AREA.,$,#1940,2.99661016949153,0.08);
#1942=IFCCARTESIANPOINT((0.,0.,0.1));
#1943=IFCAXIS2PLACEMENT3D(#1942,$,$);
#1944=IFCDIRECTION((0.,0.,1.));
#1945=IFCEXTRUDEDAREASOLID(#1941,#1943,#1944,2.5);
#1946=IFCSTYLEDITEM(#1945,(#32),$);
#1947=IFCCARTESIANPOINT((0.04,2.16406779661017));
#1948=IFCAXIS2PLACEMENT2D(#1947,$);
#1949=IFCRECTANGLEPROFILEDEF(.AREA.,$,#1948,0.08,1.85491525423729);
#1950=IFCCARTESIANPOINT((0.,0.,0.1));
#1951=IFCAXIS2PLACEMENT3D(#1950,$,$);
#1952=IFCDIRECTION((0.,0.,1.));
#1953=IFCEXTRUDEDAREASOLID(#1949,#1951,#1952,2.5);
#1954=IFCSTYLEDITEM(#1953,(#32),$);
#1955=IFCCARTESIANPOINT((2.95661016949153,2.16406779661017));
#1956=IFCAXIS2PLACEMENT2D(#1955,$);
#1957=IFCRECTANGLEPROFILEDEF(.AREA.,$,#1956,0.08,1.85491525423729);
#1958=IFCCARTESIANPOINT((0.,0.,0.1));
#1959=IFCAXIS2PLACEMENT3D(#1958,$,$);
#1960=IFCDIRECTION((0.,0.,1.));
#1961=IFCEXTRUDEDAREASOLID(#1957,#1959,#1960,2.5);
#1962=IFCSTYLEDITEM(#1961,(#32),$);
#1963=IFCBUILDINGELEMENTPROXY('1zFw6ORRv6uQYvAVA06vQ4',$,'C10 - WOODSENSE','Stand expozitional generic - WOODSENSE',$,#1973,#1968,$,$);
#1967=IFCSHAPEREPRESENTATION(#11,'Body','SweptSolid',(#1937,#1945,#1953,#1961));
#1968=IFCPRODUCTDEFINITIONSHAPE($,$,(#1967));
#1969=IFCCARTESIANPOINT((142.630508474576,48.935593220339,0.));
#1970=IFCDIRECTION((0.,0.,1.));
#1971=IFCDIRECTION((1.,0.,0.));
#1972=IFCAXIS2PLACEMENT3D(#1969,#1970,#1971);
#1973=IFCLOCALPLACEMENT(#26,#1972);
#1974=IFCPROPERTYSET('02fwlk75918PPgHliVTu3X',$,'NZEB_ExhibitorInfo',$,(#1976,#1977,#1978,#1979,#1980,#1981,#1982,#1983));
#1975=IFCRELDEFINESBYPROPERTIES('0hyT4azBv7Lw4cwiCl5eEt',$,$,$,(#1963),#1974);
#1976=IFCPROPERTYSINGLEVALUE('CompanyName',$,IFCLABEL('WOODSENSE'),$);
#1977=IFCPROPERTYSINGLEVALUE('StandNumber',$,IFCLABEL('C10'),$);
#1978=IFCPROPERTYSINGLEVALUE('Zone',$,IFCLABEL('ZONA 3'),$);
#1979=IFCPROPERTYSINGLEVALUE('AreaSqm',$,IFCREAL(9.3),$);
#1980=IFCPROPERTYSINGLEVALUE('Category',$,IFCLABEL('Constructii si structuri din lemn'),$);
#1981=IFCPROPERTYSINGLEVALUE('CategoryCode',$,IFCLABEL('C22'),$);
#1982=IFCPROPERTYSINGLEVALUE('Indoor',$,IFCBOOLEAN(.T.),$);
#1983=IFCPROPERTYSINGLEVALUE('Event',$,IFCLABEL('NZEB Expo Bucuresti 2026'),$);
#1984=IFCCARTESIANPOINT((1.49830508474576,2.0271186440678));
#1985=IFCAXIS2PLACEMENT2D(#1984,$);
#1986=IFCRECTANGLEPROFILEDEF(.AREA.,$,#1985,2.99661016949153,4.05423728813559);
#1987=IFCCARTESIANPOINT((0.,0.,0.));
#1988=IFCAXIS2PLACEMENT3D(#1987,$,$);
#1989=IFCDIRECTION((0.,0.,1.));
#1990=IFCEXTRUDEDAREASOLID(#1986,#1988,#1989,0.1);
#1991=IFCSTYLEDITEM(#1990,(#92),$);
#1992=IFCCARTESIANPOINT((1.49830508474576,4.01423728813559));
#1993=IFCAXIS2PLACEMENT2D(#1992,$);
#1994=IFCRECTANGLEPROFILEDEF(.AREA.,$,#1993,2.99661016949153,0.08);
#1995=IFCCARTESIANPOINT((0.,0.,0.1));
#1996=IFCAXIS2PLACEMENT3D(#1995,$,$);
#1997=IFCDIRECTION((0.,0.,1.));
#1998=IFCEXTRUDEDAREASOLID(#1994,#1996,#1997,2.5);
#1999=IFCSTYLEDITEM(#1998,(#32),$);
#2000=IFCCARTESIANPOINT((0.04,2.83796610169492));
#2001=IFCAXIS2PLACEMENT2D(#2000,$);
#2002=IFCRECTANGLEPROFILEDEF(.AREA.,$,#2001,0.08,2.43254237288136);
#2003=IFCCARTESIANPOINT((0.,0.,0.1));
#2004=IFCAXIS2PLACEMENT3D(#2003,$,$);
#2005=IFCDIRECTION((0.,0.,1.));
#2006=IFCEXTRUDEDAREASOLID(#2002,#2004,#2005,2.5);
#2007=IFCSTYLEDITEM(#2006,(#32),$);
#2008=IFCCARTESIANPOINT((2.95661016949153,2.83796610169492));
#2009=IFCAXIS2PLACEMENT2D(#2008,$);
#2010=IFCRECTANGLEPROFILEDEF(.AREA.,$,#2009,0.08,2.43254237288136);
#2011=IFCCARTESIANPOINT((0.,0.,0.1));
#2012=IFCAXIS2PLACEMENT3D(#2011,$,$);
#2013=IFCDIRECTION((0.,0.,1.));
#2014=IFCEXTRUDEDAREASOLID(#2010,#2012,#2013,2.5);
#2015=IFCSTYLEDITEM(#2014,(#32),$);
#2016=IFCBUILDINGELEMENTPROXY('1ORCO1bIT7sB7kwkmZiA8l',$,'C9 - KUNATURA','Stand expozitional generic - KUNATURA',$,#2026,#2021,$,$);
#2020=IFCSHAPEREPRESENTATION(#11,'Body','SweptSolid',(#1990,#1998,#2006,#2014));
#2021=IFCPRODUCTDEFINITIONSHAPE($,$,(#2020));
#2022=IFCCARTESIANPOINT((142.630508474576,44.9220338983051,0.));
#2023=IFCDIRECTION((0.,0.,1.));
#2024=IFCDIRECTION((1.,0.,0.));
#2025=IFCAXIS2PLACEMENT3D(#2022,#2023,#2024);
#2026=IFCLOCALPLACEMENT(#26,#2025);
#2027=IFCPROPERTYSET('2zzTqOOGn3EejKOWQpNLcP',$,'NZEB_ExhibitorInfo',$,(#2029,#2030,#2031,#2032,#2033,#2034,#2035,#2036));
#2028=IFCRELDEFINESBYPROPERTIES('1lHHKo5fjCFQByzaLzqZaC',$,$,$,(#2016),#2027);
#2029=IFCPROPERTYSINGLEVALUE('CompanyName',$,IFCLABEL('KUNATURA'),$);
#2030=IFCPROPERTYSINGLEVALUE('StandNumber',$,IFCLABEL('C9'),$);
#2031=IFCPROPERTYSINGLEVALUE('Zone',$,IFCLABEL('ZONA 3'),$);
#2032=IFCPROPERTYSINGLEVALUE('AreaSqm',$,IFCREAL(12.1),$);
#2033=IFCPROPERTYSINGLEVALUE('Category',$,IFCLABEL('Izolatii termice si anvelopa cladirii'),$);
#2034=IFCPROPERTYSINGLEVALUE('CategoryCode',$,IFCLABEL('C01'),$);
#2035=IFCPROPERTYSINGLEVALUE('Indoor',$,IFCBOOLEAN(.T.),$);
#2036=IFCPROPERTYSINGLEVALUE('Event',$,IFCLABEL('NZEB Expo Bucuresti 2026'),$);
#2037=IFCCARTESIANPOINT((3.56610169491525,1.54576271186441));
#2038=IFCAXIS2PLACEMENT2D(#2037,$);
#2039=IFCRECTANGLEPROFILEDEF(.AREA.,$,#2038,7.13220338983051,3.09152542372881);
#2040=IFCCARTESIANPOINT((0.,0.,0.));
#2041=IFCAXIS2PLACEMENT3D(#2040,$,$);
#2042=IFCDIRECTION((0.,0.,1.));
#2043=IFCEXTRUDEDAREASOLID(#2039,#2041,#2042,0.1);
#2044=IFCSTYLEDITEM(#2043,(#98),$);
#2045=IFCCARTESIANPOINT((3.56610169491525,3.05152542372881));
#2046=IFCAXIS2PLACEMENT2D(#2045,$);
#2047=IFCRECTANGLEPROFILEDEF(.AREA.,$,#2046,7.13220338983051,0.08);
#2048=IFCCARTESIANPOINT((0.,0.,0.1));
#2049=IFCAXIS2PLACEMENT3D(#2048,$,$);
#2050=IFCDIRECTION((0.,0.,1.));
#2051=IFCEXTRUDEDAREASOLID(#2047,#2049,#2050,2.5);
#2052=IFCSTYLEDITEM(#2051,(#32),$);
#2053=IFCCARTESIANPOINT((0.04,2.16406779661017));
#2054=IFCAXIS2PLACEMENT2D(#2053,$);
#2055=IFCRECTANGLEPROFILEDEF(.AREA.,$,#2054,0.08,1.85491525423729);
#2056=IFCCARTESIANPOINT((0.,0.,0.1));
#2057=IFCAXIS2PLACEMENT3D(#2056,$,$);
#2058=IFCDIRECTION((0.,0.,1.));
#2059=IFCEXTRUDEDAREASOLID(#2055,#2057,#2058,2.5);
#2060=IFCSTYLEDITEM(#2059,(#32),$);
#2061=IFCCARTESIANPOINT((7.09220338983051,2.16406779661017));
#2062=IFCAXIS2PLACEMENT2D(#2061,$);
#2063=IFCRECTANGLEPROFILEDEF(.AREA.,$,#2062,0.08,1.85491525423729);
#2064=IFCCARTESIANPOINT((0.,0.,0.1));
#2065=IFCAXIS2PLACEMENT3D(#2064,$,$);
#2066=IFCDIRECTION((0.,0.,1.));
#2067=IFCEXTRUDEDAREASOLID(#2063,#2065,#2066,2.5);
#2068=IFCSTYLEDITEM(#2067,(#32),$);
#2069=IFCBUILDINGELEMENTPROXY('27A2OIWcj7BONTEKOFX_Bl',$,'D5 - ISOGREEN','Stand expozitional generic - ISOGREEN',$,#2079,#2074,$,$);
#2073=IFCSHAPEREPRESENTATION(#11,'Body','SweptSolid',(#2043,#2051,#2059,#2067));
#2074=IFCPRODUCTDEFINITIONSHAPE($,$,(#2073));
#2075=IFCCARTESIANPOINT((131.552542372881,26.1559322033898,0.));
#2076=IFCDIRECTION((0.,0.,1.));
#2077=IFCDIRECTION((1.,0.,0.));
#2078=IFCAXIS2PLACEMENT3D(#2075,#2076,#2077);
#2079=IFCLOCALPLACEMENT(#26,#2078);
#2080=IFCPROPERTYSET('0PjmiP2p9DkfwRrgO4NIlx',$,'NZEB_ExhibitorInfo',$,(#2082,#2083,#2084,#2085,#2086,#2087,#2088,#2089));
#2081=IFCRELDEFINESBYPROPERTIES('1Wpr7qDpv5lu_QC8ySVk7V',$,$,$,(#2069),#2080);
#2082=IFCPROPERTYSINGLEVALUE('CompanyName',$,IFCLABEL('ISOGREEN'),$);
#2083=IFCPROPERTYSINGLEVALUE('StandNumber',$,IFCLABEL('D5'),$);
#2084=IFCPROPERTYSINGLEVALUE('Zone',$,IFCLABEL('ZONA 5'),$);
#2085=IFCPROPERTYSINGLEVALUE('AreaSqm',$,IFCREAL(22.),$);
#2086=IFCPROPERTYSINGLEVALUE('Category',$,IFCLABEL('Izolatii termice si anvelopa cladirii'),$);
#2087=IFCPROPERTYSINGLEVALUE('CategoryCode',$,IFCLABEL('C01'),$);
#2088=IFCPROPERTYSINGLEVALUE('Indoor',$,IFCBOOLEAN(.T.),$);
#2089=IFCPROPERTYSINGLEVALUE('Event',$,IFCLABEL('NZEB Expo Bucuresti 2026'),$);
#2090=IFCCARTESIANPOINT((3.56610169491525,2.0271186440678));
#2091=IFCAXIS2PLACEMENT2D(#2090,$);
#2092=IFCRECTANGLEPROFILEDEF(.AREA.,$,#2091,7.13220338983051,4.05423728813559);
#2093=IFCCARTESIANPOINT((0.,0.,0.));
#2094=IFCAXIS2PLACEMENT3D(#2093,$,$);
#2095=IFCDIRECTION((0.,0.,1.));
#2096=IFCEXTRUDEDAREASOLID(#2092,#2094,#2095,0.1);
#2097=IFCSTYLEDITEM(#2096,(#98),$);
#2098=IFCCARTESIANPOINT((3.56610169491525,4.01423728813559));
#2099=IFCAXIS2PLACEMENT2D(#2098,$);
#2100=IFCRECTANGLEPROFILEDEF(.AREA.,$,#2099,7.13220338983051,0.08);
#2101=IFCCARTESIANPOINT((0.,0.,0.1));
#2102=IFCAXIS2PLACEMENT3D(#2101,$,$);
#2103=IFCDIRECTION((0.,0.,1.));
#2104=IFCEXTRUDEDAREASOLID(#2100,#2102,#2103,2.5);
#2105=IFCSTYLEDITEM(#2104,(#32),$);
#2106=IFCCARTESIANPOINT((0.04,2.83796610169492));
#2107=IFCAXIS2PLACEMENT2D(#2106,$);
#2108=IFCRECTANGLEPROFILEDEF(.AREA.,$,#2107,0.08,2.43254237288136);
#2109=IFCCARTESIANPOINT((0.,0.,0.1));
#2110=IFCAXIS2PLACEMENT3D(#2109,$,$);
#2111=IFCDIRECTION((0.,0.,1.));
#2112=IFCEXTRUDEDAREASOLID(#2108,#2110,#2111,2.5);
#2113=IFCSTYLEDITEM(#2112,(#32),$);
#2114=IFCCARTESIANPOINT((7.09220338983051,2.83796610169492));
#2115=IFCAXIS2PLACEMENT2D(#2114,$);
#2116=IFCRECTANGLEPROFILEDEF(.AREA.,$,#2115,0.08,2.43254237288136);
#2117=IFCCARTESIANPOINT((0.,0.,0.1));
#2118=IFCAXIS2PLACEMENT3D(#2117,$,$);
#2119=IFCDIRECTION((0.,0.,1.));
#2120=IFCEXTRUDEDAREASOLID(#2116,#2118,#2119,2.5);
#2121=IFCSTYLEDITEM(#2120,(#32),$);
#2122=IFCBUILDINGELEMENTPROXY('2vLKpc$956kf7L1HfN8RzV',$,'D4 - GUNNEX','Stand expozitional generic - GUNNEX',$,#2132,#2127,$,$);
#2126=IFCSHAPEREPRESENTATION(#11,'Body','SweptSolid',(#2096,#2104,#2112,#2120));
#2127=IFCPRODUCTDEFINITIONSHAPE($,$,(#2126));
#2128=IFCCARTESIANPOINT((131.552542372881,22.128813559322,0.));
#2129=IFCDIRECTION((0.,0.,1.));
#2130=IFCDIRECTION((1.,0.,0.));
#2131=IFCAXIS2PLACEMENT3D(#2128,#2129,#2130);
#2132=IFCLOCALPLACEMENT(#26,#2131);
#2133=IFCPROPERTYSET('14ayjb4Kn9l9sGTjIt_0Yv',$,'NZEB_ExhibitorInfo',$,(#2135,#2136,#2137,#2138,#2139,#2140,#2141,#2142));
#2134=IFCRELDEFINESBYPROPERTIES('3s7hOAPDX7dQWTTrQpiPY2',$,$,$,(#2122),#2133);
#2135=IFCPROPERTYSINGLEVALUE('CompanyName',$,IFCLABEL('GUNNEX'),$);
#2136=IFCPROPERTYSINGLEVALUE('StandNumber',$,IFCLABEL('D4'),$);
#2137=IFCPROPERTYSINGLEVALUE('Zone',$,IFCLABEL('ZONA 5'),$);
#2138=IFCPROPERTYSINGLEVALUE('AreaSqm',$,IFCREAL(28.9),$);
#2139=IFCPROPERTYSINGLEVALUE('Category',$,IFCLABEL('Produse si servicii pentru constructii (general)'),$);
#2140=IFCPROPERTYSINGLEVALUE('CategoryCode',$,IFCLABEL('C99'),$);
#2141=IFCPROPERTYSINGLEVALUE('Indoor',$,IFCBOOLEAN(.T.),$);
#2142=IFCPROPERTYSINGLEVALUE('Event',$,IFCLABEL('NZEB Expo Bucuresti 2026'),$);
#2143=IFCCARTESIANPOINT((3.56610169491525,1.54576271186441));
#2144=IFCAXIS2PLACEMENT2D(#2143,$);
#2145=IFCRECTANGLEPROFILEDEF(.AREA.,$,#2144,7.13220338983051,3.09152542372881);
#2146=IFCCARTESIANPOINT((0.,0.,0.));
#2147=IFCAXIS2PLACEMENT3D(#2146,$,$);
#2148=IFCDIRECTION((0.,0.,1.));
#2149=IFCEXTRUDEDAREASOLID(#2145,#2147,#2148,0.1);
#2150=IFCSTYLEDITEM(#2149,(#101),$);
#2151=IFCCARTESIANPOINT((3.56610169491525,3.05152542372881));
#2152=IFCAXIS2PLACEMENT2D(#2151,$);
#2153=IFCRECTANGLEPROFILEDEF(.AREA.,$,#2152,7.13220338983051,0.08);
#2154=IFCCARTESIANPOINT((0.,0.,0.1));
#2155=IFCAXIS2PLACEMENT3D(#2154,$,$);
#2156=IFCDIRECTION((0.,0.,1.));
#2157=IFCEXTRUDEDAREASOLID(#2153,#2155,#2156,2.5);
#2158=IFCSTYLEDITEM(#2157,(#32),$);
#2159=IFCCARTESIANPOINT((0.04,2.16406779661017));
#2160=IFCAXIS2PLACEMENT2D(#2159,$);
#2161=IFCRECTANGLEPROFILEDEF(.AREA.,$,#2160,0.08,1.85491525423729);
#2162=IFCCARTESIANPOINT((0.,0.,0.1));
#2163=IFCAXIS2PLACEMENT3D(#2162,$,$);
#2164=IFCDIRECTION((0.,0.,1.));
#2165=IFCEXTRUDEDAREASOLID(#2161,#2163,#2164,2.5);
#2166=IFCSTYLEDITEM(#2165,(#32),$);
#2167=IFCCARTESIANPOINT((7.09220338983051,2.16406779661017));
#2168=IFCAXIS2PLACEMENT2D(#2167,$);
#2169=IFCRECTANGLEPROFILEDEF(.AREA.,$,#2168,0.08,1.85491525423729);
#2170=IFCCARTESIANPOINT((0.,0.,0.1));
#2171=IFCAXIS2PLACEMENT3D(#2170,$,$);
#2172=IFCDIRECTION((0.,0.,1.));
#2173=IFCEXTRUDEDAREASOLID(#2169,#2171,#2172,2.5);
#2174=IFCSTYLEDITEM(#2173,(#32),$);
#2175=IFCBUILDINGELEMENTPROXY('1v_Ja3ZlXC0wsQ0fNarPd0',$,'C5 - SELENA ROMANIA','Stand expozitional generic - SELENA ROMANIA',$,#2185,#2180,$,$);
#2179=IFCSHAPEREPRESENTATION(#11,'Body','SweptSolid',(#2149,#2157,#2165,#2173));
#2180=IFCPRODUCTDEFINITIONSHAPE($,$,(#2179));
#2181=IFCCARTESIANPOINT((142.562711864407,26.2101694915254,0.));
#2182=IFCDIRECTION((0.,0.,1.));
#2183=IFCDIRECTION((1.,0.,0.));
#2184=IFCAXIS2PLACEMENT3D(#2181,#2182,#2183);
#2185=IFCLOCALPLACEMENT(#26,#2184);
#2186=IFCPROPERTYSET('1op6bkNyrE_vZrdfY_X8Wz',$,'NZEB_ExhibitorInfo',$,(#2188,#2189,#2190,#2191,#2192,#2193,#2194,#2195,#2196));
#2187=IFCRELDEFINESBYPROPERTIES('1vb5tZXfX9Sg3RGa5rN0Bq',$,$,$,(#2175),#2186);
#2188=IFCPROPERTYSINGLEVALUE('CompanyName',$,IFCLABEL('SELENA ROMANIA'),$);
#2189=IFCPROPERTYSINGLEVALUE('StandNumber',$,IFCLABEL('C5'),$);
#2190=IFCPROPERTYSINGLEVALUE('Zone',$,IFCLABEL('ZONA 6'),$);
#2191=IFCPROPERTYSINGLEVALUE('AreaSqm',$,IFCREAL(22.),$);
#2192=IFCPROPERTYSINGLEVALUE('Category',$,IFCLABEL('Chimie pentru constructii (adezivi, spume, etansari)'),$);
#2193=IFCPROPERTYSINGLEVALUE('CategoryCode',$,IFCLABEL('C06'),$);
#2194=IFCPROPERTYSINGLEVALUE('Indoor',$,IFCBOOLEAN(.T.),$);
#2195=IFCPROPERTYSINGLEVALUE('Event',$,IFCLABEL('NZEB Expo Bucuresti 2026'),$);
#2196=IFCPROPERTYSINGLEVALUE('Website',$,IFCLABEL('https://selena.com'),$);
#2197=IFCCARTESIANPOINT((3.56610169491525,2.0271186440678));
#2198=IFCAXIS2PLACEMENT2D(#2197,$);
#2199=IFCRECTANGLEPROFILEDEF(.AREA.,$,#2198,7.13220338983051,4.05423728813559);
#2200=IFCCARTESIANPOINT((0.,0.,0.));
#2201=IFCAXIS2PLACEMENT3D(#2200,$,$);
#2202=IFCDIRECTION((0.,0.,1.));
#2203=IFCEXTRUDEDAREASOLID(#2199,#2201,#2202,0.1);
#2204=IFCSTYLEDITEM(#2203,(#101),$);
#2205=IFCCARTESIANPOINT((3.56610169491525,4.01423728813559));
#2206=IFCAXIS2PLACEMENT2D(#2205,$);
#2207=IFCRECTANGLEPROFILEDEF(.AREA.,$,#2206,7.13220338983051,0.08);
#2208=IFCCARTESIANPOINT((0.,0.,0.1));
#2209=IFCAXIS2PLACEMENT3D(#2208,$,$);
#2210=IFCDIRECTION((0.,0.,1.));
#2211=IFCEXTRUDEDAREASOLID(#2207,#2209,#2210,2.5);
#2212=IFCSTYLEDITEM(#2211,(#32),$);
#2213=IFCCARTESIANPOINT((0.04,2.83796610169492));
#2214=IFCAXIS2PLACEMENT2D(#2213,$);
#2215=IFCRECTANGLEPROFILEDEF(.AREA.,$,#2214,0.08,2.43254237288136);
#2216=IFCCARTESIANPOINT((0.,0.,0.1));
#2217=IFCAXIS2PLACEMENT3D(#2216,$,$);
#2218=IFCDIRECTION((0.,0.,1.));
#2219=IFCEXTRUDEDAREASOLID(#2215,#2217,#2218,2.5);
#2220=IFCSTYLEDITEM(#2219,(#32),$);
#2221=IFCCARTESIANPOINT((7.09220338983051,2.83796610169492));
#2222=IFCAXIS2PLACEMENT2D(#2221,$);
#2223=IFCRECTANGLEPROFILEDEF(.AREA.,$,#2222,0.08,2.43254237288136);
#2224=IFCCARTESIANPOINT((0.,0.,0.1));
#2225=IFCAXIS2PLACEMENT3D(#2224,$,$);
#2226=IFCDIRECTION((0.,0.,1.));
#2227=IFCEXTRUDEDAREASOLID(#2223,#2225,#2226,2.5);
#2228=IFCSTYLEDITEM(#2227,(#32),$);
#2229=IFCBUILDINGELEMENTPROXY('3j6OrHvlzAD8wlvzUydVjL',$,'C4 - VALROM','Stand expozitional generic - VALROM',$,#2239,#2234,$,$);
#2233=IFCSHAPEREPRESENTATION(#11,'Body','SweptSolid',(#2203,#2211,#2219,#2227));
#2234=IFCPRODUCTDEFINITIONSHAPE($,$,(#2233));
#2235=IFCCARTESIANPOINT((142.562711864407,22.1830508474576,0.));
#2236=IFCDIRECTION((0.,0.,1.));
#2237=IFCDIRECTION((1.,0.,0.));
#2238=IFCAXIS2PLACEMENT3D(#2235,#2236,#2237);
#2239=IFCLOCALPLACEMENT(#26,#2238);
#2240=IFCPROPERTYSET('1fM$OKqAP6lP$caT_U7zla',$,'NZEB_ExhibitorInfo',$,(#2242,#2243,#2244,#2245,#2246,#2247,#2248,#2249,#2250));
#2241=IFCRELDEFINESBYPROPERTIES('1SxBPSq$HFSQb$rsRXMUYn',$,$,$,(#2229),#2240);
#2242=IFCPROPERTYSINGLEVALUE('CompanyName',$,IFCLABEL('VALROM'),$);
#2243=IFCPROPERTYSINGLEVALUE('StandNumber',$,IFCLABEL('C4'),$);
#2244=IFCPROPERTYSINGLEVALUE('Zone',$,IFCLABEL('ZONA 6'),$);
#2245=IFCPROPERTYSINGLEVALUE('AreaSqm',$,IFCREAL(28.9),$);
#2246=IFCPROPERTYSINGLEVALUE('Category',$,IFCLABEL('HVAC, incalzire, ventilatie si instalatii'),$);
#2247=IFCPROPERTYSINGLEVALUE('CategoryCode',$,IFCLABEL('C03'),$);
#2248=IFCPROPERTYSINGLEVALUE('Indoor',$,IFCBOOLEAN(.T.),$);
#2249=IFCPROPERTYSINGLEVALUE('Event',$,IFCLABEL('NZEB Expo Bucuresti 2026'),$);
#2250=IFCPROPERTYSINGLEVALUE('Website',$,IFCLABEL('https://www.valrom.ro'),$);
#2251=IFCCARTESIANPOINT((1.74915254237288,2.11525423728814));
#2252=IFCAXIS2PLACEMENT2D(#2251,$);
#2253=IFCRECTANGLEPROFILEDEF(.AREA.,$,#2252,3.49830508474576,4.23050847457627);
#2254=IFCCARTESIANPOINT((0.,0.,0.));
#2255=IFCAXIS2PLACEMENT3D(#2254,$,$);
#2256=IFCDIRECTION((0.,0.,1.));
#2257=IFCEXTRUDEDAREASOLID(#2253,#2255,#2256,0.1);
#2258=IFCSTYLEDITEM(#2257,(#101),$);
#2259=IFCCARTESIANPOINT((1.74915254237288,4.19050847457627));
#2260=IFCAXIS2PLACEMENT2D(#2259,$);
#2261=IFCRECTANGLEPROFILEDEF(.AREA.,$,#2260,3.49830508474576,0.08);
#2262=IFCCARTESIANPOINT((0.,0.,0.1));
#2263=IFCAXIS2PLACEMENT3D(#2262,$,$);
#2264=IFCDIRECTION((0.,0.,1.));
#2265=IFCEXTRUDEDAREASOLID(#2261,#2263,#2264,2.5);
#2266=IFCSTYLEDITEM(#2265,(#32),$);
#2267=IFCCARTESIANPOINT((0.04,2.96135593220339));
#2268=IFCAXIS2PLACEMENT2D(#2267,$);
#2269=IFCRECTANGLEPROFILEDEF(.AREA.,$,#2268,0.08,2.53830508474576);
#2270=IFCCARTESIANPOINT((0.,0.,0.1));
#2271=IFCAXIS2PLACEMENT3D(#2270,$,$);
#2272=IFCDIRECTION((0.,0.,1.));
#2273=IFCEXTRUDEDAREASOLID(#2269,#2271,#2272,2.5);
#2274=IFCSTYLEDITEM(#2273,(#32),$);
#2275=IFCCARTESIANPOINT((3.45830508474576,2.96135593220339));
#2276=IFCAXIS2PLACEMENT2D(#2275,$);
#2277=IFCRECTANGLEPROFILEDEF(.AREA.,$,#2276,0.08,2.53830508474576);
#2278=IFCCARTESIANPOINT((0.,0.,0.1));
#2279=IFCAXIS2PLACEMENT3D(#2278,$,$);
#2280=IFCDIRECTION((0.,0.,1.));
#2281=IFCEXTRUDEDAREASOLID(#2277,#2279,#2280,2.5);
#2282=IFCSTYLEDITEM(#2281,(#32),$);
#2283=IFCBUILDINGELEMENTPROXY('11lcEYibj35vKH3DIpyA3e',$,'D6 - DARCOM','Stand expozitional generic - DARCOM',$,#2293,#2288,$,$);
#2287=IFCSHAPEREPRESENTATION(#11,'Body','SweptSolid',(#2257,#2265,#2273,#2281));
#2288=IFCPRODUCTDEFINITIONSHAPE($,$,(#2287));
#2289=IFCCARTESIANPOINT((135.077966101695,33.4101694915254,0.));
#2290=IFCDIRECTION((0.,0.,1.));
#2291=IFCDIRECTION((1.,0.,0.));
#2292=IFCAXIS2PLACEMENT3D(#2289,#2290,#2291);
#2293=IFCLOCALPLACEMENT(#26,#2292);
#2294=IFCPROPERTYSET('1k7ufCZ7v6AAP4CvVDaOTU',$,'NZEB_ExhibitorInfo',$,(#2296,#2297,#2298,#2299,#2300,#2301,#2302,#2303));
#2295=IFCRELDEFINESBYPROPERTIES('18sV3Z6zH5GQoCoZ7LWZZU',$,$,$,(#2283),#2294);
#2296=IFCPROPERTYSINGLEVALUE('CompanyName',$,IFCLABEL('DARCOM'),$);
#2297=IFCPROPERTYSINGLEVALUE('StandNumber',$,IFCLABEL('D6'),$);
#2298=IFCPROPERTYSINGLEVALUE('Zone',$,IFCLABEL('ZONA 6'),$);
#2299=IFCPROPERTYSINGLEVALUE('AreaSqm',$,IFCREAL(14.8),$);
#2300=IFCPROPERTYSINGLEVALUE('Category',$,IFCLABEL('Produse si servicii pentru constructii (general)'),$);
#2301=IFCPROPERTYSINGLEVALUE('CategoryCode',$,IFCLABEL('C99'),$);
#2302=IFCPROPERTYSINGLEVALUE('Indoor',$,IFCBOOLEAN(.T.),$);
#2303=IFCPROPERTYSINGLEVALUE('Event',$,IFCLABEL('NZEB Expo Bucuresti 2026'),$);
#2304=IFCCARTESIANPOINT((3.56610169491525,1.79661016949153));
#2305=IFCAXIS2PLACEMENT2D(#2304,$);
#2306=IFCRECTANGLEPROFILEDEF(.AREA.,$,#2305,7.13220338983051,3.59322033898305);
#2307=IFCCARTESIANPOINT((0.,0.,0.));
#2308=IFCAXIS2PLACEMENT3D(#2307,$,$);
#2309=IFCDIRECTION((0.,0.,1.));
#2310=IFCEXTRUDEDAREASOLID(#2306,#2308,#2309,0.1);
#2311=IFCSTYLEDITEM(#2310,(#101),$);
#2312=IFCCARTESIANPOINT((3.56610169491525,3.55322033898305));
#2313=IFCAXIS2PLACEMENT2D(#2312,$);
#2314=IFCRECTANGLEPROFILEDEF(.AREA.,$,#2313,7.13220338983051,0.08);
#2315=IFCCARTESIANPOINT((0.,0.,0.1));
#2316=IFCAXIS2PLACEMENT3D(#2315,$,$);
#2317=IFCDIRECTION((0.,0.,1.));
#2318=IFCEXTRUDEDAREASOLID(#2314,#2316,#2317,2.5);
#2319=IFCSTYLEDITEM(#2318,(#32),$);
#2320=IFCCARTESIANPOINT((0.04,2.51525423728814));
#2321=IFCAXIS2PLACEMENT2D(#2320,$);
#2322=IFCRECTANGLEPROFILEDEF(.AREA.,$,#2321,0.08,2.15593220338983);
#2323=IFCCARTESIANPOINT((0.,0.,0.1));
#2324=IFCAXIS2PLACEMENT3D(#2323,$,$);
#2325=IFCDIRECTION((0.,0.,1.));
#2326=IFCEXTRUDEDAREASOLID(#2322,#2324,#2325,2.5);
#2327=IFCSTYLEDITEM(#2326,(#32),$);
#2328=IFCCARTESIANPOINT((7.09220338983051,2.51525423728814));
#2329=IFCAXIS2PLACEMENT2D(#2328,$);
#2330=IFCRECTANGLEPROFILEDEF(.AREA.,$,#2329,0.08,2.15593220338983);
#2331=IFCCARTESIANPOINT((0.,0.,0.1));
#2332=IFCAXIS2PLACEMENT3D(#2331,$,$);
#2333=IFCDIRECTION((0.,0.,1.));
#2334=IFCEXTRUDEDAREASOLID(#2330,#2332,#2333,2.5);
#2335=IFCSTYLEDITEM(#2334,(#32),$);
#2336=IFCBUILDINGELEMENTPROXY('2PBxN3APjEPQtro5pXg6rQ',$,'C7 - COLOR METAL','Stand expozitional generic - COLOR METAL',$,#2346,#2341,$,$);
#2340=IFCSHAPEREPRESENTATION(#11,'Body','SweptSolid',(#2310,#2318,#2326,#2334));
#2341=IFCPRODUCTDEFINITIONSHAPE($,$,(#2340));
#2342=IFCCARTESIANPOINT((142.562711864407,36.9491525423729,0.));
#2343=IFCDIRECTION((0.,0.,1.));
#2344=IFCDIRECTION((1.,0.,0.));
#2345=IFCAXIS2PLACEMENT3D(#2342,#2343,#2344);
#2346=IFCLOCALPLACEMENT(#26,#2345);
#2347=IFCPROPERTYSET('00J9awKJz1ZfpNzWrXNlf0',$,'NZEB_ExhibitorInfo',$,(#2349,#2350,#2351,#2352,#2353,#2354,#2355,#2356));
#2348=IFCRELDEFINESBYPROPERTIES('0QNjf_vN58yQjLQ5vUBYAg',$,$,$,(#2336),#2347);
#2349=IFCPROPERTYSINGLEVALUE('CompanyName',$,IFCLABEL('COLOR METAL'),$);
#2350=IFCPROPERTYSINGLEVALUE('StandNumber',$,IFCLABEL('C7'),$);
#2351=IFCPROPERTYSINGLEVALUE('Zone',$,IFCLABEL('ZONA 6'),$);
#2352=IFCPROPERTYSINGLEVALUE('AreaSqm',$,IFCREAL(25.6),$);
#2353=IFCPROPERTYSINGLEVALUE('Category',$,IFCLABEL('Produse si servicii pentru constructii (general)'),$);
#2354=IFCPROPERTYSINGLEVALUE('CategoryCode',$,IFCLABEL('C99'),$);
#2355=IFCPROPERTYSINGLEVALUE('Indoor',$,IFCBOOLEAN(.T.),$);
#2356=IFCPROPERTYSINGLEVALUE('Event',$,IFCLABEL('NZEB Expo Bucuresti 2026'),$);
#2357=IFCCARTESIANPOINT((3.56610169491525,1.76271186440678));
#2358=IFCAXIS2PLACEMENT2D(#2357,$);
#2359=IFCRECTANGLEPROFILEDEF(.AREA.,$,#2358,7.13220338983051,3.52542372881356);
#2360=IFCCARTESIANPOINT((0.,0.,0.));
#2361=IFCAXIS2PLACEMENT3D(#2360,$,$);
#2362=IFCDIRECTION((0.,0.,1.));
#2363=IFCEXTRUDEDAREASOLID(#2359,#2361,#2362,0.1);
#2364=IFCSTYLEDITEM(#2363,(#101),$);
#2365=IFCCARTESIANPOINT((3.56610169491525,3.48542372881356));
#2366=IFCAXIS2PLACEMENT2D(#2365,$);
#2367=IFCRECTANGLEPROFILEDEF(.AREA.,$,#2366,7.13220338983051,0.08);
#2368=IFCCARTESIANPOINT((0.,0.,0.1));
#2369=IFCAXIS2PLACEMENT3D(#2368,$,$);
#2370=IFCDIRECTION((0.,0.,1.));
#2371=IFCEXTRUDEDAREASOLID(#2367,#2369,#2370,2.5);
#2372=IFCSTYLEDITEM(#2371,(#32),$);
#2373=IFCCARTESIANPOINT((0.04,2.46779661016949));
#2374=IFCAXIS2PLACEMENT2D(#2373,$);
#2375=IFCRECTANGLEPROFILEDEF(.AREA.,$,#2374,0.08,2.11525423728814);
#2376=IFCCARTESIANPOINT((0.,0.,0.1));
#2377=IFCAXIS2PLACEMENT3D(#2376,$,$);
#2378=IFCDIRECTION((0.,0.,1.));
#2379=IFCEXTRUDEDAREASOLID(#2375,#2377,#2378,2.5);
#2380=IFCSTYLEDITEM(#2379,(#32),$);
#2381=IFCCARTESIANPOINT((7.09220338983051,2.46779661016949));
#2382=IFCAXIS2PLACEMENT2D(#2381,$);
#2383=IFCRECTANGLEPROFILEDEF(.AREA.,$,#2382,0.08,2.11525423728814);
#2384=IFCCARTESIANPOINT((0.,0.,0.1));
#2385=IFCAXIS2PLACEMENT3D(#2384,$,$);
#2386=IFCDIRECTION((0.,0.,1.));
#2387=IFCEXTRUDEDAREASOLID(#2383,#2385,#2386,2.5);
#2388=IFCSTYLEDITEM(#2387,(#32),$);
#2389=IFCBUILDINGELEMENTPROXY('3KZMZ$__bDBxL9PFxOj$sb',$,'C6 - LUISS DANPROD','Stand expozitional generic - LUISS DANPROD',$,#2399,#2394,$,$);
#2393=IFCSHAPEREPRESENTATION(#11,'Body','SweptSolid',(#2363,#2371,#2379,#2387));
#2394=IFCPRODUCTDEFINITIONSHAPE($,$,(#2393));
#2395=IFCCARTESIANPOINT((142.562711864407,33.4237288135593,0.));
#2396=IFCDIRECTION((0.,0.,1.));
#2397=IFCDIRECTION((1.,0.,0.));
#2398=IFCAXIS2PLACEMENT3D(#2395,#2396,#2397);
#2399=IFCLOCALPLACEMENT(#26,#2398);
#2400=IFCPROPERTYSET('3DW$vPZ494s9kTeONBRCL3',$,'NZEB_ExhibitorInfo',$,(#2402,#2403,#2404,#2405,#2406,#2407,#2408,#2409));
#2401=IFCRELDEFINESBYPROPERTIES('3U7BU95dj1aAJ816gYhfIy',$,$,$,(#2389),#2400);
#2402=IFCPROPERTYSINGLEVALUE('CompanyName',$,IFCLABEL('LUISS DANPROD'),$);
#2403=IFCPROPERTYSINGLEVALUE('StandNumber',$,IFCLABEL('C6'),$);
#2404=IFCPROPERTYSINGLEVALUE('Zone',$,IFCLABEL('ZONA 6'),$);
#2405=IFCPROPERTYSINGLEVALUE('AreaSqm',$,IFCREAL(25.1),$);
#2406=IFCPROPERTYSINGLEVALUE('Category',$,IFCLABEL('Produse si servicii pentru constructii (general)'),$);
#2407=IFCPROPERTYSINGLEVALUE('CategoryCode',$,IFCLABEL('C99'),$);
#2408=IFCPROPERTYSINGLEVALUE('Indoor',$,IFCBOOLEAN(.T.),$);
#2409=IFCPROPERTYSINGLEVALUE('Event',$,IFCLABEL('NZEB Expo Bucuresti 2026'),$);
#2410=IFCCARTESIANPOINT((3.51864406779661,1.54576271186441));
#2411=IFCAXIS2PLACEMENT2D(#2410,$);
#2412=IFCRECTANGLEPROFILEDEF(.AREA.,$,#2411,7.03728813559322,3.09152542372881);
#2413=IFCCARTESIANPOINT((0.,0.,0.));
#2414=IFCAXIS2PLACEMENT3D(#2413,$,$);
#2415=IFCDIRECTION((0.,0.,1.));
#2416=IFCEXTRUDEDAREASOLID(#2412,#2414,#2415,0.1);
#2417=IFCSTYLEDITEM(#2416,(#98),$);
#2418=IFCCARTESIANPOINT((3.51864406779661,3.05152542372881));
#2419=IFCAXIS2PLACEMENT2D(#2418,$);
#2420=IFCRECTANGLEPROFILEDEF(.AREA.,$,#2419,7.03728813559322,0.08);
#2421=IFCCARTESIANPOINT((0.,0.,0.1));
#2422=IFCAXIS2PLACEMENT3D(#2421,$,$);
#2423=IFCDIRECTION((0.,0.,1.));
#2424=IFCEXTRUDEDAREASOLID(#2420,#2422,#2423,2.5);
#2425=IFCSTYLEDITEM(#2424,(#32),$);
#2426=IFCCARTESIANPOINT((0.04,2.16406779661017));
#2427=IFCAXIS2PLACEMENT2D(#2426,$);
#2428=IFCRECTANGLEPROFILEDEF(.AREA.,$,#2427,0.08,1.85491525423729);
#2429=IFCCARTESIANPOINT((0.,0.,0.1));
#2430=IFCAXIS2PLACEMENT3D(#2429,$,$);
#2431=IFCDIRECTION((0.,0.,1.));
#2432=IFCEXTRUDEDAREASOLID(#2428,#2430,#2431,2.5);
#2433=IFCSTYLEDITEM(#2432,(#32),$);
#2434=IFCCARTESIANPOINT((6.99728813559322,2.16406779661017));
#2435=IFCAXIS2PLACEMENT2D(#2434,$);
#2436=IFCRECTANGLEPROFILEDEF(.AREA.,$,#2435,0.08,1.85491525423729);
#2437=IFCCARTESIANPOINT((0.,0.,0.1));
#2438=IFCAXIS2PLACEMENT3D(#2437,$,$);
#2439=IFCDIRECTION((0.,0.,1.));
#2440=IFCEXTRUDEDAREASOLID(#2436,#2438,#2439,2.5);
#2441=IFCSTYLEDITEM(#2440,(#32),$);
#2442=IFCBUILDINGELEMENTPROXY('2QdpdB8RTDIREiIkmbVieO',$,'D3 - ATX HVAC','Stand expozitional generic - ATX HVAC',$,#2452,#2447,$,$);
#2446=IFCSHAPEREPRESENTATION(#11,'Body','SweptSolid',(#2416,#2424,#2432,#2440));
#2447=IFCPRODUCTDEFINITIONSHAPE($,$,(#2446));
#2448=IFCCARTESIANPOINT((131.579661016949,14.7796610169492,0.));
#2449=IFCDIRECTION((0.,0.,1.));
#2450=IFCDIRECTION((1.,0.,0.));
#2451=IFCAXIS2PLACEMENT3D(#2448,#2449,#2450);
#2452=IFCLOCALPLACEMENT(#26,#2451);
#2453=IFCPROPERTYSET('2BZOvqgu9FnvULzzOZz26A',$,'NZEB_ExhibitorInfo',$,(#2455,#2456,#2457,#2458,#2459,#2460,#2461,#2462));
#2454=IFCRELDEFINESBYPROPERTIES('26sd8moej8P87nE0JlhMuT',$,$,$,(#2442),#2453);
#2455=IFCPROPERTYSINGLEVALUE('CompanyName',$,IFCLABEL('ATX HVAC'),$);
#2456=IFCPROPERTYSINGLEVALUE('StandNumber',$,IFCLABEL('D3'),$);
#2457=IFCPROPERTYSINGLEVALUE('Zone',$,IFCLABEL('ZONA 5'),$);
#2458=IFCPROPERTYSINGLEVALUE('AreaSqm',$,IFCREAL(21.8),$);
#2459=IFCPROPERTYSINGLEVALUE('Category',$,IFCLABEL('HVAC, incalzire, ventilatie si instalatii'),$);
#2460=IFCPROPERTYSINGLEVALUE('CategoryCode',$,IFCLABEL('C03'),$);
#2461=IFCPROPERTYSINGLEVALUE('Indoor',$,IFCBOOLEAN(.T.),$);
#2462=IFCPROPERTYSINGLEVALUE('Event',$,IFCLABEL('NZEB Expo Bucuresti 2026'),$);
#2463=IFCCARTESIANPOINT((2.0271186440678,2.0271186440678));
#2464=IFCAXIS2PLACEMENT2D(#2463,$);
#2465=IFCRECTANGLEPROFILEDEF(.AREA.,$,#2464,4.05423728813559,4.05423728813559);
#2466=IFCCARTESIANPOINT((0.,0.,0.));
#2467=IFCAXIS2PLACEMENT3D(#2466,$,$);
#2468=IFCDIRECTION((0.,0.,1.));
#2469=IFCEXTRUDEDAREASOLID(#2465,#2467,#2468,0.1);
#2470=IFCSTYLEDITEM(#2469,(#101),$);
#2471=IFCCARTESIANPOINT((2.0271186440678,4.01423728813559));
#2472=IFCAXIS2PLACEMENT2D(#2471,$);
#2473=IFCRECTANGLEPROFILEDEF(.AREA.,$,#2472,4.05423728813559,0.08);
#2474=IFCCARTESIANPOINT((0.,0.,0.1));
#2475=IFCAXIS2PLACEMENT3D(#2474,$,$);
#2476=IFCDIRECTION((0.,0.,1.));
#2477=IFCEXTRUDEDAREASOLID(#2473,#2475,#2476,2.5);
#2478=IFCSTYLEDITEM(#2477,(#32),$);
#2479=IFCCARTESIANPOINT((0.04,2.83796610169492));
#2480=IFCAXIS2PLACEMENT2D(#2479,$);
#2481=IFCRECTANGLEPROFILEDEF(.AREA.,$,#2480,0.08,2.43254237288136);
#2482=IFCCARTESIANPOINT((0.,0.,0.1));
#2483=IFCAXIS2PLACEMENT3D(#2482,$,$);
#2484=IFCDIRECTION((0.,0.,1.));
#2485=IFCEXTRUDEDAREASOLID(#2481,#2483,#2484,2.5);
#2486=IFCSTYLEDITEM(#2485,(#32),$);
#2487=IFCCARTESIANPOINT((4.01423728813559,2.83796610169492));
#2488=IFCAXIS2PLACEMENT2D(#2487,$);
#2489=IFCRECTANGLEPROFILEDEF(.AREA.,$,#2488,0.08,2.43254237288136);
#2490=IFCCARTESIANPOINT((0.,0.,0.1));
#2491=IFCAXIS2PLACEMENT3D(#2490,$,$);
#2492=IFCDIRECTION((0.,0.,1.));
#2493=IFCEXTRUDEDAREASOLID(#2489,#2491,#2492,2.5);
#2494=IFCSTYLEDITEM(#2493,(#32),$);
#2495=IFCBUILDINGELEMENTPROXY('0CbszqN7X3fgFS7XAgH0ys',$,'D1 - EXTREME SOLUTIONS','Stand expozitional generic - EXTREME SOLUTIONS',$,#2505,#2500,$,$);
#2499=IFCSHAPEREPRESENTATION(#11,'Body','SweptSolid',(#2469,#2477,#2485,#2493));
#2500=IFCPRODUCTDEFINITIONSHAPE($,$,(#2499));
#2501=IFCCARTESIANPOINT((134.562711864407,10.7525423728814,0.));
#2502=IFCDIRECTION((0.,0.,1.));
#2503=IFCDIRECTION((1.,0.,0.));
#2504=IFCAXIS2PLACEMENT3D(#2501,#2502,#2503);
#2505=IFCLOCALPLACEMENT(#26,#2504);
#2506=IFCPROPERTYSET('10cj1wpv964wFJkSSqbh2Q',$,'NZEB_ExhibitorInfo',$,(#2508,#2509,#2510,#2511,#2512,#2513,#2514,#2515));
#2507=IFCRELDEFINESBYPROPERTIES('0K5tU4glzCUxmVxDtRW_8U',$,$,$,(#2495),#2506);
#2508=IFCPROPERTYSINGLEVALUE('CompanyName',$,IFCLABEL('EXTREME SOLUTIONS'),$);
#2509=IFCPROPERTYSINGLEVALUE('StandNumber',$,IFCLABEL('D1'),$);
#2510=IFCPROPERTYSINGLEVALUE('Zone',$,IFCLABEL('ZONA 6'),$);
#2511=IFCPROPERTYSINGLEVALUE('AreaSqm',$,IFCREAL(16.4),$);
#2512=IFCPROPERTYSINGLEVALUE('Category',$,IFCLABEL('Produse si servicii pentru constructii (general)'),$);
#2513=IFCPROPERTYSINGLEVALUE('CategoryCode',$,IFCLABEL('C99'),$);
#2514=IFCPROPERTYSINGLEVALUE('Indoor',$,IFCBOOLEAN(.T.),$);
#2515=IFCPROPERTYSINGLEVALUE('Event',$,IFCLABEL('NZEB Expo Bucuresti 2026'),$);
#2516=IFCCARTESIANPOINT((1.49830508474576,2.0271186440678));
#2517=IFCAXIS2PLACEMENT2D(#2516,$);
#2518=IFCRECTANGLEPROFILEDEF(.AREA.,$,#2517,2.99661016949153,4.05423728813559);
#2519=IFCCARTESIANPOINT((0.,0.,0.));
#2520=IFCAXIS2PLACEMENT3D(#2519,$,$);
#2521=IFCDIRECTION((0.,0.,1.));
#2522=IFCEXTRUDEDAREASOLID(#2518,#2520,#2521,0.1);
#2523=IFCSTYLEDITEM(#2522,(#98),$);
#2524=IFCCARTESIANPOINT((1.49830508474576,4.01423728813559));
#2525=IFCAXIS2PLACEMENT2D(#2524,$);
#2526=IFCRECTANGLEPROFILEDEF(.AREA.,$,#2525,2.99661016949153,0.08);
#2527=IFCCARTESIANPOINT((0.,0.,0.1));
#2528=IFCAXIS2PLACEMENT3D(#2527,$,$);
#2529=IFCDIRECTION((0.,0.,1.));
#2530=IFCEXTRUDEDAREASOLID(#2526,#2528,#2529,2.5);
#2531=IFCSTYLEDITEM(#2530,(#32),$);
#2532=IFCCARTESIANPOINT((0.04,2.83796610169492));
#2533=IFCAXIS2PLACEMENT2D(#2532,$);
#2534=IFCRECTANGLEPROFILEDEF(.AREA.,$,#2533,0.08,2.43254237288136);
#2535=IFCCARTESIANPOINT((0.,0.,0.1));
#2536=IFCAXIS2PLACEMENT3D(#2535,$,$);
#2537=IFCDIRECTION((0.,0.,1.));
#2538=IFCEXTRUDEDAREASOLID(#2534,#2536,#2537,2.5);
#2539=IFCSTYLEDITEM(#2538,(#32),$);
#2540=IFCCARTESIANPOINT((2.95661016949153,2.83796610169492));
#2541=IFCAXIS2PLACEMENT2D(#2540,$);
#2542=IFCRECTANGLEPROFILEDEF(.AREA.,$,#2541,0.08,2.43254237288136);
#2543=IFCCARTESIANPOINT((0.,0.,0.1));
#2544=IFCAXIS2PLACEMENT3D(#2543,$,$);
#2545=IFCDIRECTION((0.,0.,1.));
#2546=IFCEXTRUDEDAREASOLID(#2542,#2544,#2545,2.5);
#2547=IFCSTYLEDITEM(#2546,(#32),$);
#2548=IFCBUILDINGELEMENTPROXY('0dAblI1Az6exiIf_ylGNmx',$,'D2 - AGROLAND CONSULT','Stand expozitional generic - AGROLAND CONSULT',$,#2558,#2553,$,$);
#2552=IFCSHAPEREPRESENTATION(#11,'Body','SweptSolid',(#2522,#2530,#2538,#2546));
#2553=IFCPRODUCTDEFINITIONSHAPE($,$,(#2552));
#2554=IFCCARTESIANPOINT((131.498305084746,10.7796610169491,0.));
#2555=IFCDIRECTION((0.,0.,1.));
#2556=IFCDIRECTION((1.,0.,0.));
#2557=IFCAXIS2PLACEMENT3D(#2554,#2555,#2556);
#2558=IFCLOCALPLACEMENT(#26,#2557);
#2559=IFCPROPERTYSET('0hbjnrZ_T8NBub8u77FolT',$,'NZEB_ExhibitorInfo',$,(#2561,#2562,#2563,#2564,#2565,#2566,#2567,#2568));
#2560=IFCRELDEFINESBYPROPERTIES('0HhJfxOYP3BfZZYOKhafEn',$,$,$,(#2548),#2559);
#2561=IFCPROPERTYSINGLEVALUE('CompanyName',$,IFCLABEL('AGROLAND CONSULT'),$);
#2562=IFCPROPERTYSINGLEVALUE('StandNumber',$,IFCLABEL('D2'),$);
#2563=IFCPROPERTYSINGLEVALUE('Zone',$,IFCLABEL('ZONA 5'),$);
#2564=IFCPROPERTYSINGLEVALUE('AreaSqm',$,IFCREAL(12.1),$);
#2565=IFCPROPERTYSINGLEVALUE('Category',$,IFCLABEL('Produse si servicii pentru constructii (general)'),$);
#2566=IFCPROPERTYSINGLEVALUE('CategoryCode',$,IFCLABEL('C99'),$);
#2567=IFCPROPERTYSINGLEVALUE('Indoor',$,IFCBOOLEAN(.T.),$);
#2568=IFCPROPERTYSINGLEVALUE('Event',$,IFCLABEL('NZEB Expo Bucuresti 2026'),$);
#2569=IFCCARTESIANPOINT((3.53220338983051,1.54576271186441));
#2570=IFCAXIS2PLACEMENT2D(#2569,$);
#2571=IFCRECTANGLEPROFILEDEF(.AREA.,$,#2570,7.06440677966102,3.09152542372881);
#2572=IFCCARTESIANPOINT((0.,0.,0.));
#2573=IFCAXIS2PLACEMENT3D(#2572,$,$);
#2574=IFCDIRECTION((0.,0.,1.));
#2575=IFCEXTRUDEDAREASOLID(#2571,#2573,#2574,0.1);
#2576=IFCSTYLEDITEM(#2575,(#101),$);
#2577=IFCCARTESIANPOINT((3.53220338983051,3.05152542372881));
#2578=IFCAXIS2PLACEMENT2D(#2577,$);
#2579=IFCRECTANGLEPROFILEDEF(.AREA.,$,#2578,7.06440677966102,0.08);
#2580=IFCCARTESIANPOINT((0.,0.,0.1));
#2581=IFCAXIS2PLACEMENT3D(#2580,$,$);
#2582=IFCDIRECTION((0.,0.,1.));
#2583=IFCEXTRUDEDAREASOLID(#2579,#2581,#2582,2.5);
#2584=IFCSTYLEDITEM(#2583,(#32),$);
#2585=IFCCARTESIANPOINT((0.04,2.16406779661017));
#2586=IFCAXIS2PLACEMENT2D(#2585,$);
#2587=IFCRECTANGLEPROFILEDEF(.AREA.,$,#2586,0.08,1.85491525423729);
#2588=IFCCARTESIANPOINT((0.,0.,0.1));
#2589=IFCAXIS2PLACEMENT3D(#2588,$,$);
#2590=IFCDIRECTION((0.,0.,1.));
#2591=IFCEXTRUDEDAREASOLID(#2587,#2589,#2590,2.5);
#2592=IFCSTYLEDITEM(#2591,(#32),$);
#2593=IFCCARTESIANPOINT((7.02440677966102,2.16406779661017));
#2594=IFCAXIS2PLACEMENT2D(#2593,$);
#2595=IFCRECTANGLEPROFILEDEF(.AREA.,$,#2594,0.08,1.85491525423729);
#2596=IFCCARTESIANPOINT((0.,0.,0.1));
#2597=IFCAXIS2PLACEMENT3D(#2596,$,$);
#2598=IFCDIRECTION((0.,0.,1.));
#2599=IFCEXTRUDEDAREASOLID(#2595,#2597,#2598,2.5);
#2600=IFCSTYLEDITEM(#2599,(#32),$);
#2601=IFCBUILDINGELEMENTPROXY('2xBoszmeH7PvvJWJUkseR6',$,'C3 - TESTO ROM','Stand expozitional generic - TESTO ROM',$,#2611,#2606,$,$);
#2605=IFCSHAPEREPRESENTATION(#11,'Body','SweptSolid',(#2575,#2583,#2591,#2599));
#2606=IFCPRODUCTDEFINITIONSHAPE($,$,(#2605));
#2607=IFCCARTESIANPOINT((142.657627118644,14.7525423728814,0.));
#2608=IFCDIRECTION((0.,0.,1.));
#2609=IFCDIRECTION((1.,0.,0.));
#2610=IFCAXIS2PLACEMENT3D(#2607,#2608,#2609);
#2611=IFCLOCALPLACEMENT(#26,#2610);
#2612=IFCPROPERTYSET('3RNVNIV6j5fuxZg88Op70U',$,'NZEB_ExhibitorInfo',$,(#2614,#2615,#2616,#2617,#2618,#2619,#2620,#2621,#2622));
#2613=IFCRELDEFINESBYPROPERTIES('0IRCCVwhv8ugeWrusWQ24U',$,$,$,(#2601),#2612);
#2614=IFCPROPERTYSINGLEVALUE('CompanyName',$,IFCLABEL('TESTO ROM'),$);
#2615=IFCPROPERTYSINGLEVALUE('StandNumber',$,IFCLABEL('C3'),$);
#2616=IFCPROPERTYSINGLEVALUE('Zone',$,IFCLABEL('ZONA 6'),$);
#2617=IFCPROPERTYSINGLEVALUE('AreaSqm',$,IFCREAL(21.8),$);
#2618=IFCPROPERTYSINGLEVALUE('Category',$,IFCLABEL('Scule, unelte, fixari si echipamente de masura'),$);
#2619=IFCPROPERTYSINGLEVALUE('CategoryCode',$,IFCLABEL('C07'),$);
#2620=IFCPROPERTYSINGLEVALUE('Indoor',$,IFCBOOLEAN(.T.),$);
#2621=IFCPROPERTYSINGLEVALUE('Event',$,IFCLABEL('NZEB Expo Bucuresti 2026'),$);
#2622=IFCPROPERTYSINGLEVALUE('Website',$,IFCLABEL('https://www.testo.com'),$);
#2623=IFCCARTESIANPOINT((2.0271186440678,2.0271186440678));
#2624=IFCAXIS2PLACEMENT2D(#2623,$);
#2625=IFCRECTANGLEPROFILEDEF(.AREA.,$,#2624,4.05423728813559,4.05423728813559);
#2626=IFCCARTESIANPOINT((0.,0.,0.));
#2627=IFCAXIS2PLACEMENT3D(#2626,$,$);
#2628=IFCDIRECTION((0.,0.,1.));
#2629=IFCEXTRUDEDAREASOLID(#2625,#2627,#2628,0.1);
#2630=IFCSTYLEDITEM(#2629,(#101),$);
#2631=IFCCARTESIANPOINT((2.0271186440678,4.01423728813559));
#2632=IFCAXIS2PLACEMENT2D(#2631,$);
#2633=IFCRECTANGLEPROFILEDEF(.AREA.,$,#2632,4.05423728813559,0.08);
#2634=IFCCARTESIANPOINT((0.,0.,0.1));
#2635=IFCAXIS2PLACEMENT3D(#2634,$,$);
#2636=IFCDIRECTION((0.,0.,1.));
#2637=IFCEXTRUDEDAREASOLID(#2633,#2635,#2636,2.5);
#2638=IFCSTYLEDITEM(#2637,(#32),$);
#2639=IFCCARTESIANPOINT((0.04,2.83796610169492));
#2640=IFCAXIS2PLACEMENT2D(#2639,$);
#2641=IFCRECTANGLEPROFILEDEF(.AREA.,$,#2640,0.08,2.43254237288136);
#2642=IFCCARTESIANPOINT((0.,0.,0.1));
#2643=IFCAXIS2PLACEMENT3D(#2642,$,$);
#2644=IFCDIRECTION((0.,0.,1.));
#2645=IFCEXTRUDEDAREASOLID(#2641,#2643,#2644,2.5);
#2646=IFCSTYLEDITEM(#2645,(#32),$);
#2647=IFCCARTESIANPOINT((4.01423728813559,2.83796610169492));
#2648=IFCAXIS2PLACEMENT2D(#2647,$);
#2649=IFCRECTANGLEPROFILEDEF(.AREA.,$,#2648,0.08,2.43254237288136);
#2650=IFCCARTESIANPOINT((0.,0.,0.1));
#2651=IFCAXIS2PLACEMENT3D(#2650,$,$);
#2652=IFCDIRECTION((0.,0.,1.));
#2653=IFCEXTRUDEDAREASOLID(#2649,#2651,#2652,2.5);
#2654=IFCSTYLEDITEM(#2653,(#32),$);
#2655=IFCBUILDINGELEMENTPROXY('0pebLnBR908uvfWD53DfRT',$,'C1 - SOUDAL','Stand expozitional generic - SOUDAL',$,#2665,#2660,$,$);
#2659=IFCSHAPEREPRESENTATION(#11,'Body','SweptSolid',(#2629,#2637,#2645,#2653));
#2660=IFCPRODUCTDEFINITIONSHAPE($,$,(#2659));
#2661=IFCCARTESIANPOINT((145.667796610169,10.6847457627119,0.));
#2662=IFCDIRECTION((0.,0.,1.));
#2663=IFCDIRECTION((1.,0.,0.));
#2664=IFCAXIS2PLACEMENT3D(#2661,#2662,#2663);
#2665=IFCLOCALPLACEMENT(#26,#2664);
#2666=IFCPROPERTYSET('2rWXTd96f47xMNRCkhfyTy',$,'NZEB_ExhibitorInfo',$,(#2668,#2669,#2670,#2671,#2672,#2673,#2674,#2675,#2676));
#2667=IFCRELDEFINESBYPROPERTIES('1JjGayCJH6QfsQv_DF9SVJ',$,$,$,(#2655),#2666);
#2668=IFCPROPERTYSINGLEVALUE('CompanyName',$,IFCLABEL('SOUDAL'),$);
#2669=IFCPROPERTYSINGLEVALUE('StandNumber',$,IFCLABEL('C1'),$);
#2670=IFCPROPERTYSINGLEVALUE('Zone',$,IFCLABEL('ZONA 6'),$);
#2671=IFCPROPERTYSINGLEVALUE('AreaSqm',$,IFCREAL(16.4),$);
#2672=IFCPROPERTYSINGLEVALUE('Category',$,IFCLABEL('Chimie pentru constructii (adezivi, spume, etansari)'),$);
#2673=IFCPROPERTYSINGLEVALUE('CategoryCode',$,IFCLABEL('C06'),$);
#2674=IFCPROPERTYSINGLEVALUE('Indoor',$,IFCBOOLEAN(.T.),$);
#2675=IFCPROPERTYSINGLEVALUE('Event',$,IFCLABEL('NZEB Expo Bucuresti 2026'),$);
#2676=IFCPROPERTYSINGLEVALUE('Website',$,IFCLABEL('https://www.soudal.com'),$);
#2677=IFCCARTESIANPOINT((1.49830508474576,2.0271186440678));
#2678=IFCAXIS2PLACEMENT2D(#2677,$);
#2679=IFCRECTANGLEPROFILEDEF(.AREA.,$,#2678,2.99661016949153,4.05423728813559);
#2680=IFCCARTESIANPOINT((0.,0.,0.));
#2681=IFCAXIS2PLACEMENT3D(#2680,$,$);
#2682=IFCDIRECTION((0.,0.,1.));
#2683=IFCEXTRUDEDAREASOLID(#2679,#2681,#2682,0.1);
#2684=IFCSTYLEDITEM(#2683,(#101),$);
#2685=IFCCARTESIANPOINT((1.49830508474576,4.01423728813559));
#2686=IFCAXIS2PLACEMENT2D(#2685,$);
#2687=IFCRECTANGLEPROFILEDEF(.AREA.,$,#2686,2.99661016949153,0.08);
#2688=IFCCARTESIANPOINT((0.,0.,0.1));
#2689=IFCAXIS2PLACEMENT3D(#2688,$,$);
#2690=IFCDIRECTION((0.,0.,1.));
#2691=IFCEXTRUDEDAREASOLID(#2687,#2689,#2690,2.5);
#2692=IFCSTYLEDITEM(#2691,(#32),$);
#2693=IFCCARTESIANPOINT((0.04,2.83796610169492));
#2694=IFCAXIS2PLACEMENT2D(#2693,$);
#2695=IFCRECTANGLEPROFILEDEF(.AREA.,$,#2694,0.08,2.43254237288136);
#2696=IFCCARTESIANPOINT((0.,0.,0.1));
#2697=IFCAXIS2PLACEMENT3D(#2696,$,$);
#2698=IFCDIRECTION((0.,0.,1.));
#2699=IFCEXTRUDEDAREASOLID(#2695,#2697,#2698,2.5);
#2700=IFCSTYLEDITEM(#2699,(#32),$);
#2701=IFCCARTESIANPOINT((2.95661016949153,2.83796610169492));
#2702=IFCAXIS2PLACEMENT2D(#2701,$);
#2703=IFCRECTANGLEPROFILEDEF(.AREA.,$,#2702,0.08,2.43254237288136);
#2704=IFCCARTESIANPOINT((0.,0.,0.1));
#2705=IFCAXIS2PLACEMENT3D(#2704,$,$);
#2706=IFCDIRECTION((0.,0.,1.));
#2707=IFCEXTRUDEDAREASOLID(#2703,#2705,#2706,2.5);
#2708=IFCSTYLEDITEM(#2707,(#32),$);
#2709=IFCBUILDINGELEMENTPROXY('3KTwOTdQLECxhWb$Gara$f',$,'C2 - HECO - SCHRAUBEN','Stand expozitional generic - HECO - SCHRAUBEN',$,#2719,#2714,$,$);
#2713=IFCSHAPEREPRESENTATION(#11,'Body','SweptSolid',(#2683,#2691,#2699,#2707));
#2714=IFCPRODUCTDEFINITIONSHAPE($,$,(#2713));
#2715=IFCCARTESIANPOINT((142.671186440678,10.6847457627119,0.));
#2716=IFCDIRECTION((0.,0.,1.));
#2717=IFCDIRECTION((1.,0.,0.));
#2718=IFCAXIS2PLACEMENT3D(#2715,#2716,#2717);
#2719=IFCLOCALPLACEMENT(#26,#2718);
#2720=IFCPROPERTYSET('1q5nsIzfLC0u16J0d4CqLg',$,'NZEB_ExhibitorInfo',$,(#2722,#2723,#2724,#2725,#2726,#2727,#2728,#2729,#2730));
#2721=IFCRELDEFINESBYPROPERTIES('1hGkF5xHHBGOv5rJbsyF81',$,$,$,(#2709),#2720);
#2722=IFCPROPERTYSINGLEVALUE('CompanyName',$,IFCLABEL('HECO - SCHRAUBEN'),$);
#2723=IFCPROPERTYSINGLEVALUE('StandNumber',$,IFCLABEL('C2'),$);
#2724=IFCPROPERTYSINGLEVALUE('Zone',$,IFCLABEL('ZONA 6'),$);
#2725=IFCPROPERTYSINGLEVALUE('AreaSqm',$,IFCREAL(12.1),$);
#2726=IFCPROPERTYSINGLEVALUE('Category',$,IFCLABEL('Scule, unelte, fixari si echipamente de masura'),$);
#2727=IFCPROPERTYSINGLEVALUE('CategoryCode',$,IFCLABEL('C07'),$);
#2728=IFCPROPERTYSINGLEVALUE('Indoor',$,IFCBOOLEAN(.T.),$);
#2729=IFCPROPERTYSINGLEVALUE('Event',$,IFCLABEL('NZEB Expo Bucuresti 2026'),$);
#2730=IFCPROPERTYSINGLEVALUE('Website',$,IFCLABEL('https://www.heco-schrauben.de'),$);
#2731=IFCCARTESIANPOINT((3.45084745762712,1.49830508474576));
#2732=IFCAXIS2PLACEMENT2D(#2731,$);
#2733=IFCRECTANGLEPROFILEDEF(.AREA.,$,#2732,6.90169491525424,2.99661016949153);
#2734=IFCCARTESIANPOINT((0.,0.,0.));
#2735=IFCAXIS2PLACEMENT3D(#2734,$,$);
#2736=IFCDIRECTION((0.,0.,1.));
#2737=IFCEXTRUDEDAREASOLID(#2733,#2735,#2736,0.1);
#2738=IFCSTYLEDITEM(#2737,(#89),$);
#2739=IFCCARTESIANPOINT((3.45084745762712,2.95661016949153));
#2740=IFCAXIS2PLACEMENT2D(#2739,$);
#2741=IFCRECTANGLEPROFILEDEF(.AREA.,$,#2740,6.90169491525424,0.08);
#2742=IFCCARTESIANPOINT((0.,0.,0.1));
#2743=IFCAXIS2PLACEMENT3D(#2742,$,$);
#2744=IFCDIRECTION((0.,0.,1.));
#2745=IFCEXTRUDEDAREASOLID(#2741,#2743,#2744,2.5);
#2746=IFCSTYLEDITEM(#2745,(#32),$);
#2747=IFCCARTESIANPOINT((0.04,2.09762711864407));
#2748=IFCAXIS2PLACEMENT2D(#2747,$);
#2749=IFCRECTANGLEPROFILEDEF(.AREA.,$,#2748,0.08,1.79796610169492);
#2750=IFCCARTESIANPOINT((0.,0.,0.1));
#2751=IFCAXIS2PLACEMENT3D(#2750,$,$);
#2752=IFCDIRECTION((0.,0.,1.));
#2753=IFCEXTRUDEDAREASOLID(#2749,#2751,#2752,2.5);
#2754=IFCSTYLEDITEM(#2753,(#32),$);
#2755=IFCCARTESIANPOINT((6.86169491525424,2.09762711864407));
#2756=IFCAXIS2PLACEMENT2D(#2755,$);
#2757=IFCRECTANGLEPROFILEDEF(.AREA.,$,#2756,0.08,1.79796610169492);
#2758=IFCCARTESIANPOINT((0.,0.,0.1));
#2759=IFCAXIS2PLACEMENT3D(#2758,$,$);
#2760=IFCDIRECTION((0.,0.,1.));
#2761=IFCEXTRUDEDAREASOLID(#2757,#2759,#2760,2.5);
#2762=IFCSTYLEDITEM(#2761,(#32),$);
#2763=IFCBUILDINGELEMENTPROXY('3cVuryEQT13A$anJSvtVyP',$,'F14 - DECEUNINCK ROMANIA','Stand expozitional generic - DECEUNINCK ROMANIA',$,#2773,#2768,$,$);
#2767=IFCSHAPEREPRESENTATION(#11,'Body','SweptSolid',(#2737,#2745,#2753,#2761));
#2768=IFCPRODUCTDEFINITIONSHAPE($,$,(#2767));
#2769=IFCCARTESIANPOINT((101.776271186441,49.328813559322,0.));
#2770=IFCDIRECTION((0.,0.,1.));
#2771=IFCDIRECTION((1.,0.,0.));
#2772=IFCAXIS2PLACEMENT3D(#2769,#2770,#2771);
#2773=IFCLOCALPLACEMENT(#26,#2772);
#2774=IFCPROPERTYSET('3srmg9icf0AhFk1KWfkEyL',$,'NZEB_ExhibitorInfo',$,(#2776,#2777,#2778,#2779,#2780,#2781,#2782,#2783,#2784));
#2775=IFCRELDEFINESBYPROPERTIES('0iu8I$nXb0cutF5$MSUYqb',$,$,$,(#2763),#2774);
#2776=IFCPROPERTYSINGLEVALUE('CompanyName',$,IFCLABEL('DECEUNINCK ROMANIA'),$);
#2777=IFCPROPERTYSINGLEVALUE('StandNumber',$,IFCLABEL('F14'),$);
#2778=IFCPROPERTYSINGLEVALUE('Zone',$,IFCLABEL('ZONA 2'),$);
#2779=IFCPROPERTYSINGLEVALUE('AreaSqm',$,IFCREAL(20.7),$);
#2780=IFCPROPERTYSINGLEVALUE('Category',$,IFCLABEL('Ferestre, usi, fatade si tamplarie'),$);
#2781=IFCPROPERTYSINGLEVALUE('CategoryCode',$,IFCLABEL('C02'),$);
#2782=IFCPROPERTYSINGLEVALUE('Indoor',$,IFCBOOLEAN(.T.),$);
#2783=IFCPROPERTYSINGLEVALUE('Event',$,IFCLABEL('NZEB Expo Bucuresti 2026'),$);
#2784=IFCPROPERTYSINGLEVALUE('Website',$,IFCLABEL('https://www.deceuninck.ro'),$);
#2785=IFCCARTESIANPOINT((3.08474576271186,2.39322033898305));
#2786=IFCAXIS2PLACEMENT2D(#2785,$);
#2787=IFCRECTANGLEPROFILEDEF(.AREA.,$,#2786,6.16949152542373,4.7864406779661);
#2788=IFCCARTESIANPOINT((0.,0.,0.));
#2789=IFCAXIS2PLACEMENT3D(#2788,$,$);
#2790=IFCDIRECTION((0.,0.,1.));
#2791=IFCEXTRUDEDAREASOLID(#2787,#2789,#2790,0.1);
#2792=IFCSTYLEDITEM(#2791,(#89),$);
#2793=IFCCARTESIANPOINT((3.08474576271186,4.7464406779661));
#2794=IFCAXIS2PLACEMENT2D(#2793,$);
#2795=IFCRECTANGLEPROFILEDEF(.AREA.,$,#2794,6.16949152542373,0.08);
#2796=IFCCARTESIANPOINT((0.,0.,0.1));
#2797=IFCAXIS2PLACEMENT3D(#2796,$,$);
#2798=IFCDIRECTION((0.,0.,1.));
#2799=IFCEXTRUDEDAREASOLID(#2795,#2797,#2798,2.5);
#2800=IFCSTYLEDITEM(#2799,(#32),$);
#2801=IFCCARTESIANPOINT((0.04,3.35050847457627));
#2802=IFCAXIS2PLACEMENT2D(#2801,$);
#2803=IFCRECTANGLEPROFILEDEF(.AREA.,$,#2802,0.08,2.87186440677966);
#2804=IFCCARTESIANPOINT((0.,0.,0.1));
#2805=IFCAXIS2PLACEMENT3D(#2804,$,$);
#2806=IFCDIRECTION((0.,0.,1.));
#2807=IFCEXTRUDEDAREASOLID(#2803,#2805,#2806,2.5);
#2808=IFCSTYLEDITEM(#2807,(#32),$);
#2809=IFCCARTESIANPOINT((6.12949152542373,3.35050847457627));
#2810=IFCAXIS2PLACEMENT2D(#2809,$);
#2811=IFCRECTANGLEPROFILEDEF(.AREA.,$,#2810,0.08,2.87186440677966);
#2812=IFCCARTESIANPOINT((0.,0.,0.1));
#2813=IFCAXIS2PLACEMENT3D(#2812,$,$);
#2814=IFCDIRECTION((0.,0.,1.));
#2815=IFCEXTRUDEDAREASOLID(#2811,#2813,#2814,2.5);
#2816=IFCSTYLEDITEM(#2815,(#32),$);
#2817=IFCBUILDINGELEMENTPROXY('1PCdkXeUjCswlk6p9KjggE',$,'F11 - SOLAX POWER','Stand expozitional generic - SOLAX POWER',$,#2827,#2822,$,$);
#2821=IFCSHAPEREPRESENTATION(#11,'Body','SweptSolid',(#2791,#2799,#2807,#2815));
#2822=IFCPRODUCTDEFINITIONSHAPE($,$,(#2821));
#2823=IFCCARTESIANPOINT((101.776271186441,44.5559322033898,0.));
#2824=IFCDIRECTION((0.,0.,1.));
#2825=IFCDIRECTION((1.,0.,0.));
#2826=IFCAXIS2PLACEMENT3D(#2823,#2824,#2825);
#2827=IFCLOCALPLACEMENT(#26,#2826);
#2828=IFCPROPERTYSET('3phc0$OaD8HugrHupxfD5Q',$,'NZEB_ExhibitorInfo',$,(#2830,#2831,#2832,#2833,#2834,#2835,#2836,#2837,#2838));
#2829=IFCRELDEFINESBYPROPERTIES('1Ka8SAAvL3mPboYRng4HfH',$,$,$,(#2817),#2828);
#2830=IFCPROPERTYSINGLEVALUE('CompanyName',$,IFCLABEL('SOLAX POWER'),$);
#2831=IFCPROPERTYSINGLEVALUE('StandNumber',$,IFCLABEL('F11'),$);
#2832=IFCPROPERTYSINGLEVALUE('Zone',$,IFCLABEL('ZONA 2'),$);
#2833=IFCPROPERTYSINGLEVALUE('AreaSqm',$,IFCREAL(29.5),$);
#2834=IFCPROPERTYSINGLEVALUE('Category',$,IFCLABEL('Energie regenerabila si fotovoltaice'),$);
#2835=IFCPROPERTYSINGLEVALUE('CategoryCode',$,IFCLABEL('C08'),$);
#2836=IFCPROPERTYSINGLEVALUE('Indoor',$,IFCBOOLEAN(.T.),$);
#2837=IFCPROPERTYSINGLEVALUE('Event',$,IFCLABEL('NZEB Expo Bucuresti 2026'),$);
#2838=IFCPROPERTYSINGLEVALUE('Website',$,IFCLABEL('https://www.solaxpower.com'),$);
#2839=IFCCARTESIANPOINT((3.14576271186441,1.49830508474576));
#2840=IFCAXIS2PLACEMENT2D(#2839,$);
#2841=IFCRECTANGLEPROFILEDEF(.AREA.,$,#2840,6.29152542372881,2.99661016949153);
#2842=IFCCARTESIANPOINT((0.,0.,0.));
#2843=IFCAXIS2PLACEMENT3D(#2842,$,$);
#2844=IFCDIRECTION((0.,0.,1.));
#2845=IFCEXTRUDEDAREASOLID(#2841,#2843,#2844,0.1);
#2846=IFCSTYLEDITEM(#2845,(#89),$);
#2847=IFCCARTESIANPOINT((3.14576271186441,2.95661016949153));
#2848=IFCAXIS2PLACEMENT2D(#2847,$);
#2849=IFCRECTANGLEPROFILEDEF(.AREA.,$,#2848,6.29152542372881,0.08);
#2850=IFCCARTESIANPOINT((0.,0.,0.1));
#2851=IFCAXIS2PLACEMENT3D(#2850,$,$);
#2852=IFCDIRECTION((0.,0.,1.));
#2853=IFCEXTRUDEDAREASOLID(#2849,#2851,#2852,2.5);
#2854=IFCSTYLEDITEM(#2853,(#32),$);
#2855=IFCCARTESIANPOINT((0.04,2.09762711864407));
#2856=IFCAXIS2PLACEMENT2D(#2855,$);
#2857=IFCRECTANGLEPROFILEDEF(.AREA.,$,#2856,0.08,1.79796610169492);
#2858=IFCCARTESIANPOINT((0.,0.,0.1));
#2859=IFCAXIS2PLACEMENT3D(#2858,$,$);
#2860=IFCDIRECTION((0.,0.,1.));
#2861=IFCEXTRUDEDAREASOLID(#2857,#2859,#2860,2.5);
#2862=IFCSTYLEDITEM(#2861,(#32),$);
#2863=IFCCARTESIANPOINT((6.25152542372881,2.09762711864407));
#2864=IFCAXIS2PLACEMENT2D(#2863,$);
#2865=IFCRECTANGLEPROFILEDEF(.AREA.,$,#2864,0.08,1.79796610169492);
#2866=IFCCARTESIANPOINT((0.,0.,0.1));
#2867=IFCAXIS2PLACEMENT3D(#2866,$,$);
#2868=IFCDIRECTION((0.,0.,1.));
#2869=IFCEXTRUDEDAREASOLID(#2865,#2867,#2868,2.5);
#2870=IFCSTYLEDITEM(#2869,(#32),$);
#2871=IFCBUILDINGELEMENTPROXY('3ic4ssu4DBDw5DeaVzm9TP',$,'F13 - FIBRAN','Stand expozitional generic - FIBRAN',$,#2881,#2876,$,$);
#2875=IFCSHAPEREPRESENTATION(#11,'Body','SweptSolid',(#2845,#2853,#2861,#2869));
#2876=IFCPRODUCTDEFINITIONSHAPE($,$,(#2875));
#2877=IFCCARTESIANPOINT((95.4847457627119,49.328813559322,0.));
#2878=IFCDIRECTION((0.,0.,1.));
#2879=IFCDIRECTION((1.,0.,0.));
#2880=IFCAXIS2PLACEMENT3D(#2877,#2878,#2879);
#2881=IFCLOCALPLACEMENT(#26,#2880);
#2882=IFCPROPERTYSET('2Ofgv5vCfCOxusfzlduDeu',$,'NZEB_ExhibitorInfo',$,(#2884,#2885,#2886,#2887,#2888,#2889,#2890,#2891,#2892));
#2883=IFCRELDEFINESBYPROPERTIES('1O9NKSAozFZ9UvtJ59ioFB',$,$,$,(#2871),#2882);
#2884=IFCPROPERTYSINGLEVALUE('CompanyName',$,IFCLABEL('FIBRAN'),$);
#2885=IFCPROPERTYSINGLEVALUE('StandNumber',$,IFCLABEL('F13'),$);
#2886=IFCPROPERTYSINGLEVALUE('Zone',$,IFCLABEL('ZONA 2'),$);
#2887=IFCPROPERTYSINGLEVALUE('AreaSqm',$,IFCREAL(18.9),$);
#2888=IFCPROPERTYSINGLEVALUE('Category',$,IFCLABEL('Izolatii termice si anvelopa cladirii'),$);
#2889=IFCPROPERTYSINGLEVALUE('CategoryCode',$,IFCLABEL('C01'),$);
#2890=IFCPROPERTYSINGLEVALUE('Indoor',$,IFCBOOLEAN(.T.),$);
#2891=IFCPROPERTYSINGLEVALUE('Event',$,IFCLABEL('NZEB Expo Bucuresti 2026'),$);
#2892=IFCPROPERTYSINGLEVALUE('Website',$,IFCLABEL('https://fibran.gr'),$);
#2893=IFCCARTESIANPOINT((3.14576271186441,2.02033898305085));
#2894=IFCAXIS2PLACEMENT2D(#2893,$);
#2895=IFCRECTANGLEPROFILEDEF(.AREA.,$,#2894,6.29152542372881,4.0406779661017);
#2896=IFCCARTESIANPOINT((0.,0.,0.));
#2897=IFCAXIS2PLACEMENT3D(#2896,$,$);
#2898=IFCDIRECTION((0.,0.,1.));
#2899=IFCEXTRUDEDAREASOLID(#2895,#2897,#2898,0.1);
#2900=IFCSTYLEDITEM(#2899,(#89),$);
#2901=IFCCARTESIANPOINT((3.14576271186441,4.0006779661017));
#2902=IFCAXIS2PLACEMENT2D(#2901,$);
#2903=IFCRECTANGLEPROFILEDEF(.AREA.,$,#2902,6.29152542372881,0.08);
#2904=IFCCARTESIANPOINT((0.,0.,0.1));
#2905=IFCAXIS2PLACEMENT3D(#2904,$,$);
#2906=IFCDIRECTION((0.,0.,1.));
#2907=IFCEXTRUDEDAREASOLID(#2903,#2905,#2906,2.5);
#2908=IFCSTYLEDITEM(#2907,(#32),$);
#2909=IFCCARTESIANPOINT((0.04,2.82847457627119));
#2910=IFCAXIS2PLACEMENT2D(#2909,$);
#2911=IFCRECTANGLEPROFILEDEF(.AREA.,$,#2910,0.08,2.42440677966102);
#2912=IFCCARTESIANPOINT((0.,0.,0.1));
#2913=IFCAXIS2PLACEMENT3D(#2912,$,$);
#2914=IFCDIRECTION((0.,0.,1.));
#2915=IFCEXTRUDEDAREASOLID(#2911,#2913,#2914,2.5);
#2916=IFCSTYLEDITEM(#2915,(#32),$);
#2917=IFCCARTESIANPOINT((6.25152542372881,2.82847457627119));
#2918=IFCAXIS2PLACEMENT2D(#2917,$);
#2919=IFCRECTANGLEPROFILEDEF(.AREA.,$,#2918,0.08,2.42440677966102);
#2920=IFCCARTESIANPOINT((0.,0.,0.1));
#2921=IFCAXIS2PLACEMENT3D(#2920,$,$);
#2922=IFCDIRECTION((0.,0.,1.));
#2923=IFCEXTRUDEDAREASOLID(#2919,#2921,#2922,2.5);
#2924=IFCSTYLEDITEM(#2923,(#32),$);
#2925=IFCBUILDINGELEMENTPROXY('1ANAFNdBz45fpd8iY8V70q',$,'F12 - SISTEMA FLOOR HEATING','Stand expozitional generic - SISTEMA FLOOR HEATING',$,#2935,#2930,$,$);
#2929=IFCSHAPEREPRESENTATION(#11,'Body','SweptSolid',(#2899,#2907,#2915,#2923));
#2930=IFCPRODUCTDEFINITIONSHAPE($,$,(#2929));
#2931=IFCCARTESIANPOINT((95.4847457627119,45.3016949152542,0.));
#2932=IFCDIRECTION((0.,0.,1.));
#2933=IFCDIRECTION((1.,0.,0.));
#2934=IFCAXIS2PLACEMENT3D(#2931,#2932,#2933);
#2935=IFCLOCALPLACEMENT(#26,#2934);
#2936=IFCPROPERTYSET('09p9akTj97$gmPOk97b6F_',$,'NZEB_ExhibitorInfo',$,(#2938,#2939,#2940,#2941,#2942,#2943,#2944,#2945));
#2937=IFCRELDEFINESBYPROPERTIES('1cEP4YxwXC6hjjQZ9jcTxH',$,$,$,(#2925),#2936);
#2938=IFCPROPERTYSINGLEVALUE('CompanyName',$,IFCLABEL('SISTEMA FLOOR HEATING'),$);
#2939=IFCPROPERTYSINGLEVALUE('StandNumber',$,IFCLABEL('F12'),$);
#2940=IFCPROPERTYSINGLEVALUE('Zone',$,IFCLABEL('ZONA 2'),$);
#2941=IFCPROPERTYSINGLEVALUE('AreaSqm',$,IFCREAL(25.4),$);
#2942=IFCPROPERTYSINGLEVALUE('Category',$,IFCLABEL('HVAC, incalzire, ventilatie si instalatii'),$);
#2943=IFCPROPERTYSINGLEVALUE('CategoryCode',$,IFCLABEL('C03'),$);
#2944=IFCPROPERTYSINGLEVALUE('Indoor',$,IFCBOOLEAN(.T.),$);
#2945=IFCPROPERTYSINGLEVALUE('Event',$,IFCLABEL('NZEB Expo Bucuresti 2026'),$);
#2946=IFCCARTESIANPOINT((6.84745762711864,1.49830508474576));
#2947=IFCAXIS2PLACEMENT2D(#2946,$);
#2948=IFCRECTANGLEPROFILEDEF(.AREA.,$,#2947,13.6949152542373,2.99661016949153);
#2949=IFCCARTESIANPOINT((0.,0.,0.));
#2950=IFCAXIS2PLACEMENT3D(#2949,$,$);
#2951=IFCDIRECTION((0.,0.,1.));
#2952=IFCEXTRUDEDAREASOLID(#2948,#2950,#2951,0.1);
#2953=IFCSTYLEDITEM(#2952,(#98),$);
#2954=IFCCARTESIANPOINT((6.84745762711864,2.95661016949153));
#2955=IFCAXIS2PLACEMENT2D(#2954,$);
#2956=IFCRECTANGLEPROFILEDEF(.AREA.,$,#2955,13.6949152542373,0.08);
#2957=IFCCARTESIANPOINT((0.,0.,0.1));
#2958=IFCAXIS2PLACEMENT3D(#2957,$,$);
#2959=IFCDIRECTION((0.,0.,1.));
#2960=IFCEXTRUDEDAREASOLID(#2956,#2958,#2959,2.5);
#2961=IFCSTYLEDITEM(#2960,(#32),$);
#2962=IFCCARTESIANPOINT((0.04,2.09762711864407));
#2963=IFCAXIS2PLACEMENT2D(#2962,$);
#2964=IFCRECTANGLEPROFILEDEF(.AREA.,$,#2963,0.08,1.79796610169492);
#2965=IFCCARTESIANPOINT((0.,0.,0.1));
#2966=IFCAXIS2PLACEMENT3D(#2965,$,$);
#2967=IFCDIRECTION((0.,0.,1.));
#2968=IFCEXTRUDEDAREASOLID(#2964,#2966,#2967,2.5);
#2969=IFCSTYLEDITEM(#2968,(#32),$);
#2970=IFCCARTESIANPOINT((13.6549152542373,2.09762711864407));
#2971=IFCAXIS2PLACEMENT2D(#2970,$);
#2972=IFCRECTANGLEPROFILEDEF(.AREA.,$,#2971,0.08,1.79796610169492);
#2973=IFCCARTESIANPOINT((0.,0.,0.1));
#2974=IFCAXIS2PLACEMENT3D(#2973,$,$);
#2975=IFCDIRECTION((0.,0.,1.));
#2976=IFCEXTRUDEDAREASOLID(#2972,#2974,#2975,2.5);
#2977=IFCSTYLEDITEM(#2976,(#32),$);
#2978=IFCBUILDINGELEMENTPROXY('11uYmRFLbBpebBdYsmeTXJ',$,'NOVING AIR','Stand expozitional generic - NOVING AIR',$,#2988,#2983,$,$);
#2982=IFCSHAPEREPRESENTATION(#11,'Body','SweptSolid',(#2952,#2960,#2968,#2976));
#2983=IFCPRODUCTDEFINITIONSHAPE($,$,(#2982));
#2984=IFCCARTESIANPOINT((95.6881355932204,25.8847457627119,0.));
#2985=IFCDIRECTION((0.,0.,1.));
#2986=IFCDIRECTION((1.,0.,0.));
#2987=IFCAXIS2PLACEMENT3D(#2984,#2985,#2986);
#2988=IFCLOCALPLACEMENT(#26,#2987);
#2989=IFCPROPERTYSET('3vE9pL4pP3yQT8fpjbfpq4',$,'NZEB_ExhibitorInfo',$,(#2991,#2992,#2993,#2994,#2995,#2996,#2997,#2998));
#2990=IFCRELDEFINESBYPROPERTIES('2HpS8zHgL1CQVb5Sa9L91N',$,$,$,(#2978),#2989);
#2991=IFCPROPERTYSINGLEVALUE('CompanyName',$,IFCLABEL('NOVING AIR'),$);
#2992=IFCPROPERTYSINGLEVALUE('StandNumber',$,IFCLABEL(''),$);
#2993=IFCPROPERTYSINGLEVALUE('Zone',$,IFCLABEL('ZONA 5'),$);
#2994=IFCPROPERTYSINGLEVALUE('AreaSqm',$,IFCREAL(41.),$);
#2995=IFCPROPERTYSINGLEVALUE('Category',$,IFCLABEL('HVAC, incalzire, ventilatie si instalatii'),$);
#2996=IFCPROPERTYSINGLEVALUE('CategoryCode',$,IFCLABEL('C03'),$);
#2997=IFCPROPERTYSINGLEVALUE('Indoor',$,IFCBOOLEAN(.T.),$);
#2998=IFCPROPERTYSINGLEVALUE('Event',$,IFCLABEL('NZEB Expo Bucuresti 2026'),$);
#2999=IFCCARTESIANPOINT((3.82372881355932,2.02033898305085));
#3000=IFCAXIS2PLACEMENT2D(#2999,$);
#3001=IFCRECTANGLEPROFILEDEF(.AREA.,$,#3000,7.64745762711864,4.0406779661017);
#3002=IFCCARTESIANPOINT((0.,0.,0.));
#3003=IFCAXIS2PLACEMENT3D(#3002,$,$);
#3004=IFCDIRECTION((0.,0.,1.));
#3005=IFCEXTRUDEDAREASOLID(#3001,#3003,#3004,0.1);
#3006=IFCSTYLEDITEM(#3005,(#98),$);
#3007=IFCCARTESIANPOINT((3.82372881355932,4.0006779661017));
#3008=IFCAXIS2PLACEMENT2D(#3007,$);
#3009=IFCRECTANGLEPROFILEDEF(.AREA.,$,#3008,7.64745762711864,0.08);
#3010=IFCCARTESIANPOINT((0.,0.,0.1));
#3011=IFCAXIS2PLACEMENT3D(#3010,$,$);
#3012=IFCDIRECTION((0.,0.,1.));
#3013=IFCEXTRUDEDAREASOLID(#3009,#3011,#3012,2.5);
#3014=IFCSTYLEDITEM(#3013,(#32),$);
#3015=IFCCARTESIANPOINT((0.04,2.82847457627119));
#3016=IFCAXIS2PLACEMENT2D(#3015,$);
#3017=IFCRECTANGLEPROFILEDEF(.AREA.,$,#3016,0.08,2.42440677966102);
#3018=IFCCARTESIANPOINT((0.,0.,0.1));
#3019=IFCAXIS2PLACEMENT3D(#3018,$,$);
#3020=IFCDIRECTION((0.,0.,1.));
#3021=IFCEXTRUDEDAREASOLID(#3017,#3019,#3020,2.5);
#3022=IFCSTYLEDITEM(#3021,(#32),$);
#3023=IFCCARTESIANPOINT((7.60745762711864,2.82847457627119));
#3024=IFCAXIS2PLACEMENT2D(#3023,$);
#3025=IFCRECTANGLEPROFILEDEF(.AREA.,$,#3024,0.08,2.42440677966102);
#3026=IFCCARTESIANPOINT((0.,0.,0.1));
#3027=IFCAXIS2PLACEMENT3D(#3026,$,$);
#3028=IFCDIRECTION((0.,0.,1.));
#3029=IFCEXTRUDEDAREASOLID(#3025,#3027,#3028,2.5);
#3030=IFCSTYLEDITEM(#3029,(#32),$);
#3031=IFCBUILDINGELEMENTPROXY('0gqRira050vBKiVH0qQwJm',$,'F6 - UNIKAT','Stand expozitional generic - UNIKAT',$,#3041,#3036,$,$);
#3035=IFCSHAPEREPRESENTATION(#11,'Body','SweptSolid',(#3005,#3013,#3021,#3029));
#3036=IFCPRODUCTDEFINITIONSHAPE($,$,(#3035));
#3037=IFCCARTESIANPOINT((101.749152542373,21.8440677966102,0.));
#3038=IFCDIRECTION((0.,0.,1.));
#3039=IFCDIRECTION((1.,0.,0.));
#3040=IFCAXIS2PLACEMENT3D(#3037,#3038,#3039);
#3041=IFCLOCALPLACEMENT(#26,#3040);
#3042=IFCPROPERTYSET('3w2I1ChybBOO$Vte$yX_wT',$,'NZEB_ExhibitorInfo',$,(#3044,#3045,#3046,#3047,#3048,#3049,#3050,#3051));
#3043=IFCRELDEFINESBYPROPERTIES('1fR08HSK55Dv41v6dYC1Rk',$,$,$,(#3031),#3042);
#3044=IFCPROPERTYSINGLEVALUE('CompanyName',$,IFCLABEL('UNIKAT'),$);
#3045=IFCPROPERTYSINGLEVALUE('StandNumber',$,IFCLABEL('F6'),$);
#3046=IFCPROPERTYSINGLEVALUE('Zone',$,IFCLABEL('ZONA 5'),$);
#3047=IFCPROPERTYSINGLEVALUE('AreaSqm',$,IFCREAL(30.9),$);
#3048=IFCPROPERTYSINGLEVALUE('Category',$,IFCLABEL('Produse si servicii pentru constructii (general)'),$);
#3049=IFCPROPERTYSINGLEVALUE('CategoryCode',$,IFCLABEL('C99'),$);
#3050=IFCPROPERTYSINGLEVALUE('Indoor',$,IFCBOOLEAN(.T.),$);
#3051=IFCPROPERTYSINGLEVALUE('Event',$,IFCLABEL('NZEB Expo Bucuresti 2026'),$);
#3052=IFCCARTESIANPOINT((3.04406779661017,2.02033898305085));
#3053=IFCAXIS2PLACEMENT2D(#3052,$);
#3054=IFCRECTANGLEPROFILEDEF(.AREA.,$,#3053,6.08813559322034,4.0406779661017);
#3055=IFCCARTESIANPOINT((0.,0.,0.));
#3056=IFCAXIS2PLACEMENT3D(#3055,$,$);
#3057=IFCDIRECTION((0.,0.,1.));
#3058=IFCEXTRUDEDAREASOLID(#3054,#3056,#3057,0.1);
#3059=IFCSTYLEDITEM(#3058,(#98),$);
#3060=IFCCARTESIANPOINT((3.04406779661017,4.0006779661017));
#3061=IFCAXIS2PLACEMENT2D(#3060,$);
#3062=IFCRECTANGLEPROFILEDEF(.AREA.,$,#3061,6.08813559322034,0.08);
#3063=IFCCARTESIANPOINT((0.,0.,0.1));
#3064=IFCAXIS2PLACEMENT3D(#3063,$,$);
#3065=IFCDIRECTION((0.,0.,1.));
#3066=IFCEXTRUDEDAREASOLID(#3062,#3064,#3065,2.5);
#3067=IFCSTYLEDITEM(#3066,(#32),$);
#3068=IFCCARTESIANPOINT((0.04,2.82847457627119));
#3069=IFCAXIS2PLACEMENT2D(#3068,$);
#3070=IFCRECTANGLEPROFILEDEF(.AREA.,$,#3069,0.08,2.42440677966102);
#3071=IFCCARTESIANPOINT((0.,0.,0.1));
#3072=IFCAXIS2PLACEMENT3D(#3071,$,$);
#3073=IFCDIRECTION((0.,0.,1.));
#3074=IFCEXTRUDEDAREASOLID(#3070,#3072,#3073,2.5);
#3075=IFCSTYLEDITEM(#3074,(#32),$);
#3076=IFCCARTESIANPOINT((6.04813559322034,2.82847457627119));
#3077=IFCAXIS2PLACEMENT2D(#3076,$);
#3078=IFCRECTANGLEPROFILEDEF(.AREA.,$,#3077,0.08,2.42440677966102);
#3079=IFCCARTESIANPOINT((0.,0.,0.1));
#3080=IFCAXIS2PLACEMENT3D(#3079,$,$);
#3081=IFCDIRECTION((0.,0.,1.));
#3082=IFCEXTRUDEDAREASOLID(#3078,#3080,#3081,2.5);
#3083=IFCSTYLEDITEM(#3082,(#32),$);
#3084=IFCBUILDINGELEMENTPROXY('1vMB5ei9f058KAUwM9_Bjl',$,'F5 - IZO ONE','Stand expozitional generic - IZO ONE',$,#3094,#3089,$,$);
#3088=IFCSHAPEREPRESENTATION(#11,'Body','SweptSolid',(#3058,#3066,#3074,#3082));
#3089=IFCPRODUCTDEFINITIONSHAPE($,$,(#3088));
#3090=IFCCARTESIANPOINT((95.6610169491525,21.8440677966102,0.));
#3091=IFCDIRECTION((0.,0.,1.));
#3092=IFCDIRECTION((1.,0.,0.));
#3093=IFCAXIS2PLACEMENT3D(#3090,#3091,#3092);
#3094=IFCLOCALPLACEMENT(#26,#3093);
#3095=IFCPROPERTYSET('1RGR9RgFD4r84JBvJ8mdVi',$,'NZEB_ExhibitorInfo',$,(#3097,#3098,#3099,#3100,#3101,#3102,#3103,#3104));
#3096=IFCRELDEFINESBYPROPERTIES('0ZgP8hjsv0J8xt2QdHdTEu',$,$,$,(#3084),#3095);
#3097=IFCPROPERTYSINGLEVALUE('CompanyName',$,IFCLABEL('IZO ONE'),$);
#3098=IFCPROPERTYSINGLEVALUE('StandNumber',$,IFCLABEL('F5'),$);
#3099=IFCPROPERTYSINGLEVALUE('Zone',$,IFCLABEL('ZONA 5'),$);
#3100=IFCPROPERTYSINGLEVALUE('AreaSqm',$,IFCREAL(24.6),$);
#3101=IFCPROPERTYSINGLEVALUE('Category',$,IFCLABEL('Izolatii termice si anvelopa cladirii'),$);
#3102=IFCPROPERTYSINGLEVALUE('CategoryCode',$,IFCLABEL('C01'),$);
#3103=IFCPROPERTYSINGLEVALUE('Indoor',$,IFCBOOLEAN(.T.),$);
#3104=IFCPROPERTYSINGLEVALUE('Event',$,IFCLABEL('NZEB Expo Bucuresti 2026'),$);
#3105=IFCCARTESIANPOINT((3.76271186440678,2.03389830508475));
#3106=IFCAXIS2PLACEMENT2D(#3105,$);
#3107=IFCRECTANGLEPROFILEDEF(.AREA.,$,#3106,7.52542372881356,4.06779661016949);
#3108=IFCCARTESIANPOINT((0.,0.,0.));
#3109=IFCAXIS2PLACEMENT3D(#3108,$,$);
#3110=IFCDIRECTION((0.,0.,1.));
#3111=IFCEXTRUDEDAREASOLID(#3107,#3109,#3110,0.1);
#3112=IFCSTYLEDITEM(#3111,(#98),$);
#3113=IFCCARTESIANPOINT((3.76271186440678,4.02779661016949));
#3114=IFCAXIS2PLACEMENT2D(#3113,$);
#3115=IFCRECTANGLEPROFILEDEF(.AREA.,$,#3114,7.52542372881356,0.08);
#3116=IFCCARTESIANPOINT((0.,0.,0.1));
#3117=IFCAXIS2PLACEMENT3D(#3116,$,$);
#3118=IFCDIRECTION((0.,0.,1.));
#3119=IFCEXTRUDEDAREASOLID(#3115,#3117,#3118,2.5);
#3120=IFCSTYLEDITEM(#3119,(#32),$);
#3121=IFCCARTESIANPOINT((0.04,2.84745762711864));
#3122=IFCAXIS2PLACEMENT2D(#3121,$);
#3123=IFCRECTANGLEPROFILEDEF(.AREA.,$,#3122,0.08,2.44067796610169);
#3124=IFCCARTESIANPOINT((0.,0.,0.1));
#3125=IFCAXIS2PLACEMENT3D(#3124,$,$);
#3126=IFCDIRECTION((0.,0.,1.));
#3127=IFCEXTRUDEDAREASOLID(#3123,#3125,#3126,2.5);
#3128=IFCSTYLEDITEM(#3127,(#32),$);
#3129=IFCCARTESIANPOINT((7.48542372881356,2.84745762711864));
#3130=IFCAXIS2PLACEMENT2D(#3129,$);
#3131=IFCRECTANGLEPROFILEDEF(.AREA.,$,#3130,0.08,2.44067796610169);
#3132=IFCCARTESIANPOINT((0.,0.,0.1));
#3133=IFCAXIS2PLACEMENT3D(#3132,$,$);
#3134=IFCDIRECTION((0.,0.,1.));
#3135=IFCEXTRUDEDAREASOLID(#3131,#3133,#3134,2.5);
#3136=IFCSTYLEDITEM(#3135,(#32),$);
#3137=IFCBUILDINGELEMENTPROXY('2qaV9TwMP2$gl9OYPJ6VZY',$,'F8 - CLIVET SPA','Stand expozitional generic - CLIVET SPA',$,#3147,#3142,$,$);
#3141=IFCSHAPEREPRESENTATION(#11,'Body','SweptSolid',(#3111,#3119,#3127,#3135));
#3142=IFCPRODUCTDEFINITIONSHAPE($,$,(#3141));
#3143=IFCCARTESIANPOINT((95.6745762711864,33.0169491525424,0.));
#3144=IFCDIRECTION((0.,0.,1.));
#3145=IFCDIRECTION((1.,0.,0.));
#3146=IFCAXIS2PLACEMENT3D(#3143,#3144,#3145);
#3147=IFCLOCALPLACEMENT(#26,#3146);
#3148=IFCPROPERTYSET('0j_rZlnWrCpR5a$kyo6yWB',$,'NZEB_ExhibitorInfo',$,(#3150,#3151,#3152,#3153,#3154,#3155,#3156,#3157,#3158));
#3149=IFCRELDEFINESBYPROPERTIES('3nDAHeuf1FM9wt0aBXPK_Q',$,$,$,(#3137),#3148);
#3150=IFCPROPERTYSINGLEVALUE('CompanyName',$,IFCLABEL('CLIVET SPA'),$);
#3151=IFCPROPERTYSINGLEVALUE('StandNumber',$,IFCLABEL('F8'),$);
#3152=IFCPROPERTYSINGLEVALUE('Zone',$,IFCLABEL('ZONA 5'),$);
#3153=IFCPROPERTYSINGLEVALUE('AreaSqm',$,IFCREAL(30.6),$);
#3154=IFCPROPERTYSINGLEVALUE('Category',$,IFCLABEL('HVAC, incalzire, ventilatie si instalatii'),$);
#3155=IFCPROPERTYSINGLEVALUE('CategoryCode',$,IFCLABEL('C03'),$);
#3156=IFCPROPERTYSINGLEVALUE('Indoor',$,IFCBOOLEAN(.T.),$);
#3157=IFCPROPERTYSINGLEVALUE('Event',$,IFCLABEL('NZEB Expo Bucuresti 2026'),$);
#3158=IFCPROPERTYSINGLEVALUE('Website',$,IFCLABEL('https://www.clivet.com'),$);
#3159=IFCCARTESIANPOINT((3.07118644067797,2.));
#3160=IFCAXIS2PLACEMENT2D(#3159,$);
#3161=IFCRECTANGLEPROFILEDEF(.AREA.,$,#3160,6.14237288135593,4.);
#3162=IFCCARTESIANPOINT((0.,0.,0.));
#3163=IFCAXIS2PLACEMENT3D(#3162,$,$);
#3164=IFCDIRECTION((0.,0.,1.));
#3165=IFCEXTRUDEDAREASOLID(#3161,#3163,#3164,0.1);
#3166=IFCSTYLEDITEM(#3165,(#89),$);
#3167=IFCCARTESIANPOINT((3.07118644067797,3.96));
#3168=IFCAXIS2PLACEMENT2D(#3167,$);
#3169=IFCRECTANGLEPROFILEDEF(.AREA.,$,#3168,6.14237288135593,0.08);
#3170=IFCCARTESIANPOINT((0.,0.,0.1));
#3171=IFCAXIS2PLACEMENT3D(#3170,$,$);
#3172=IFCDIRECTION((0.,0.,1.));
#3173=IFCEXTRUDEDAREASOLID(#3169,#3171,#3172,2.5);
#3174=IFCSTYLEDITEM(#3173,(#32),$);
#3175=IFCCARTESIANPOINT((0.04,2.8));
#3176=IFCAXIS2PLACEMENT2D(#3175,$);
#3177=IFCRECTANGLEPROFILEDEF(.AREA.,$,#3176,0.08,2.4);
#3178=IFCCARTESIANPOINT((0.,0.,0.1));
#3179=IFCAXIS2PLACEMENT3D(#3178,$,$);
#3180=IFCDIRECTION((0.,0.,1.));
#3181=IFCEXTRUDEDAREASOLID(#3177,#3179,#3180,2.5);
#3182=IFCSTYLEDITEM(#3181,(#32),$);
#3183=IFCCARTESIANPOINT((6.10237288135593,2.8));
#3184=IFCAXIS2PLACEMENT2D(#3183,$);
#3185=IFCRECTANGLEPROFILEDEF(.AREA.,$,#3184,0.08,2.4);
#3186=IFCCARTESIANPOINT((0.,0.,0.1));
#3187=IFCAXIS2PLACEMENT3D(#3186,$,$);
#3188=IFCDIRECTION((0.,0.,1.));
#3189=IFCEXTRUDEDAREASOLID(#3185,#3187,#3188,2.5);
#3190=IFCSTYLEDITEM(#3189,(#32),$);
#3191=IFCBUILDINGELEMENTPROXY('0_iL7TSYj3MwANzKFS$USb',$,'G14 - PM ALUMINIUM LINE','Stand expozitional generic - PM ALUMINIUM LINE',$,#3201,#3196,$,$);
#3195=IFCSHAPEREPRESENTATION(#11,'Body','SweptSolid',(#3165,#3173,#3181,#3189));
#3196=IFCPRODUCTDEFINITIONSHAPE($,$,(#3195));
#3197=IFCCARTESIANPOINT((78.4542372881356,45.2610169491525,0.));
#3198=IFCDIRECTION((0.,0.,1.));
#3199=IFCDIRECTION((1.,0.,0.));
#3200=IFCAXIS2PLACEMENT3D(#3197,#3198,#3199);
#3201=IFCLOCALPLACEMENT(#26,#3200);
#3202=IFCPROPERTYSET('2U0EM4fiXAR8FDorhZJWno',$,'NZEB_ExhibitorInfo',$,(#3204,#3205,#3206,#3207,#3208,#3209,#3210,#3211));
#3203=IFCRELDEFINESBYPROPERTIES('3t99XG93f06fiyfiNaq8q8',$,$,$,(#3191),#3202);
#3204=IFCPROPERTYSINGLEVALUE('CompanyName',$,IFCLABEL('PM ALUMINIUM LINE'),$);
#3205=IFCPROPERTYSINGLEVALUE('StandNumber',$,IFCLABEL('G14'),$);
#3206=IFCPROPERTYSINGLEVALUE('Zone',$,IFCLABEL('ZONA 2'),$);
#3207=IFCPROPERTYSINGLEVALUE('AreaSqm',$,IFCREAL(24.6),$);
#3208=IFCPROPERTYSINGLEVALUE('Category',$,IFCLABEL('Ferestre, usi, fatade si tamplarie'),$);
#3209=IFCPROPERTYSINGLEVALUE('CategoryCode',$,IFCLABEL('C02'),$);
#3210=IFCPROPERTYSINGLEVALUE('Indoor',$,IFCBOOLEAN(.T.),$);
#3211=IFCPROPERTYSINGLEVALUE('Event',$,IFCLABEL('NZEB Expo Bucuresti 2026'),$);
#3212=IFCCARTESIANPOINT((3.55254237288136,1.49830508474576));
#3213=IFCAXIS2PLACEMENT2D(#3212,$);
#3214=IFCRECTANGLEPROFILEDEF(.AREA.,$,#3213,7.10508474576271,2.99661016949153);
#3215=IFCCARTESIANPOINT((0.,0.,0.));
#3216=IFCAXIS2PLACEMENT3D(#3215,$,$);
#3217=IFCDIRECTION((0.,0.,1.));
#3218=IFCEXTRUDEDAREASOLID(#3214,#3216,#3217,0.1);
#3219=IFCSTYLEDITEM(#3218,(#98),$);
#3220=IFCCARTESIANPOINT((3.55254237288136,2.95661016949153));
#3221=IFCAXIS2PLACEMENT2D(#3220,$);
#3222=IFCRECTANGLEPROFILEDEF(.AREA.,$,#3221,7.10508474576271,0.08);
#3223=IFCCARTESIANPOINT((0.,0.,0.1));
#3224=IFCAXIS2PLACEMENT3D(#3223,$,$);
#3225=IFCDIRECTION((0.,0.,1.));
#3226=IFCEXTRUDEDAREASOLID(#3222,#3224,#3225,2.5);
#3227=IFCSTYLEDITEM(#3226,(#32),$);
#3228=IFCCARTESIANPOINT((0.04,2.09762711864407));
#3229=IFCAXIS2PLACEMENT2D(#3228,$);
#3230=IFCRECTANGLEPROFILEDEF(.AREA.,$,#3229,0.08,1.79796610169492);
#3231=IFCCARTESIANPOINT((0.,0.,0.1));
#3232=IFCAXIS2PLACEMENT3D(#3231,$,$);
#3233=IFCDIRECTION((0.,0.,1.));
#3234=IFCEXTRUDEDAREASOLID(#3230,#3232,#3233,2.5);
#3235=IFCSTYLEDITEM(#3234,(#32),$);
#3236=IFCCARTESIANPOINT((7.06508474576271,2.09762711864407));
#3237=IFCAXIS2PLACEMENT2D(#3236,$);
#3238=IFCRECTANGLEPROFILEDEF(.AREA.,$,#3237,0.08,1.79796610169492);
#3239=IFCCARTESIANPOINT((0.,0.,0.1));
#3240=IFCAXIS2PLACEMENT3D(#3239,$,$);
#3241=IFCDIRECTION((0.,0.,1.));
#3242=IFCEXTRUDEDAREASOLID(#3238,#3240,#3241,2.5);
#3243=IFCSTYLEDITEM(#3242,(#32),$);
#3244=IFCBUILDINGELEMENTPROXY('3_5NviuSXDYf4anEghfhuC',$,'G8 - ELECTRICON','Stand expozitional generic - ELECTRICON',$,#3254,#3249,$,$);
#3248=IFCSHAPEREPRESENTATION(#11,'Body','SweptSolid',(#3218,#3226,#3234,#3242));
#3249=IFCPRODUCTDEFINITIONSHAPE($,$,(#3248));
#3250=IFCCARTESIANPOINT((84.5423728813559,26.0474576271186,0.));
#3251=IFCDIRECTION((0.,0.,1.));
#3252=IFCDIRECTION((1.,0.,0.));
#3253=IFCAXIS2PLACEMENT3D(#3250,#3251,#3252);
#3254=IFCLOCALPLACEMENT(#26,#3253);
#3255=IFCPROPERTYSET('1jXzVOUiL8EOBH_tquQep1',$,'NZEB_ExhibitorInfo',$,(#3257,#3258,#3259,#3260,#3261,#3262,#3263,#3264));
#3256=IFCRELDEFINESBYPROPERTIES('2n$X79RFn09B9v5syCAD0Q',$,$,$,(#3244),#3255);
#3257=IFCPROPERTYSINGLEVALUE('CompanyName',$,IFCLABEL('ELECTRICON'),$);
#3258=IFCPROPERTYSINGLEVALUE('StandNumber',$,IFCLABEL('G8'),$);
#3259=IFCPROPERTYSINGLEVALUE('Zone',$,IFCLABEL('ZONA 5'),$);
#3260=IFCPROPERTYSINGLEVALUE('AreaSqm',$,IFCREAL(21.3),$);
#3261=IFCPROPERTYSINGLEVALUE('Category',$,IFCLABEL('Instalatii electrice si smart home'),$);
#3262=IFCPROPERTYSINGLEVALUE('CategoryCode',$,IFCLABEL('C09'),$);
#3263=IFCPROPERTYSINGLEVALUE('Indoor',$,IFCBOOLEAN(.T.),$);
#3264=IFCPROPERTYSINGLEVALUE('Event',$,IFCLABEL('NZEB Expo Bucuresti 2026'),$);
#3265=IFCCARTESIANPOINT((3.55254237288136,2.02033898305085));
#3266=IFCAXIS2PLACEMENT2D(#3265,$);
#3267=IFCRECTANGLEPROFILEDEF(.AREA.,$,#3266,7.10508474576271,4.0406779661017);
#3268=IFCCARTESIANPOINT((0.,0.,0.));
#3269=IFCAXIS2PLACEMENT3D(#3268,$,$);
#3270=IFCDIRECTION((0.,0.,1.));
#3271=IFCEXTRUDEDAREASOLID(#3267,#3269,#3270,0.1);
#3272=IFCSTYLEDITEM(#3271,(#98),$);
#3273=IFCCARTESIANPOINT((3.55254237288136,4.0006779661017));
#3274=IFCAXIS2PLACEMENT2D(#3273,$);
#3275=IFCRECTANGLEPROFILEDEF(.AREA.,$,#3274,7.10508474576271,0.08);
#3276=IFCCARTESIANPOINT((0.,0.,0.1));
#3277=IFCAXIS2PLACEMENT3D(#3276,$,$);
#3278=IFCDIRECTION((0.,0.,1.));
#3279=IFCEXTRUDEDAREASOLID(#3275,#3277,#3278,2.5);
#3280=IFCSTYLEDITEM(#3279,(#32),$);
#3281=IFCCARTESIANPOINT((0.04,2.82847457627119));
#3282=IFCAXIS2PLACEMENT2D(#3281,$);
#3283=IFCRECTANGLEPROFILEDEF(.AREA.,$,#3282,0.08,2.42440677966102);
#3284=IFCCARTESIANPOINT((0.,0.,0.1));
#3285=IFCAXIS2PLACEMENT3D(#3284,$,$);
#3286=IFCDIRECTION((0.,0.,1.));
#3287=IFCEXTRUDEDAREASOLID(#3283,#3285,#3286,2.5);
#3288=IFCSTYLEDITEM(#3287,(#32),$);
#3289=IFCCARTESIANPOINT((7.06508474576271,2.82847457627119));
#3290=IFCAXIS2PLACEMENT2D(#3289,$);
#3291=IFCRECTANGLEPROFILEDEF(.AREA.,$,#3290,0.08,2.42440677966102);
#3292=IFCCARTESIANPOINT((0.,0.,0.1));
#3293=IFCAXIS2PLACEMENT3D(#3292,$,$);
#3294=IFCDIRECTION((0.,0.,1.));
#3295=IFCEXTRUDEDAREASOLID(#3291,#3293,#3294,2.5);
#3296=IFCSTYLEDITEM(#3295,(#32),$);
#3297=IFCBUILDINGELEMENTPROXY('0Bg0usQq1E3PQgZZJmtZsD',$,'G5 - ONE CONCEPT HITACHI','Stand expozitional generic - ONE CONCEPT HITACHI',$,#3307,#3302,$,$);
#3301=IFCSHAPEREPRESENTATION(#11,'Body','SweptSolid',(#3271,#3279,#3287,#3295));
#3302=IFCPRODUCTDEFINITIONSHAPE($,$,(#3301));
#3303=IFCCARTESIANPOINT((84.5423728813559,22.0067796610169,0.));
#3304=IFCDIRECTION((0.,0.,1.));
#3305=IFCDIRECTION((1.,0.,0.));
#3306=IFCAXIS2PLACEMENT3D(#3303,#3304,#3305);
#3307=IFCLOCALPLACEMENT(#26,#3306);
#3308=IFCPROPERTYSET('3$$1IJ1ib2gACLLQhMkrku',$,'NZEB_ExhibitorInfo',$,(#3310,#3311,#3312,#3313,#3314,#3315,#3316,#3317));
#3309=IFCRELDEFINESBYPROPERTIES('3FoDhD74f9ZPJJM9rbIC_E',$,$,$,(#3297),#3308);
#3310=IFCPROPERTYSINGLEVALUE('CompanyName',$,IFCLABEL('ONE CONCEPT HITACHI'),$);
#3311=IFCPROPERTYSINGLEVALUE('StandNumber',$,IFCLABEL('G5'),$);
#3312=IFCPROPERTYSINGLEVALUE('Zone',$,IFCLABEL('ZONA 5'),$);
#3313=IFCPROPERTYSINGLEVALUE('AreaSqm',$,IFCREAL(28.7),$);
#3314=IFCPROPERTYSINGLEVALUE('Category',$,IFCLABEL('HVAC, incalzire, ventilatie si instalatii'),$);
#3315=IFCPROPERTYSINGLEVALUE('CategoryCode',$,IFCLABEL('C03'),$);
#3316=IFCPROPERTYSINGLEVALUE('Indoor',$,IFCBOOLEAN(.T.),$);
#3317=IFCPROPERTYSINGLEVALUE('Event',$,IFCLABEL('NZEB Expo Bucuresti 2026'),$);
#3318=IFCCARTESIANPOINT((3.04406779661017,1.49830508474576));
#3319=IFCAXIS2PLACEMENT2D(#3318,$);
#3320=IFCRECTANGLEPROFILEDEF(.AREA.,$,#3319,6.08813559322034,2.99661016949153);
#3321=IFCCARTESIANPOINT((0.,0.,0.));
#3322=IFCAXIS2PLACEMENT3D(#3321,$,$);
#3323=IFCDIRECTION((0.,0.,1.));
#3324=IFCEXTRUDEDAREASOLID(#3320,#3322,#3323,0.1);
#3325=IFCSTYLEDITEM(#3324,(#95),$);
#3326=IFCCARTESIANPOINT((3.04406779661017,2.95661016949153));
#3327=IFCAXIS2PLACEMENT2D(#3326,$);
#3328=IFCRECTANGLEPROFILEDEF(.AREA.,$,#3327,6.08813559322034,0.08);
#3329=IFCCARTESIANPOINT((0.,0.,0.1));
#3330=IFCAXIS2PLACEMENT3D(#3329,$,$);
#3331=IFCDIRECTION((0.,0.,1.));
#3332=IFCEXTRUDEDAREASOLID(#3328,#3330,#3331,2.5);
#3333=IFCSTYLEDITEM(#3332,(#32),$);
#3334=IFCCARTESIANPOINT((0.04,2.09762711864407));
#3335=IFCAXIS2PLACEMENT2D(#3334,$);
#3336=IFCRECTANGLEPROFILEDEF(.AREA.,$,#3335,0.08,1.79796610169492);
#3337=IFCCARTESIANPOINT((0.,0.,0.1));
#3338=IFCAXIS2PLACEMENT3D(#3337,$,$);
#3339=IFCDIRECTION((0.,0.,1.));
#3340=IFCEXTRUDEDAREASOLID(#3336,#3338,#3339,2.5);
#3341=IFCSTYLEDITEM(#3340,(#32),$);
#3342=IFCCARTESIANPOINT((6.04813559322034,2.09762711864407));
#3343=IFCAXIS2PLACEMENT2D(#3342,$);
#3344=IFCRECTANGLEPROFILEDEF(.AREA.,$,#3343,0.08,1.79796610169492);
#3345=IFCCARTESIANPOINT((0.,0.,0.1));
#3346=IFCAXIS2PLACEMENT3D(#3345,$,$);
#3347=IFCDIRECTION((0.,0.,1.));
#3348=IFCEXTRUDEDAREASOLID(#3344,#3346,#3347,2.5);
#3349=IFCSTYLEDITEM(#3348,(#32),$);
#3350=IFCBUILDINGELEMENTPROXY('04JhlPu2fARRm8JgWLRRMu',$,'G7 - GIBB','Stand expozitional generic - GIBB',$,#3360,#3355,$,$);
#3354=IFCSHAPEREPRESENTATION(#11,'Body','SweptSolid',(#3324,#3332,#3340,#3348));
#3355=IFCPRODUCTDEFINITIONSHAPE($,$,(#3354));
#3356=IFCCARTESIANPOINT((78.4542372881356,26.0474576271186,0.));
#3357=IFCDIRECTION((0.,0.,1.));
#3358=IFCDIRECTION((1.,0.,0.));
#3359=IFCAXIS2PLACEMENT3D(#3356,#3357,#3358);
#3360=IFCLOCALPLACEMENT(#26,#3359);
#3361=IFCPROPERTYSET('266SV3QAvBnwVml6xEwRhO',$,'NZEB_ExhibitorInfo',$,(#3363,#3364,#3365,#3366,#3367,#3368,#3369,#3370));
#3362=IFCRELDEFINESBYPROPERTIES('3dpulL1MbFDuyL9mc2QjTo',$,$,$,(#3350),#3361);
#3363=IFCPROPERTYSINGLEVALUE('CompanyName',$,IFCLABEL('GIBB'),$);
#3364=IFCPROPERTYSINGLEVALUE('StandNumber',$,IFCLABEL('G7'),$);
#3365=IFCPROPERTYSINGLEVALUE('Zone',$,IFCLABEL('ZONA 4'),$);
#3366=IFCPROPERTYSINGLEVALUE('AreaSqm',$,IFCREAL(18.2),$);
#3367=IFCPROPERTYSINGLEVALUE('Category',$,IFCLABEL('Produse si servicii pentru constructii (general)'),$);
#3368=IFCPROPERTYSINGLEVALUE('CategoryCode',$,IFCLABEL('C99'),$);
#3369=IFCPROPERTYSINGLEVALUE('Indoor',$,IFCBOOLEAN(.T.),$);
#3370=IFCPROPERTYSINGLEVALUE('Event',$,IFCLABEL('NZEB Expo Bucuresti 2026'),$);
#3371=IFCCARTESIANPOINT((3.04406779661017,2.02033898305085));
#3372=IFCAXIS2PLACEMENT2D(#3371,$);
#3373=IFCRECTANGLEPROFILEDEF(.AREA.,$,#3372,6.08813559322034,4.0406779661017);
#3374=IFCCARTESIANPOINT((0.,0.,0.));
#3375=IFCAXIS2PLACEMENT3D(#3374,$,$);
#3376=IFCDIRECTION((0.,0.,1.));
#3377=IFCEXTRUDEDAREASOLID(#3373,#3375,#3376,0.1);
#3378=IFCSTYLEDITEM(#3377,(#95),$);
#3379=IFCCARTESIANPOINT((3.04406779661017,4.0006779661017));
#3380=IFCAXIS2PLACEMENT2D(#3379,$);
#3381=IFCRECTANGLEPROFILEDEF(.AREA.,$,#3380,6.08813559322034,0.08);
#3382=IFCCARTESIANPOINT((0.,0.,0.1));
#3383=IFCAXIS2PLACEMENT3D(#3382,$,$);
#3384=IFCDIRECTION((0.,0.,1.));
#3385=IFCEXTRUDEDAREASOLID(#3381,#3383,#3384,2.5);
#3386=IFCSTYLEDITEM(#3385,(#32),$);
#3387=IFCCARTESIANPOINT((0.04,2.82847457627119));
#3388=IFCAXIS2PLACEMENT2D(#3387,$);
#3389=IFCRECTANGLEPROFILEDEF(.AREA.,$,#3388,0.08,2.42440677966102);
#3390=IFCCARTESIANPOINT((0.,0.,0.1));
#3391=IFCAXIS2PLACEMENT3D(#3390,$,$);
#3392=IFCDIRECTION((0.,0.,1.));
#3393=IFCEXTRUDEDAREASOLID(#3389,#3391,#3392,2.5);
#3394=IFCSTYLEDITEM(#3393,(#32),$);
#3395=IFCCARTESIANPOINT((6.04813559322034,2.82847457627119));
#3396=IFCAXIS2PLACEMENT2D(#3395,$);
#3397=IFCRECTANGLEPROFILEDEF(.AREA.,$,#3396,0.08,2.42440677966102);
#3398=IFCCARTESIANPOINT((0.,0.,0.1));
#3399=IFCAXIS2PLACEMENT3D(#3398,$,$);
#3400=IFCDIRECTION((0.,0.,1.));
#3401=IFCEXTRUDEDAREASOLID(#3397,#3399,#3400,2.5);
#3402=IFCSTYLEDITEM(#3401,(#32),$);
#3403=IFCBUILDINGELEMENTPROXY('1hDavSTx51z9l7H6EW2eU6',$,'G6 - NOVATIK','Stand expozitional generic - NOVATIK',$,#3413,#3408,$,$);
#3407=IFCSHAPEREPRESENTATION(#11,'Body','SweptSolid',(#3377,#3385,#3393,#3401));
#3408=IFCPRODUCTDEFINITIONSHAPE($,$,(#3407));
#3409=IFCCARTESIANPOINT((78.4542372881356,22.0067796610169,0.));
#3410=IFCDIRECTION((0.,0.,1.));
#3411=IFCDIRECTION((1.,0.,0.));
#3412=IFCAXIS2PLACEMENT3D(#3409,#3410,#3411);
#3413=IFCLOCALPLACEMENT(#26,#3412);
#3414=IFCPROPERTYSET('2Lt6q4KC14CwBQYk4vDqql',$,'NZEB_ExhibitorInfo',$,(#3416,#3417,#3418,#3419,#3420,#3421,#3422,#3423,#3424));
#3415=IFCRELDEFINESBYPROPERTIES('2Uc8jkFJXA08R8oCSdERCD',$,$,$,(#3403),#3414);
#3416=IFCPROPERTYSINGLEVALUE('CompanyName',$,IFCLABEL('NOVATIK'),$);
#3417=IFCPROPERTYSINGLEVALUE('StandNumber',$,IFCLABEL('G6'),$);
#3418=IFCPROPERTYSINGLEVALUE('Zone',$,IFCLABEL('ZONA 4'),$);
#3419=IFCPROPERTYSINGLEVALUE('AreaSqm',$,IFCREAL(24.6),$);
#3420=IFCPROPERTYSINGLEVALUE('Category',$,IFCLABEL('Acoperisuri si hidroizolatii'),$);
#3421=IFCPROPERTYSINGLEVALUE('CategoryCode',$,IFCLABEL('C04'),$);
#3422=IFCPROPERTYSINGLEVALUE('Indoor',$,IFCBOOLEAN(.T.),$);
#3423=IFCPROPERTYSINGLEVALUE('Event',$,IFCLABEL('NZEB Expo Bucuresti 2026'),$);
#3424=IFCPROPERTYSINGLEVALUE('Website',$,IFCLABEL('https://www.novatik.ro'),$);
#3425=IFCCARTESIANPOINT((3.53898305084746,1.48474576271186));
#3426=IFCAXIS2PLACEMENT2D(#3425,$);
#3427=IFCRECTANGLEPROFILEDEF(.AREA.,$,#3426,7.07796610169492,2.96949152542373);
#3428=IFCCARTESIANPOINT((0.,0.,0.));
#3429=IFCAXIS2PLACEMENT3D(#3428,$,$);
#3430=IFCDIRECTION((0.,0.,1.));
#3431=IFCEXTRUDEDAREASOLID(#3427,#3429,#3430,0.1);
#3432=IFCSTYLEDITEM(#3431,(#89),$);
#3433=IFCCARTESIANPOINT((3.53898305084746,2.92949152542373));
#3434=IFCAXIS2PLACEMENT2D(#3433,$);
#3435=IFCRECTANGLEPROFILEDEF(.AREA.,$,#3434,7.07796610169492,0.08);
#3436=IFCCARTESIANPOINT((0.,0.,0.1));
#3437=IFCAXIS2PLACEMENT3D(#3436,$,$);
#3438=IFCDIRECTION((0.,0.,1.));
#3439=IFCEXTRUDEDAREASOLID(#3435,#3437,#3438,2.5);
#3440=IFCSTYLEDITEM(#3439,(#32),$);
#3441=IFCCARTESIANPOINT((0.04,2.07864406779661));
#3442=IFCAXIS2PLACEMENT2D(#3441,$);
#3443=IFCRECTANGLEPROFILEDEF(.AREA.,$,#3442,0.08,1.78169491525424);
#3444=IFCCARTESIANPOINT((0.,0.,0.1));
#3445=IFCAXIS2PLACEMENT3D(#3444,$,$);
#3446=IFCDIRECTION((0.,0.,1.));
#3447=IFCEXTRUDEDAREASOLID(#3443,#3445,#3446,2.5);
#3448=IFCSTYLEDITEM(#3447,(#32),$);
#3449=IFCCARTESIANPOINT((7.03796610169492,2.07864406779661));
#3450=IFCAXIS2PLACEMENT2D(#3449,$);
#3451=IFCRECTANGLEPROFILEDEF(.AREA.,$,#3450,0.08,1.78169491525424);
#3452=IFCCARTESIANPOINT((0.,0.,0.1));
#3453=IFCAXIS2PLACEMENT3D(#3452,$,$);
#3454=IFCDIRECTION((0.,0.,1.));
#3455=IFCEXTRUDEDAREASOLID(#3451,#3453,#3454,2.5);
#3456=IFCSTYLEDITEM(#3455,(#32),$);
#3457=IFCBUILDINGELEMENTPROXY('0yzluB5ATAwRez1aQra_sP',$,'G12 - BAUDER','Stand expozitional generic - BAUDER',$,#3467,#3462,$,$);
#3461=IFCSHAPEREPRESENTATION(#11,'Body','SweptSolid',(#3431,#3439,#3447,#3455));
#3462=IFCPRODUCTDEFINITIONSHAPE($,$,(#3461));
#3463=IFCCARTESIANPOINT((84.5423728813559,37.6135593220339,0.));
#3464=IFCDIRECTION((0.,0.,1.));
#3465=IFCDIRECTION((1.,0.,0.));
#3466=IFCAXIS2PLACEMENT3D(#3463,#3464,#3465);
#3467=IFCLOCALPLACEMENT(#26,#3466);
#3468=IFCPROPERTYSET('27Db4ZHpjDNPdB20lF_xG7',$,'NZEB_ExhibitorInfo',$,(#3470,#3471,#3472,#3473,#3474,#3475,#3476,#3477,#3478));
#3469=IFCRELDEFINESBYPROPERTIES('3M4zAOLLj07ApjktiJxuEw',$,$,$,(#3457),#3468);
#3470=IFCPROPERTYSINGLEVALUE('CompanyName',$,IFCLABEL('BAUDER'),$);
#3471=IFCPROPERTYSINGLEVALUE('StandNumber',$,IFCLABEL('G12'),$);
#3472=IFCPROPERTYSINGLEVALUE('Zone',$,IFCLABEL('ZONA 2'),$);
#3473=IFCPROPERTYSINGLEVALUE('AreaSqm',$,IFCREAL(21.),$);
#3474=IFCPROPERTYSINGLEVALUE('Category',$,IFCLABEL('Acoperisuri si hidroizolatii'),$);
#3475=IFCPROPERTYSINGLEVALUE('CategoryCode',$,IFCLABEL('C04'),$);
#3476=IFCPROPERTYSINGLEVALUE('Indoor',$,IFCBOOLEAN(.T.),$);
#3477=IFCPROPERTYSINGLEVALUE('Event',$,IFCLABEL('NZEB Expo Bucuresti 2026'),$);
#3478=IFCPROPERTYSINGLEVALUE('Website',$,IFCLABEL('https://www.bauder.de'),$);
#3479=IFCCARTESIANPOINT((3.55254237288136,2.02033898305085));
#3480=IFCAXIS2PLACEMENT2D(#3479,$);
#3481=IFCRECTANGLEPROFILEDEF(.AREA.,$,#3480,7.10508474576271,4.0406779661017);
#3482=IFCCARTESIANPOINT((0.,0.,0.));
#3483=IFCAXIS2PLACEMENT3D(#3482,$,$);
#3484=IFCDIRECTION((0.,0.,1.));
#3485=IFCEXTRUDEDAREASOLID(#3481,#3483,#3484,0.1);
#3486=IFCSTYLEDITEM(#3485,(#98),$);
#3487=IFCCARTESIANPOINT((3.55254237288136,4.0006779661017));
#3488=IFCAXIS2PLACEMENT2D(#3487,$);
#3489=IFCRECTANGLEPROFILEDEF(.AREA.,$,#3488,7.10508474576271,0.08);
#3490=IFCCARTESIANPOINT((0.,0.,0.1));
#3491=IFCAXIS2PLACEMENT3D(#3490,$,$);
#3492=IFCDIRECTION((0.,0.,1.));
#3493=IFCEXTRUDEDAREASOLID(#3489,#3491,#3492,2.5);
#3494=IFCSTYLEDITEM(#3493,(#32),$);
#3495=IFCCARTESIANPOINT((0.04,2.82847457627119));
#3496=IFCAXIS2PLACEMENT2D(#3495,$);
#3497=IFCRECTANGLEPROFILEDEF(.AREA.,$,#3496,0.08,2.42440677966102);
#3498=IFCCARTESIANPOINT((0.,0.,0.1));
#3499=IFCAXIS2PLACEMENT3D(#3498,$,$);
#3500=IFCDIRECTION((0.,0.,1.));
#3501=IFCEXTRUDEDAREASOLID(#3497,#3499,#3500,2.5);
#3502=IFCSTYLEDITEM(#3501,(#32),$);
#3503=IFCCARTESIANPOINT((7.06508474576271,2.82847457627119));
#3504=IFCAXIS2PLACEMENT2D(#3503,$);
#3505=IFCRECTANGLEPROFILEDEF(.AREA.,$,#3504,0.08,2.42440677966102);
#3506=IFCCARTESIANPOINT((0.,0.,0.1));
#3507=IFCAXIS2PLACEMENT3D(#3506,$,$);
#3508=IFCDIRECTION((0.,0.,1.));
#3509=IFCEXTRUDEDAREASOLID(#3505,#3507,#3508,2.5);
#3510=IFCSTYLEDITEM(#3509,(#32),$);
#3511=IFCBUILDINGELEMENTPROXY('0l78JWKxHCA9dm4xkK6qpy',$,'G9 - ROCKWOOL','Stand expozitional generic - ROCKWOOL',$,#3521,#3516,$,$);
#3515=IFCSHAPEREPRESENTATION(#11,'Body','SweptSolid',(#3485,#3493,#3501,#3509));
#3516=IFCPRODUCTDEFINITIONSHAPE($,$,(#3515));
#3517=IFCCARTESIANPOINT((84.528813559322,33.5593220338983,0.));
#3518=IFCDIRECTION((0.,0.,1.));
#3519=IFCDIRECTION((1.,0.,0.));
#3520=IFCAXIS2PLACEMENT3D(#3517,#3518,#3519);
#3521=IFCLOCALPLACEMENT(#26,#3520);
#3522=IFCPROPERTYSET('0EDdQIzen7APunFY3z9afs',$,'NZEB_ExhibitorInfo',$,(#3524,#3525,#3526,#3527,#3528,#3529,#3530,#3531,#3532));
#3523=IFCRELDEFINESBYPROPERTIES('1X02DA6UX06w29xK1eYHPd',$,$,$,(#3511),#3522);
#3524=IFCPROPERTYSINGLEVALUE('CompanyName',$,IFCLABEL('ROCKWOOL'),$);
#3525=IFCPROPERTYSINGLEVALUE('StandNumber',$,IFCLABEL('G9'),$);
#3526=IFCPROPERTYSINGLEVALUE('Zone',$,IFCLABEL('ZONA 5'),$);
#3527=IFCPROPERTYSINGLEVALUE('AreaSqm',$,IFCREAL(28.7),$);
#3528=IFCPROPERTYSINGLEVALUE('Category',$,IFCLABEL('Izolatii termice si anvelopa cladirii'),$);
#3529=IFCPROPERTYSINGLEVALUE('CategoryCode',$,IFCLABEL('C01'),$);
#3530=IFCPROPERTYSINGLEVALUE('Indoor',$,IFCBOOLEAN(.T.),$);
#3531=IFCPROPERTYSINGLEVALUE('Event',$,IFCLABEL('NZEB Expo Bucuresti 2026'),$);
#3532=IFCPROPERTYSINGLEVALUE('Website',$,IFCLABEL('https://www.rockwool.com'),$);
#3533=IFCCARTESIANPOINT((3.04406779661017,1.48474576271186));
#3534=IFCAXIS2PLACEMENT2D(#3533,$);
#3535=IFCRECTANGLEPROFILEDEF(.AREA.,$,#3534,6.08813559322034,2.96949152542373);
#3536=IFCCARTESIANPOINT((0.,0.,0.));
#3537=IFCAXIS2PLACEMENT3D(#3536,$,$);
#3538=IFCDIRECTION((0.,0.,1.));
#3539=IFCEXTRUDEDAREASOLID(#3535,#3537,#3538,0.1);
#3540=IFCSTYLEDITEM(#3539,(#89),$);
#3541=IFCCARTESIANPOINT((3.04406779661017,2.92949152542373));
#3542=IFCAXIS2PLACEMENT2D(#3541,$);
#3543=IFCRECTANGLEPROFILEDEF(.AREA.,$,#3542,6.08813559322034,0.08);
#3544=IFCCARTESIANPOINT((0.,0.,0.1));
#3545=IFCAXIS2PLACEMENT3D(#3544,$,$);
#3546=IFCDIRECTION((0.,0.,1.));
#3547=IFCEXTRUDEDAREASOLID(#3543,#3545,#3546,2.5);
#3548=IFCSTYLEDITEM(#3547,(#32),$);
#3549=IFCCARTESIANPOINT((0.04,2.07864406779661));
#3550=IFCAXIS2PLACEMENT2D(#3549,$);
#3551=IFCRECTANGLEPROFILEDEF(.AREA.,$,#3550,0.08,1.78169491525424);
#3552=IFCCARTESIANPOINT((0.,0.,0.1));
#3553=IFCAXIS2PLACEMENT3D(#3552,$,$);
#3554=IFCDIRECTION((0.,0.,1.));
#3555=IFCEXTRUDEDAREASOLID(#3551,#3553,#3554,2.5);
#3556=IFCSTYLEDITEM(#3555,(#32),$);
#3557=IFCCARTESIANPOINT((6.04813559322034,2.07864406779661));
#3558=IFCAXIS2PLACEMENT2D(#3557,$);
#3559=IFCRECTANGLEPROFILEDEF(.AREA.,$,#3558,0.08,1.78169491525424);
#3560=IFCCARTESIANPOINT((0.,0.,0.1));
#3561=IFCAXIS2PLACEMENT3D(#3560,$,$);
#3562=IFCDIRECTION((0.,0.,1.));
#3563=IFCEXTRUDEDAREASOLID(#3559,#3561,#3562,2.5);
#3564=IFCSTYLEDITEM(#3563,(#32),$);
#3565=IFCBUILDINGELEMENTPROXY('1dSdNULbH8Dv0g9AWsDdN2',$,'G11 - Stand G11','Stand expozitional generic - Stand G11',$,#3575,#3570,$,$);
#3569=IFCSHAPEREPRESENTATION(#11,'Body','SweptSolid',(#3539,#3547,#3555,#3563));
#3570=IFCPRODUCTDEFINITIONSHAPE($,$,(#3569));
#3571=IFCCARTESIANPOINT((78.4677966101695,37.6135593220339,0.));
#3572=IFCDIRECTION((0.,0.,1.));
#3573=IFCDIRECTION((1.,0.,0.));
#3574=IFCAXIS2PLACEMENT3D(#3571,#3572,#3573);
#3575=IFCLOCALPLACEMENT(#26,#3574);
#3576=IFCPROPERTYSET('0iH4$kGvj9lvo6OjkLTjJE',$,'NZEB_ExhibitorInfo',$,(#3578,#3579,#3580,#3581,#3582,#3583,#3584,#3585));
#3577=IFCRELDEFINESBYPROPERTIES('3RYnN6V5fByQVFqRScxupg',$,$,$,(#3565),#3576);
#3578=IFCPROPERTYSINGLEVALUE('CompanyName',$,IFCLABEL('Stand G11'),$);
#3579=IFCPROPERTYSINGLEVALUE('StandNumber',$,IFCLABEL('G11'),$);
#3580=IFCPROPERTYSINGLEVALUE('Zone',$,IFCLABEL('ZONA 2'),$);
#3581=IFCPROPERTYSINGLEVALUE('AreaSqm',$,IFCREAL(18.1),$);
#3582=IFCPROPERTYSINGLEVALUE('Category',$,IFCLABEL('Produse si servicii pentru constructii (general)'),$);
#3583=IFCPROPERTYSINGLEVALUE('CategoryCode',$,IFCLABEL('C99'),$);
#3584=IFCPROPERTYSINGLEVALUE('Indoor',$,IFCBOOLEAN(.T.),$);
#3585=IFCPROPERTYSINGLEVALUE('Event',$,IFCLABEL('NZEB Expo Bucuresti 2026'),$);
#3586=IFCCARTESIANPOINT((3.55254237288136,1.49830508474576));
#3587=IFCAXIS2PLACEMENT2D(#3586,$);
#3588=IFCRECTANGLEPROFILEDEF(.AREA.,$,#3587,7.10508474576271,2.99661016949153);
#3589=IFCCARTESIANPOINT((0.,0.,0.));
#3590=IFCAXIS2PLACEMENT3D(#3589,$,$);
#3591=IFCDIRECTION((0.,0.,1.));
#3592=IFCEXTRUDEDAREASOLID(#3588,#3590,#3591,0.1);
#3593=IFCSTYLEDITEM(#3592,(#98),$);
#3594=IFCCARTESIANPOINT((3.55254237288136,2.95661016949153));
#3595=IFCAXIS2PLACEMENT2D(#3594,$);
#3596=IFCRECTANGLEPROFILEDEF(.AREA.,$,#3595,7.10508474576271,0.08);
#3597=IFCCARTESIANPOINT((0.,0.,0.1));
#3598=IFCAXIS2PLACEMENT3D(#3597,$,$);
#3599=IFCDIRECTION((0.,0.,1.));
#3600=IFCEXTRUDEDAREASOLID(#3596,#3598,#3599,2.5);
#3601=IFCSTYLEDITEM(#3600,(#32),$);
#3602=IFCCARTESIANPOINT((0.04,2.09762711864407));
#3603=IFCAXIS2PLACEMENT2D(#3602,$);
#3604=IFCRECTANGLEPROFILEDEF(.AREA.,$,#3603,0.08,1.79796610169492);
#3605=IFCCARTESIANPOINT((0.,0.,0.1));
#3606=IFCAXIS2PLACEMENT3D(#3605,$,$);
#3607=IFCDIRECTION((0.,0.,1.));
#3608=IFCEXTRUDEDAREASOLID(#3604,#3606,#3607,2.5);
#3609=IFCSTYLEDITEM(#3608,(#32),$);
#3610=IFCCARTESIANPOINT((7.06508474576271,2.09762711864407));
#3611=IFCAXIS2PLACEMENT2D(#3610,$);
#3612=IFCRECTANGLEPROFILEDEF(.AREA.,$,#3611,0.08,1.79796610169492);
#3613=IFCCARTESIANPOINT((0.,0.,0.1));
#3614=IFCAXIS2PLACEMENT3D(#3613,$,$);
#3615=IFCDIRECTION((0.,0.,1.));
#3616=IFCEXTRUDEDAREASOLID(#3612,#3614,#3615,2.5);
#3617=IFCSTYLEDITEM(#3616,(#32),$);
#3618=IFCBUILDINGELEMENTPROXY('2J88_M$Gv70vyJzJdfJagn',$,'G4 - VELUX','Stand expozitional generic - VELUX',$,#3628,#3623,$,$);
#3622=IFCSHAPEREPRESENTATION(#11,'Body','SweptSolid',(#3592,#3600,#3608,#3616));
#3623=IFCPRODUCTDEFINITIONSHAPE($,$,(#3622));
#3624=IFCCARTESIANPOINT((84.5423728813559,14.7932203389831,0.));
#3625=IFCDIRECTION((0.,0.,1.));
#3626=IFCDIRECTION((1.,0.,0.));
#3627=IFCAXIS2PLACEMENT3D(#3624,#3625,#3626);
#3628=IFCLOCALPLACEMENT(#26,#3627);
#3629=IFCPROPERTYSET('037MxZ_IP7yhy9crMqCmbj',$,'NZEB_ExhibitorInfo',$,(#3631,#3632,#3633,#3634,#3635,#3636,#3637,#3638,#3639));
#3630=IFCRELDEFINESBYPROPERTIES('2vmAVYmFX9TO_Z4_034dYt',$,$,$,(#3618),#3629);
#3631=IFCPROPERTYSINGLEVALUE('CompanyName',$,IFCLABEL('VELUX'),$);
#3632=IFCPROPERTYSINGLEVALUE('StandNumber',$,IFCLABEL('G4'),$);
#3633=IFCPROPERTYSINGLEVALUE('Zone',$,IFCLABEL('ZONA 5'),$);
#3634=IFCPROPERTYSINGLEVALUE('AreaSqm',$,IFCREAL(21.3),$);
#3635=IFCPROPERTYSINGLEVALUE('Category',$,IFCLABEL('Acoperisuri si hidroizolatii'),$);
#3636=IFCPROPERTYSINGLEVALUE('CategoryCode',$,IFCLABEL('C04'),$);
#3637=IFCPROPERTYSINGLEVALUE('Indoor',$,IFCBOOLEAN(.T.),$);
#3638=IFCPROPERTYSINGLEVALUE('Event',$,IFCLABEL('NZEB Expo Bucuresti 2026'),$);
#3639=IFCPROPERTYSINGLEVALUE('Website',$,IFCLABEL('https://www.velux.ro'),$);
#3640=IFCCARTESIANPOINT((4.56949152542373,2.02033898305085));
#3641=IFCAXIS2PLACEMENT2D(#3640,$);
#3642=IFCRECTANGLEPROFILEDEF(.AREA.,$,#3641,9.13898305084746,4.0406779661017);
#3643=IFCCARTESIANPOINT((0.,0.,0.));
#3644=IFCAXIS2PLACEMENT3D(#3643,$,$);
#3645=IFCDIRECTION((0.,0.,1.));
#3646=IFCEXTRUDEDAREASOLID(#3642,#3644,#3645,0.1);
#3647=IFCSTYLEDITEM(#3646,(#98),$);
#3648=IFCCARTESIANPOINT((4.56949152542373,4.0006779661017));
#3649=IFCAXIS2PLACEMENT2D(#3648,$);
#3650=IFCRECTANGLEPROFILEDEF(.AREA.,$,#3649,9.13898305084746,0.08);
#3651=IFCCARTESIANPOINT((0.,0.,0.1));
#3652=IFCAXIS2PLACEMENT3D(#3651,$,$);
#3653=IFCDIRECTION((0.,0.,1.));
#3654=IFCEXTRUDEDAREASOLID(#3650,#3652,#3653,2.5);
#3655=IFCSTYLEDITEM(#3654,(#32),$);
#3656=IFCCARTESIANPOINT((0.04,2.82847457627119));
#3657=IFCAXIS2PLACEMENT2D(#3656,$);
#3658=IFCRECTANGLEPROFILEDEF(.AREA.,$,#3657,0.08,2.42440677966102);
#3659=IFCCARTESIANPOINT((0.,0.,0.1));
#3660=IFCAXIS2PLACEMENT3D(#3659,$,$);
#3661=IFCDIRECTION((0.,0.,1.));
#3662=IFCEXTRUDEDAREASOLID(#3658,#3660,#3661,2.5);
#3663=IFCSTYLEDITEM(#3662,(#32),$);
#3664=IFCCARTESIANPOINT((9.09898305084746,2.82847457627119));
#3665=IFCAXIS2PLACEMENT2D(#3664,$);
#3666=IFCRECTANGLEPROFILEDEF(.AREA.,$,#3665,0.08,2.42440677966102);
#3667=IFCCARTESIANPOINT((0.,0.,0.1));
#3668=IFCAXIS2PLACEMENT3D(#3667,$,$);
#3669=IFCDIRECTION((0.,0.,1.));
#3670=IFCEXTRUDEDAREASOLID(#3666,#3668,#3669,2.5);
#3671=IFCSTYLEDITEM(#3670,(#32),$);
#3672=IFCBUILDINGELEMENTPROXY('23bSuhpEz2EQYpkKcLZeZx',$,'G1 - ALUMIL','Stand expozitional generic - ALUMIL',$,#3682,#3677,$,$);
#3676=IFCSHAPEREPRESENTATION(#11,'Body','SweptSolid',(#3646,#3654,#3662,#3670));
#3677=IFCPRODUCTDEFINITIONSHAPE($,$,(#3676));
#3678=IFCCARTESIANPOINT((82.5084745762712,10.7525423728814,0.));
#3679=IFCDIRECTION((0.,0.,1.));
#3680=IFCDIRECTION((1.,0.,0.));
#3681=IFCAXIS2PLACEMENT3D(#3678,#3679,#3680);
#3682=IFCLOCALPLACEMENT(#26,#3681);
#3683=IFCPROPERTYSET('17MAItPr5459nJtYdfG93I',$,'NZEB_ExhibitorInfo',$,(#3685,#3686,#3687,#3688,#3689,#3690,#3691,#3692,#3693));
#3684=IFCRELDEFINESBYPROPERTIES('3yLWBDTv95whu7HrH5anle',$,$,$,(#3672),#3683);
#3685=IFCPROPERTYSINGLEVALUE('CompanyName',$,IFCLABEL('ALUMIL'),$);
#3686=IFCPROPERTYSINGLEVALUE('StandNumber',$,IFCLABEL('G1'),$);
#3687=IFCPROPERTYSINGLEVALUE('Zone',$,IFCLABEL('ZONA 5'),$);
#3688=IFCPROPERTYSINGLEVALUE('AreaSqm',$,IFCREAL(36.9),$);
#3689=IFCPROPERTYSINGLEVALUE('Category',$,IFCLABEL('Ferestre, usi, fatade si tamplarie'),$);
#3690=IFCPROPERTYSINGLEVALUE('CategoryCode',$,IFCLABEL('C02'),$);
#3691=IFCPROPERTYSINGLEVALUE('Indoor',$,IFCBOOLEAN(.T.),$);
#3692=IFCPROPERTYSINGLEVALUE('Event',$,IFCLABEL('NZEB Expo Bucuresti 2026'),$);
#3693=IFCPROPERTYSINGLEVALUE('Website',$,IFCLABEL('https://www.alumil.com'),$);
#3694=IFCCARTESIANPOINT((3.49152542372881,1.49830508474576));
#3695=IFCAXIS2PLACEMENT2D(#3694,$);
#3696=IFCRECTANGLEPROFILEDEF(.AREA.,$,#3695,6.98305084745763,2.99661016949153);
#3697=IFCCARTESIANPOINT((0.,0.,0.));
#3698=IFCAXIS2PLACEMENT3D(#3697,$,$);
#3699=IFCDIRECTION((0.,0.,1.));
#3700=IFCEXTRUDEDAREASOLID(#3696,#3698,#3699,0.1);
#3701=IFCSTYLEDITEM(#3700,(#95),$);
#3702=IFCCARTESIANPOINT((3.49152542372881,2.95661016949153));
#3703=IFCAXIS2PLACEMENT2D(#3702,$);
#3704=IFCRECTANGLEPROFILEDEF(.AREA.,$,#3703,6.98305084745763,0.08);
#3705=IFCCARTESIANPOINT((0.,0.,0.1));
#3706=IFCAXIS2PLACEMENT3D(#3705,$,$);
#3707=IFCDIRECTION((0.,0.,1.));
#3708=IFCEXTRUDEDAREASOLID(#3704,#3706,#3707,2.5);
#3709=IFCSTYLEDITEM(#3708,(#32),$);
#3710=IFCCARTESIANPOINT((0.04,2.09762711864407));
#3711=IFCAXIS2PLACEMENT2D(#3710,$);
#3712=IFCRECTANGLEPROFILEDEF(.AREA.,$,#3711,0.08,1.79796610169492);
#3713=IFCCARTESIANPOINT((0.,0.,0.1));
#3714=IFCAXIS2PLACEMENT3D(#3713,$,$);
#3715=IFCDIRECTION((0.,0.,1.));
#3716=IFCEXTRUDEDAREASOLID(#3712,#3714,#3715,2.5);
#3717=IFCSTYLEDITEM(#3716,(#32),$);
#3718=IFCCARTESIANPOINT((6.94305084745763,2.09762711864407));
#3719=IFCAXIS2PLACEMENT2D(#3718,$);
#3720=IFCRECTANGLEPROFILEDEF(.AREA.,$,#3719,0.08,1.79796610169492);
#3721=IFCCARTESIANPOINT((0.,0.,0.1));
#3722=IFCAXIS2PLACEMENT3D(#3721,$,$);
#3723=IFCDIRECTION((0.,0.,1.));
#3724=IFCEXTRUDEDAREASOLID(#3720,#3722,#3723,2.5);
#3725=IFCSTYLEDITEM(#3724,(#32),$);
#3726=IFCBUILDINGELEMENTPROXY('1R6J4NXanFm8qANO99qR7F',$,'G3 - MTM','Stand expozitional generic - MTM',$,#3736,#3731,$,$);
#3730=IFCSHAPEREPRESENTATION(#11,'Body','SweptSolid',(#3700,#3708,#3716,#3724));
#3731=IFCPRODUCTDEFINITIONSHAPE($,$,(#3730));
#3732=IFCCARTESIANPOINT((78.4542372881356,14.7932203389831,0.));
#3733=IFCDIRECTION((0.,0.,1.));
#3734=IFCDIRECTION((1.,0.,0.));
#3735=IFCAXIS2PLACEMENT3D(#3732,#3733,#3734);
#3736=IFCLOCALPLACEMENT(#26,#3735);
#3737=IFCPROPERTYSET('0j$2QNT5P0MvkqiD5EqRLk',$,'NZEB_ExhibitorInfo',$,(#3739,#3740,#3741,#3742,#3743,#3744,#3745,#3746));
#3738=IFCRELDEFINESBYPROPERTIES('1RqoQVxm1DHx0G_ERYysLR',$,$,$,(#3726),#3737);
#3739=IFCPROPERTYSINGLEVALUE('CompanyName',$,IFCLABEL('MTM'),$);
#3740=IFCPROPERTYSINGLEVALUE('StandNumber',$,IFCLABEL('G3'),$);
#3741=IFCPROPERTYSINGLEVALUE('Zone',$,IFCLABEL('ZONA 4'),$);
#3742=IFCPROPERTYSINGLEVALUE('AreaSqm',$,IFCREAL(20.9),$);
#3743=IFCPROPERTYSINGLEVALUE('Category',$,IFCLABEL('Produse si servicii pentru constructii (general)'),$);
#3744=IFCPROPERTYSINGLEVALUE('CategoryCode',$,IFCLABEL('C99'),$);
#3745=IFCPROPERTYSINGLEVALUE('Indoor',$,IFCBOOLEAN(.T.),$);
#3746=IFCPROPERTYSINGLEVALUE('Event',$,IFCLABEL('NZEB Expo Bucuresti 2026'),$);
#3747=IFCCARTESIANPOINT((2.0135593220339,2.0135593220339));
#3748=IFCAXIS2PLACEMENT2D(#3747,$);
#3749=IFCRECTANGLEPROFILEDEF(.AREA.,$,#3748,4.0271186440678,4.0271186440678);
#3750=IFCCARTESIANPOINT((0.,0.,0.));
#3751=IFCAXIS2PLACEMENT3D(#3750,$,$);
#3752=IFCDIRECTION((0.,0.,1.));
#3753=IFCEXTRUDEDAREASOLID(#3749,#3751,#3752,0.1);
#3754=IFCSTYLEDITEM(#3753,(#95),$);
#3755=IFCCARTESIANPOINT((2.0135593220339,3.9871186440678));
#3756=IFCAXIS2PLACEMENT2D(#3755,$);
#3757=IFCRECTANGLEPROFILEDEF(.AREA.,$,#3756,4.0271186440678,0.08);
#3758=IFCCARTESIANPOINT((0.,0.,0.1));
#3759=IFCAXIS2PLACEMENT3D(#3758,$,$);
#3760=IFCDIRECTION((0.,0.,1.));
#3761=IFCEXTRUDEDAREASOLID(#3757,#3759,#3760,2.5);
#3762=IFCSTYLEDITEM(#3761,(#32),$);
#3763=IFCCARTESIANPOINT((0.04,2.81898305084746));
#3764=IFCAXIS2PLACEMENT2D(#3763,$);
#3765=IFCRECTANGLEPROFILEDEF(.AREA.,$,#3764,0.08,2.41627118644068);
#3766=IFCCARTESIANPOINT((0.,0.,0.1));
#3767=IFCAXIS2PLACEMENT3D(#3766,$,$);
#3768=IFCDIRECTION((0.,0.,1.));
#3769=IFCEXTRUDEDAREASOLID(#3765,#3767,#3768,2.5);
#3770=IFCSTYLEDITEM(#3769,(#32),$);
#3771=IFCCARTESIANPOINT((3.9871186440678,2.81898305084746));
#3772=IFCAXIS2PLACEMENT2D(#3771,$);
#3773=IFCRECTANGLEPROFILEDEF(.AREA.,$,#3772,0.08,2.41627118644068);
#3774=IFCCARTESIANPOINT((0.,0.,0.1));
#3775=IFCAXIS2PLACEMENT3D(#3774,$,$);
#3776=IFCDIRECTION((0.,0.,1.));
#3777=IFCEXTRUDEDAREASOLID(#3773,#3775,#3776,2.5);
#3778=IFCSTYLEDITEM(#3777,(#32),$);
#3779=IFCBUILDINGELEMENTPROXY('0DYCjjUiH7PeClv3HaKEoG',$,'G2 - KNIPEX WERK','Stand expozitional generic - KNIPEX WERK',$,#3789,#3784,$,$);
#3783=IFCSHAPEREPRESENTATION(#11,'Body','SweptSolid',(#3753,#3761,#3769,#3777));
#3784=IFCPRODUCTDEFINITIONSHAPE($,$,(#3783));
#3785=IFCCARTESIANPOINT((78.4542372881356,10.7661016949153,0.));
#3786=IFCDIRECTION((0.,0.,1.));
#3787=IFCDIRECTION((1.,0.,0.));
#3788=IFCAXIS2PLACEMENT3D(#3785,#3786,#3787);
#3789=IFCLOCALPLACEMENT(#26,#3788);
#3790=IFCPROPERTYSET('38zVFe3mT7agB3ZkzYexFb',$,'NZEB_ExhibitorInfo',$,(#3792,#3793,#3794,#3795,#3796,#3797,#3798,#3799,#3800));
#3791=IFCRELDEFINESBYPROPERTIES('2Xxj4R_7576OEhC$ldkI1e',$,$,$,(#3779),#3790);
#3792=IFCPROPERTYSINGLEVALUE('CompanyName',$,IFCLABEL('KNIPEX WERK'),$);
#3793=IFCPROPERTYSINGLEVALUE('StandNumber',$,IFCLABEL('G2'),$);
#3794=IFCPROPERTYSINGLEVALUE('Zone',$,IFCLABEL('ZONA 4'),$);
#3795=IFCPROPERTYSINGLEVALUE('AreaSqm',$,IFCREAL(16.2),$);
#3796=IFCPROPERTYSINGLEVALUE('Category',$,IFCLABEL('Scule, unelte, fixari si echipamente de masura'),$);
#3797=IFCPROPERTYSINGLEVALUE('CategoryCode',$,IFCLABEL('C07'),$);
#3798=IFCPROPERTYSINGLEVALUE('Indoor',$,IFCBOOLEAN(.T.),$);
#3799=IFCPROPERTYSINGLEVALUE('Event',$,IFCLABEL('NZEB Expo Bucuresti 2026'),$);
#3800=IFCPROPERTYSINGLEVALUE('Website',$,IFCLABEL('https://www.knipex.com'),$);
#3801=IFCCARTESIANPOINT((6.8135593220339,1.49830508474576));
#3802=IFCAXIS2PLACEMENT2D(#3801,$);
#3803=IFCRECTANGLEPROFILEDEF(.AREA.,$,#3802,13.6271186440678,2.99661016949153);
#3804=IFCCARTESIANPOINT((0.,0.,0.));
#3805=IFCAXIS2PLACEMENT3D(#3804,$,$);
#3806=IFCDIRECTION((0.,0.,1.));
#3807=IFCEXTRUDEDAREASOLID(#3803,#3805,#3806,0.1);
#3808=IFCSTYLEDITEM(#3807,(#98),$);
#3809=IFCCARTESIANPOINT((6.8135593220339,2.95661016949153));
#3810=IFCAXIS2PLACEMENT2D(#3809,$);
#3811=IFCRECTANGLEPROFILEDEF(.AREA.,$,#3810,13.6271186440678,0.08);
#3812=IFCCARTESIANPOINT((0.,0.,0.1));
#3813=IFCAXIS2PLACEMENT3D(#3812,$,$);
#3814=IFCDIRECTION((0.,0.,1.));
#3815=IFCEXTRUDEDAREASOLID(#3811,#3813,#3814,2.5);
#3816=IFCSTYLEDITEM(#3815,(#32),$);
#3817=IFCCARTESIANPOINT((0.04,2.09762711864407));
#3818=IFCAXIS2PLACEMENT2D(#3817,$);
#3819=IFCRECTANGLEPROFILEDEF(.AREA.,$,#3818,0.08,1.79796610169492);
#3820=IFCCARTESIANPOINT((0.,0.,0.1));
#3821=IFCAXIS2PLACEMENT3D(#3820,$,$);
#3822=IFCDIRECTION((0.,0.,1.));
#3823=IFCEXTRUDEDAREASOLID(#3819,#3821,#3822,2.5);
#3824=IFCSTYLEDITEM(#3823,(#32),$);
#3825=IFCCARTESIANPOINT((13.5871186440678,2.09762711864407));
#3826=IFCAXIS2PLACEMENT2D(#3825,$);
#3827=IFCRECTANGLEPROFILEDEF(.AREA.,$,#3826,0.08,1.79796610169492);
#3828=IFCCARTESIANPOINT((0.,0.,0.1));
#3829=IFCAXIS2PLACEMENT3D(#3828,$,$);
#3830=IFCDIRECTION((0.,0.,1.));
#3831=IFCEXTRUDEDAREASOLID(#3827,#3829,#3830,2.5);
#3832=IFCSTYLEDITEM(#3831,(#32),$);
#3833=IFCBUILDINGELEMENTPROXY('31vVwr5V11kB$AmWIG405m',$,'E3 - DIZAINAR','Stand expozitional generic - DIZAINAR',$,#3843,#3838,$,$);
#3837=IFCSHAPEREPRESENTATION(#11,'Body','SweptSolid',(#3807,#3815,#3823,#3831));
#3838=IFCPRODUCTDEFINITIONSHAPE($,$,(#3837));
#3839=IFCCARTESIANPOINT((113.84406779661,14.7932203389831,0.));
#3840=IFCDIRECTION((0.,0.,1.));
#3841=IFCDIRECTION((1.,0.,0.));
#3842=IFCAXIS2PLACEMENT3D(#3839,#3840,#3841);
#3843=IFCLOCALPLACEMENT(#26,#3842);
#3844=IFCPROPERTYSET('2tO7KqiwLDw8gqVu7xfCy5',$,'NZEB_ExhibitorInfo',$,(#3846,#3847,#3848,#3849,#3850,#3851,#3852,#3853,#3854));
#3845=IFCRELDEFINESBYPROPERTIES('0H0_$Rsif1txl5koImkcvE',$,$,$,(#3833),#3844);
#3846=IFCPROPERTYSINGLEVALUE('CompanyName',$,IFCLABEL('DIZAINAR'),$);
#3847=IFCPROPERTYSINGLEVALUE('StandNumber',$,IFCLABEL('E3'),$);
#3848=IFCPROPERTYSINGLEVALUE('Zone',$,IFCLABEL('ZONA 5'),$);
#3849=IFCPROPERTYSINGLEVALUE('AreaSqm',$,IFCREAL(40.8),$);
#3850=IFCPROPERTYSINGLEVALUE('Category',$,IFCLABEL('Mobilier, design si amenajari interioare'),$);
#3851=IFCPROPERTYSINGLEVALUE('CategoryCode',$,IFCLABEL('C15'),$);
#3852=IFCPROPERTYSINGLEVALUE('Indoor',$,IFCBOOLEAN(.T.),$);
#3853=IFCPROPERTYSINGLEVALUE('Event',$,IFCLABEL('NZEB Expo Bucuresti 2026'),$);
#3854=IFCPROPERTYSINGLEVALUE('Website',$,IFCLABEL('https://www.dizainar.ro'),$);
#3855=IFCCARTESIANPOINT((3.76949152542373,2.02033898305085));
#3856=IFCAXIS2PLACEMENT2D(#3855,$);
#3857=IFCRECTANGLEPROFILEDEF(.AREA.,$,#3856,7.53898305084746,4.0406779661017);
#3858=IFCCARTESIANPOINT((0.,0.,0.));
#3859=IFCAXIS2PLACEMENT3D(#3858,$,$);
#3860=IFCDIRECTION((0.,0.,1.));
#3861=IFCEXTRUDEDAREASOLID(#3857,#3859,#3860,0.1);
#3862=IFCSTYLEDITEM(#3861,(#98),$);
#3863=IFCCARTESIANPOINT((3.76949152542373,4.0006779661017));
#3864=IFCAXIS2PLACEMENT2D(#3863,$);
#3865=IFCRECTANGLEPROFILEDEF(.AREA.,$,#3864,7.53898305084746,0.08);
#3866=IFCCARTESIANPOINT((0.,0.,0.1));
#3867=IFCAXIS2PLACEMENT3D(#3866,$,$);
#3868=IFCDIRECTION((0.,0.,1.));
#3869=IFCEXTRUDEDAREASOLID(#3865,#3867,#3868,2.5);
#3870=IFCSTYLEDITEM(#3869,(#32),$);
#3871=IFCCARTESIANPOINT((0.04,2.82847457627119));
#3872=IFCAXIS2PLACEMENT2D(#3871,$);
#3873=IFCRECTANGLEPROFILEDEF(.AREA.,$,#3872,0.08,2.42440677966102);
#3874=IFCCARTESIANPOINT((0.,0.,0.1));
#3875=IFCAXIS2PLACEMENT3D(#3874,$,$);
#3876=IFCDIRECTION((0.,0.,1.));
#3877=IFCEXTRUDEDAREASOLID(#3873,#3875,#3876,2.5);
#3878=IFCSTYLEDITEM(#3877,(#32),$);
#3879=IFCCARTESIANPOINT((7.49898305084746,2.82847457627119));
#3880=IFCAXIS2PLACEMENT2D(#3879,$);
#3881=IFCRECTANGLEPROFILEDEF(.AREA.,$,#3880,0.08,2.42440677966102);
#3882=IFCCARTESIANPOINT((0.,0.,0.1));
#3883=IFCAXIS2PLACEMENT3D(#3882,$,$);
#3884=IFCDIRECTION((0.,0.,1.));
#3885=IFCEXTRUDEDAREASOLID(#3881,#3883,#3884,2.5);
#3886=IFCSTYLEDITEM(#3885,(#32),$);
#3887=IFCBUILDINGELEMENTPROXY('3r_$1fgRvE5fEVV6OX7w6D',$,'E1 - ECOVENT','Stand expozitional generic - ECOVENT',$,#3897,#3892,$,$);
#3891=IFCSHAPEREPRESENTATION(#11,'Body','SweptSolid',(#3861,#3869,#3877,#3885));
#3892=IFCPRODUCTDEFINITIONSHAPE($,$,(#3891));
#3893=IFCCARTESIANPOINT((119.932203389831,10.7525423728814,0.));
#3894=IFCDIRECTION((0.,0.,1.));
#3895=IFCDIRECTION((1.,0.,0.));
#3896=IFCAXIS2PLACEMENT3D(#3893,#3894,#3895);
#3897=IFCLOCALPLACEMENT(#26,#3896);
#3898=IFCPROPERTYSET('2vfB_AtvLC9A06YamtBLI6',$,'NZEB_ExhibitorInfo',$,(#3900,#3901,#3902,#3903,#3904,#3905,#3906,#3907));
#3899=IFCRELDEFINESBYPROPERTIES('0_okLlTJL1t9ln88rplI8l',$,$,$,(#3887),#3898);
#3900=IFCPROPERTYSINGLEVALUE('CompanyName',$,IFCLABEL('ECOVENT'),$);
#3901=IFCPROPERTYSINGLEVALUE('StandNumber',$,IFCLABEL('E1'),$);
#3902=IFCPROPERTYSINGLEVALUE('Zone',$,IFCLABEL('ZONA 5'),$);
#3903=IFCPROPERTYSINGLEVALUE('AreaSqm',$,IFCREAL(30.5),$);
#3904=IFCPROPERTYSINGLEVALUE('Category',$,IFCLABEL('HVAC, incalzire, ventilatie si instalatii'),$);
#3905=IFCPROPERTYSINGLEVALUE('CategoryCode',$,IFCLABEL('C03'),$);
#3906=IFCPROPERTYSINGLEVALUE('Indoor',$,IFCBOOLEAN(.T.),$);
#3907=IFCPROPERTYSINGLEVALUE('Event',$,IFCLABEL('NZEB Expo Bucuresti 2026'),$);
#3908=IFCCARTESIANPOINT((3.04406779661017,2.02033898305085));
#3909=IFCAXIS2PLACEMENT2D(#3908,$);
#3910=IFCRECTANGLEPROFILEDEF(.AREA.,$,#3909,6.08813559322034,4.0406779661017);
#3911=IFCCARTESIANPOINT((0.,0.,0.));
#3912=IFCAXIS2PLACEMENT3D(#3911,$,$);
#3913=IFCDIRECTION((0.,0.,1.));
#3914=IFCEXTRUDEDAREASOLID(#3910,#3912,#3913,0.1);
#3915=IFCSTYLEDITEM(#3914,(#98),$);
#3916=IFCCARTESIANPOINT((3.04406779661017,4.0006779661017));
#3917=IFCAXIS2PLACEMENT2D(#3916,$);
#3918=IFCRECTANGLEPROFILEDEF(.AREA.,$,#3917,6.08813559322034,0.08);
#3919=IFCCARTESIANPOINT((0.,0.,0.1));
#3920=IFCAXIS2PLACEMENT3D(#3919,$,$);
#3921=IFCDIRECTION((0.,0.,1.));
#3922=IFCEXTRUDEDAREASOLID(#3918,#3920,#3921,2.5);
#3923=IFCSTYLEDITEM(#3922,(#32),$);
#3924=IFCCARTESIANPOINT((0.04,2.82847457627119));
#3925=IFCAXIS2PLACEMENT2D(#3924,$);
#3926=IFCRECTANGLEPROFILEDEF(.AREA.,$,#3925,0.08,2.42440677966102);
#3927=IFCCARTESIANPOINT((0.,0.,0.1));
#3928=IFCAXIS2PLACEMENT3D(#3927,$,$);
#3929=IFCDIRECTION((0.,0.,1.));
#3930=IFCEXTRUDEDAREASOLID(#3926,#3928,#3929,2.5);
#3931=IFCSTYLEDITEM(#3930,(#32),$);
#3932=IFCCARTESIANPOINT((6.04813559322034,2.82847457627119));
#3933=IFCAXIS2PLACEMENT2D(#3932,$);
#3934=IFCRECTANGLEPROFILEDEF(.AREA.,$,#3933,0.08,2.42440677966102);
#3935=IFCCARTESIANPOINT((0.,0.,0.1));
#3936=IFCAXIS2PLACEMENT3D(#3935,$,$);
#3937=IFCDIRECTION((0.,0.,1.));
#3938=IFCEXTRUDEDAREASOLID(#3934,#3936,#3937,2.5);
#3939=IFCSTYLEDITEM(#3938,(#32),$);
#3940=IFCBUILDINGELEMENTPROXY('1_e1SvuMz2GfsY$qy9mC$V',$,'E2 - ECOVENT','Stand expozitional generic - ECOVENT',$,#3950,#3945,$,$);
#3944=IFCSHAPEREPRESENTATION(#11,'Body','SweptSolid',(#3914,#3922,#3930,#3938));
#3945=IFCPRODUCTDEFINITIONSHAPE($,$,(#3944));
#3946=IFCCARTESIANPOINT((113.857627118644,10.7525423728814,0.));
#3947=IFCDIRECTION((0.,0.,1.));
#3948=IFCDIRECTION((1.,0.,0.));
#3949=IFCAXIS2PLACEMENT3D(#3946,#3947,#3948);
#3950=IFCLOCALPLACEMENT(#26,#3949);
#3951=IFCPROPERTYSET('1jB63JmZ54AxPkEsVN$U78',$,'NZEB_ExhibitorInfo',$,(#3953,#3954,#3955,#3956,#3957,#3958,#3959,#3960));
#3952=IFCRELDEFINESBYPROPERTIES('3n8YsDnTTFuR_TjSB3IDel',$,$,$,(#3940),#3951);
#3953=IFCPROPERTYSINGLEVALUE('CompanyName',$,IFCLABEL('ECOVENT'),$);
#3954=IFCPROPERTYSINGLEVALUE('StandNumber',$,IFCLABEL('E2'),$);
#3955=IFCPROPERTYSINGLEVALUE('Zone',$,IFCLABEL('ZONA 5'),$);
#3956=IFCPROPERTYSINGLEVALUE('AreaSqm',$,IFCREAL(24.6),$);
#3957=IFCPROPERTYSINGLEVALUE('Category',$,IFCLABEL('HVAC, incalzire, ventilatie si instalatii'),$);
#3958=IFCPROPERTYSINGLEVALUE('CategoryCode',$,IFCLABEL('C03'),$);
#3959=IFCPROPERTYSINGLEVALUE('Indoor',$,IFCBOOLEAN(.T.),$);
#3960=IFCPROPERTYSINGLEVALUE('Event',$,IFCLABEL('NZEB Expo Bucuresti 2026'),$);
#3961=IFCCARTESIANPOINT((2.99661016949153,2.02033898305085));
#3962=IFCAXIS2PLACEMENT2D(#3961,$);
#3963=IFCRECTANGLEPROFILEDEF(.AREA.,$,#3962,5.99322033898305,4.0406779661017);
#3964=IFCCARTESIANPOINT((0.,0.,0.));
#3965=IFCAXIS2PLACEMENT3D(#3964,$,$);
#3966=IFCDIRECTION((0.,0.,1.));
#3967=IFCEXTRUDEDAREASOLID(#3963,#3965,#3966,0.1);
#3968=IFCSTYLEDITEM(#3967,(#101),$);
#3969=IFCCARTESIANPOINT((2.99661016949153,4.0006779661017));
#3970=IFCAXIS2PLACEMENT2D(#3969,$);
#3971=IFCRECTANGLEPROFILEDEF(.AREA.,$,#3970,5.99322033898305,0.08);
#3972=IFCCARTESIANPOINT((0.,0.,0.1));
#3973=IFCAXIS2PLACEMENT3D(#3972,$,$);
#3974=IFCDIRECTION((0.,0.,1.));
#3975=IFCEXTRUDEDAREASOLID(#3971,#3973,#3974,2.5);
#3976=IFCSTYLEDITEM(#3975,(#32),$);
#3977=IFCCARTESIANPOINT((0.04,2.82847457627119));
#3978=IFCAXIS2PLACEMENT2D(#3977,$);
#3979=IFCRECTANGLEPROFILEDEF(.AREA.,$,#3978,0.08,2.42440677966102);
#3980=IFCCARTESIANPOINT((0.,0.,0.1));
#3981=IFCAXIS2PLACEMENT3D(#3980,$,$);
#3982=IFCDIRECTION((0.,0.,1.));
#3983=IFCEXTRUDEDAREASOLID(#3979,#3981,#3982,2.5);
#3984=IFCSTYLEDITEM(#3983,(#32),$);
#3985=IFCCARTESIANPOINT((5.95322033898305,2.82847457627119));
#3986=IFCAXIS2PLACEMENT2D(#3985,$);
#3987=IFCRECTANGLEPROFILEDEF(.AREA.,$,#3986,0.08,2.42440677966102);
#3988=IFCCARTESIANPOINT((0.,0.,0.1));
#3989=IFCAXIS2PLACEMENT3D(#3988,$,$);
#3990=IFCDIRECTION((0.,0.,1.));
#3991=IFCEXTRUDEDAREASOLID(#3987,#3989,#3990,2.5);
#3992=IFCSTYLEDITEM(#3991,(#32),$);
#3993=IFCBUILDINGELEMENTPROXY('3gdgIzXl90jxBcIWKwCn15',$,'B9 - GENWAY','Stand expozitional generic - GENWAY',$,#4003,#3998,$,$);
#3997=IFCSHAPEREPRESENTATION(#11,'Body','SweptSolid',(#3967,#3975,#3983,#3991));
#3998=IFCPRODUCTDEFINITIONSHAPE($,$,(#3997));
#3999=IFCCARTESIANPOINT((153.776271186441,35.728813559322,0.));
#4000=IFCDIRECTION((0.,0.,1.));
#4001=IFCDIRECTION((1.,0.,0.));
#4002=IFCAXIS2PLACEMENT3D(#3999,#4000,#4001);
#4003=IFCLOCALPLACEMENT(#26,#4002);
#4004=IFCPROPERTYSET('1ET5Vpa8vBc86zWvPO4Q7L',$,'NZEB_ExhibitorInfo',$,(#4006,#4007,#4008,#4009,#4010,#4011,#4012,#4013));
#4005=IFCRELDEFINESBYPROPERTIES('095jN660P3IwzZOui2cFE4',$,$,$,(#3993),#4004);
#4006=IFCPROPERTYSINGLEVALUE('CompanyName',$,IFCLABEL('GENWAY'),$);
#4007=IFCPROPERTYSINGLEVALUE('StandNumber',$,IFCLABEL('B9'),$);
#4008=IFCPROPERTYSINGLEVALUE('Zone',$,IFCLABEL('ZONA 6'),$);
#4009=IFCPROPERTYSINGLEVALUE('AreaSqm',$,IFCREAL(24.2),$);
#4010=IFCPROPERTYSINGLEVALUE('Category',$,IFCLABEL('Instalatii electrice si smart home'),$);
#4011=IFCPROPERTYSINGLEVALUE('CategoryCode',$,IFCLABEL('C09'),$);
#4012=IFCPROPERTYSINGLEVALUE('Indoor',$,IFCBOOLEAN(.T.),$);
#4013=IFCPROPERTYSINGLEVALUE('Event',$,IFCLABEL('NZEB Expo Bucuresti 2026'),$);
#4014=IFCCARTESIANPOINT((2.54237288135593,1.68135593220339));
#4015=IFCAXIS2PLACEMENT2D(#4014,$);
#4016=IFCRECTANGLEPROFILEDEF(.AREA.,$,#4015,5.08474576271186,3.36271186440678);
#4017=IFCCARTESIANPOINT((0.,0.,0.));
#4018=IFCAXIS2PLACEMENT3D(#4017,$,$);
#4019=IFCDIRECTION((0.,0.,1.));
#4020=IFCEXTRUDEDAREASOLID(#4016,#4018,#4019,0.1);
#4021=IFCSTYLEDITEM(#4020,(#86),$);
#4022=IFCCARTESIANPOINT((2.54237288135593,3.32271186440678));
#4023=IFCAXIS2PLACEMENT2D(#4022,$);
#4024=IFCRECTANGLEPROFILEDEF(.AREA.,$,#4023,5.08474576271186,0.08);
#4025=IFCCARTESIANPOINT((0.,0.,0.1));
#4026=IFCAXIS2PLACEMENT3D(#4025,$,$);
#4027=IFCDIRECTION((0.,0.,1.));
#4028=IFCEXTRUDEDAREASOLID(#4024,#4026,#4027,2.5);
#4029=IFCSTYLEDITEM(#4028,(#32),$);
#4030=IFCCARTESIANPOINT((0.04,2.35389830508475));
#4031=IFCAXIS2PLACEMENT2D(#4030,$);
#4032=IFCRECTANGLEPROFILEDEF(.AREA.,$,#4031,0.08,2.01762711864407);
#4033=IFCCARTESIANPOINT((0.,0.,0.1));
#4034=IFCAXIS2PLACEMENT3D(#4033,$,$);
#4035=IFCDIRECTION((0.,0.,1.));
#4036=IFCEXTRUDEDAREASOLID(#4032,#4034,#4035,2.5);
#4037=IFCSTYLEDITEM(#4036,(#32),$);
#4038=IFCCARTESIANPOINT((5.04474576271186,2.35389830508475));
#4039=IFCAXIS2PLACEMENT2D(#4038,$);
#4040=IFCRECTANGLEPROFILEDEF(.AREA.,$,#4039,0.08,2.01762711864407);
#4041=IFCCARTESIANPOINT((0.,0.,0.1));
#4042=IFCAXIS2PLACEMENT3D(#4041,$,$);
#4043=IFCDIRECTION((0.,0.,1.));
#4044=IFCEXTRUDEDAREASOLID(#4040,#4042,#4043,2.5);
#4045=IFCSTYLEDITEM(#4044,(#32),$);
#4046=IFCBUILDINGELEMENTPROXY('1pyitKWU1FYOnQXEX86RJ7',$,'H10 - CHORUS','Stand expozitional generic - CHORUS',$,#4056,#4051,$,$);
#4050=IFCSHAPEREPRESENTATION(#11,'Body','SweptSolid',(#4020,#4028,#4036,#4044));
#4051=IFCPRODUCTDEFINITIONSHAPE($,$,(#4050));
#4052=IFCCARTESIANPOINT((64.2576271186441,60.0135593220339,0.));
#4053=IFCDIRECTION((0.,0.,1.));
#4054=IFCDIRECTION((1.,0.,0.));
#4055=IFCAXIS2PLACEMENT3D(#4052,#4053,#4054);
#4056=IFCLOCALPLACEMENT(#26,#4055);
#4057=IFCPROPERTYSET('0YCYWnHPn7Wwf9CHYQ8Xyz',$,'NZEB_ExhibitorInfo',$,(#4059,#4060,#4061,#4062,#4063,#4064,#4065,#4066));
#4058=IFCRELDEFINESBYPROPERTIES('1I6OsntML1HRHt5Qa8B2HS',$,$,$,(#4046),#4057);
#4059=IFCPROPERTYSINGLEVALUE('CompanyName',$,IFCLABEL('CHORUS'),$);
#4060=IFCPROPERTYSINGLEVALUE('StandNumber',$,IFCLABEL('H10'),$);
#4061=IFCPROPERTYSINGLEVALUE('Zone',$,IFCLABEL('ZONA 1'),$);
#4062=IFCPROPERTYSINGLEVALUE('AreaSqm',$,IFCREAL(17.1),$);
#4063=IFCPROPERTYSINGLEVALUE('Category',$,IFCLABEL('Produse si servicii pentru constructii (general)'),$);
#4064=IFCPROPERTYSINGLEVALUE('CategoryCode',$,IFCLABEL('C99'),$);
#4065=IFCPROPERTYSINGLEVALUE('Indoor',$,IFCBOOLEAN(.T.),$);
#4066=IFCPROPERTYSINGLEVALUE('Event',$,IFCLABEL('NZEB Expo Bucuresti 2026'),$);
#4067=IFCCARTESIANPOINT((5.08474576271186,1.55254237288136));
#4068=IFCAXIS2PLACEMENT2D(#4067,$);
#4069=IFCRECTANGLEPROFILEDEF(.AREA.,$,#4068,10.1694915254237,3.10508474576271);
#4070=IFCCARTESIANPOINT((0.,0.,0.));
#4071=IFCAXIS2PLACEMENT3D(#4070,$,$);
#4072=IFCDIRECTION((0.,0.,1.));
#4073=IFCEXTRUDEDAREASOLID(#4069,#4071,#4072,0.1);
#4074=IFCSTYLEDITEM(#4073,(#95),$);
#4075=IFCCARTESIANPOINT((5.08474576271186,3.06508474576271));
#4076=IFCAXIS2PLACEMENT2D(#4075,$);
#4077=IFCRECTANGLEPROFILEDEF(.AREA.,$,#4076,10.1694915254237,0.08);
#4078=IFCCARTESIANPOINT((0.,0.,0.1));
#4079=IFCAXIS2PLACEMENT3D(#4078,$,$);
#4080=IFCDIRECTION((0.,0.,1.));
#4081=IFCEXTRUDEDAREASOLID(#4077,#4079,#4080,2.5);
#4082=IFCSTYLEDITEM(#4081,(#32),$);
#4083=IFCCARTESIANPOINT((0.04,2.1735593220339));
#4084=IFCAXIS2PLACEMENT2D(#4083,$);
#4085=IFCRECTANGLEPROFILEDEF(.AREA.,$,#4084,0.08,1.86305084745763);
#4086=IFCCARTESIANPOINT((0.,0.,0.1));
#4087=IFCAXIS2PLACEMENT3D(#4086,$,$);
#4088=IFCDIRECTION((0.,0.,1.));
#4089=IFCEXTRUDEDAREASOLID(#4085,#4087,#4088,2.5);
#4090=IFCSTYLEDITEM(#4089,(#32),$);
#4091=IFCCARTESIANPOINT((10.1294915254237,2.1735593220339));
#4092=IFCAXIS2PLACEMENT2D(#4091,$);
#4093=IFCRECTANGLEPROFILEDEF(.AREA.,$,#4092,0.08,1.86305084745763);
#4094=IFCCARTESIANPOINT((0.,0.,0.1));
#4095=IFCAXIS2PLACEMENT3D(#4094,$,$);
#4096=IFCDIRECTION((0.,0.,1.));
#4097=IFCEXTRUDEDAREASOLID(#4093,#4095,#4096,2.5);
#4098=IFCSTYLEDITEM(#4097,(#32),$);
#4099=IFCBUILDINGELEMENTPROXY('3HijVpcaj9BxwuqU3cI6PO',$,'H6 - GENERAL MEMBRANE','Stand expozitional generic - GENERAL MEMBRANE',$,#4109,#4104,$,$);
#4103=IFCSHAPEREPRESENTATION(#11,'Body','SweptSolid',(#4073,#4081,#4089,#4097));
#4104=IFCPRODUCTDEFINITIONSHAPE($,$,(#4103));
#4105=IFCCARTESIANPOINT((64.271186440678,37.464406779661,0.));
#4106=IFCDIRECTION((0.,0.,1.));
#4107=IFCDIRECTION((1.,0.,0.));
#4108=IFCAXIS2PLACEMENT3D(#4105,#4106,#4107);
#4109=IFCLOCALPLACEMENT(#26,#4108);
#4110=IFCPROPERTYSET('1bmxAn8SnFBuqEEU5N3WyD',$,'NZEB_ExhibitorInfo',$,(#4112,#4113,#4114,#4115,#4116,#4117,#4118,#4119,#4120));
#4111=IFCRELDEFINESBYPROPERTIES('2_NnAKqIHAMQ7YN7jy5OIw',$,$,$,(#4099),#4110);
#4112=IFCPROPERTYSINGLEVALUE('CompanyName',$,IFCLABEL('GENERAL MEMBRANE'),$);
#4113=IFCPROPERTYSINGLEVALUE('StandNumber',$,IFCLABEL('H6'),$);
#4114=IFCPROPERTYSINGLEVALUE('Zone',$,IFCLABEL('ZONA 4'),$);
#4115=IFCPROPERTYSINGLEVALUE('AreaSqm',$,IFCREAL(31.6),$);
#4116=IFCPROPERTYSINGLEVALUE('Category',$,IFCLABEL('Acoperisuri si hidroizolatii'),$);
#4117=IFCPROPERTYSINGLEVALUE('CategoryCode',$,IFCLABEL('C04'),$);
#4118=IFCPROPERTYSINGLEVALUE('Indoor',$,IFCBOOLEAN(.T.),$);
#4119=IFCPROPERTYSINGLEVALUE('Event',$,IFCLABEL('NZEB Expo Bucuresti 2026'),$);
#4120=IFCPROPERTYSINGLEVALUE('Website',$,IFCLABEL('https://www.generalmembrane.it'),$);
#4121=IFCCARTESIANPOINT((5.08474576271186,1.55254237288136));
#4122=IFCAXIS2PLACEMENT2D(#4121,$);
#4123=IFCRECTANGLEPROFILEDEF(.AREA.,$,#4122,10.1694915254237,3.10508474576271);
#4124=IFCCARTESIANPOINT((0.,0.,0.));
#4125=IFCAXIS2PLACEMENT3D(#4124,$,$);
#4126=IFCDIRECTION((0.,0.,1.));
#4127=IFCEXTRUDEDAREASOLID(#4123,#4125,#4126,0.1);
#4128=IFCSTYLEDITEM(#4127,(#95),$);
#4129=IFCCARTESIANPOINT((5.08474576271186,3.06508474576271));
#4130=IFCAXIS2PLACEMENT2D(#4129,$);
#4131=IFCRECTANGLEPROFILEDEF(.AREA.,$,#4130,10.1694915254237,0.08);
#4132=IFCCARTESIANPOINT((0.,0.,0.1));
#4133=IFCAXIS2PLACEMENT3D(#4132,$,$);
#4134=IFCDIRECTION((0.,0.,1.));
#4135=IFCEXTRUDEDAREASOLID(#4131,#4133,#4134,2.5);
#4136=IFCSTYLEDITEM(#4135,(#32),$);
#4137=IFCCARTESIANPOINT((0.04,2.1735593220339));
#4138=IFCAXIS2PLACEMENT2D(#4137,$);
#4139=IFCRECTANGLEPROFILEDEF(.AREA.,$,#4138,0.08,1.86305084745763);
#4140=IFCCARTESIANPOINT((0.,0.,0.1));
#4141=IFCAXIS2PLACEMENT3D(#4140,$,$);
#4142=IFCDIRECTION((0.,0.,1.));
#4143=IFCEXTRUDEDAREASOLID(#4139,#4141,#4142,2.5);
#4144=IFCSTYLEDITEM(#4143,(#32),$);
#4145=IFCCARTESIANPOINT((10.1294915254237,2.1735593220339));
#4146=IFCAXIS2PLACEMENT2D(#4145,$);
#4147=IFCRECTANGLEPROFILEDEF(.AREA.,$,#4146,0.08,1.86305084745763);
#4148=IFCCARTESIANPOINT((0.,0.,0.1));
#4149=IFCAXIS2PLACEMENT3D(#4148,$,$);
#4150=IFCDIRECTION((0.,0.,1.));
#4151=IFCEXTRUDEDAREASOLID(#4147,#4149,#4150,2.5);
#4152=IFCSTYLEDITEM(#4151,(#32),$);
#4153=IFCBUILDINGELEMENTPROXY('0oFs5SkiT8EgO$TJXNkhpT',$,'H4 - RUBIQ','Stand expozitional generic - RUBIQ',$,#4163,#4158,$,$);
#4157=IFCSHAPEREPRESENTATION(#11,'Body','SweptSolid',(#4127,#4135,#4143,#4151));
#4158=IFCPRODUCTDEFINITIONSHAPE($,$,(#4157));
#4159=IFCCARTESIANPOINT((64.271186440678,25.8169491525424,0.));
#4160=IFCDIRECTION((0.,0.,1.));
#4161=IFCDIRECTION((1.,0.,0.));
#4162=IFCAXIS2PLACEMENT3D(#4159,#4160,#4161);
#4163=IFCLOCALPLACEMENT(#26,#4162);
#4164=IFCPROPERTYSET('0VGH1N22rBlAD_Qc_7iwHL',$,'NZEB_ExhibitorInfo',$,(#4166,#4167,#4168,#4169,#4170,#4171,#4172,#4173));
#4165=IFCRELDEFINESBYPROPERTIES('3zV_oCuVjCTusi8fbepWJ3',$,$,$,(#4153),#4164);
#4166=IFCPROPERTYSINGLEVALUE('CompanyName',$,IFCLABEL('RUBIQ'),$);
#4167=IFCPROPERTYSINGLEVALUE('StandNumber',$,IFCLABEL('H4'),$);
#4168=IFCPROPERTYSINGLEVALUE('Zone',$,IFCLABEL('ZONA 4'),$);
#4169=IFCPROPERTYSINGLEVALUE('AreaSqm',$,IFCREAL(31.6),$);
#4170=IFCPROPERTYSINGLEVALUE('Category',$,IFCLABEL('Produse si servicii pentru constructii (general)'),$);
#4171=IFCPROPERTYSINGLEVALUE('CategoryCode',$,IFCLABEL('C99'),$);
#4172=IFCPROPERTYSINGLEVALUE('Indoor',$,IFCBOOLEAN(.T.),$);
#4173=IFCPROPERTYSINGLEVALUE('Event',$,IFCLABEL('NZEB Expo Bucuresti 2026'),$);
#4174=IFCCARTESIANPOINT((2.48135593220339,2.48135593220339));
#4175=IFCAXIS2PLACEMENT2D(#4174,$);
#4176=IFCRECTANGLEPROFILEDEF(.AREA.,$,#4175,4.96271186440678,4.96271186440678);
#4177=IFCCARTESIANPOINT((0.,0.,0.));
#4178=IFCAXIS2PLACEMENT3D(#4177,$,$);
#4179=IFCDIRECTION((0.,0.,1.));
#4180=IFCEXTRUDEDAREASOLID(#4176,#4178,#4179,0.1);
#4181=IFCSTYLEDITEM(#4180,(#95),$);
#4182=IFCCARTESIANPOINT((2.48135593220339,4.92271186440678));
#4183=IFCAXIS2PLACEMENT2D(#4182,$);
#4184=IFCRECTANGLEPROFILEDEF(.AREA.,$,#4183,4.96271186440678,0.08);
#4185=IFCCARTESIANPOINT((0.,0.,0.1));
#4186=IFCAXIS2PLACEMENT3D(#4185,$,$);
#4187=IFCDIRECTION((0.,0.,1.));
#4188=IFCEXTRUDEDAREASOLID(#4184,#4186,#4187,2.5);
#4189=IFCSTYLEDITEM(#4188,(#32),$);
#4190=IFCCARTESIANPOINT((0.04,3.47389830508475));
#4191=IFCAXIS2PLACEMENT2D(#4190,$);
#4192=IFCRECTANGLEPROFILEDEF(.AREA.,$,#4191,0.08,2.97762711864407);
#4193=IFCCARTESIANPOINT((0.,0.,0.1));
#4194=IFCAXIS2PLACEMENT3D(#4193,$,$);
#4195=IFCDIRECTION((0.,0.,1.));
#4196=IFCEXTRUDEDAREASOLID(#4192,#4194,#4195,2.5);
#4197=IFCSTYLEDITEM(#4196,(#32),$);
#4198=IFCCARTESIANPOINT((4.92271186440678,3.47389830508475));
#4199=IFCAXIS2PLACEMENT2D(#4198,$);
#4200=IFCRECTANGLEPROFILEDEF(.AREA.,$,#4199,0.08,2.97762711864407);
#4201=IFCCARTESIANPOINT((0.,0.,0.1));
#4202=IFCAXIS2PLACEMENT3D(#4201,$,$);
#4203=IFCDIRECTION((0.,0.,1.));
#4204=IFCEXTRUDEDAREASOLID(#4200,#4202,#4203,2.5);
#4205=IFCSTYLEDITEM(#4204,(#32),$);
#4206=IFCBUILDINGELEMENTPROXY('3iAmjDDzj0jeHGXT4VEKiq',$,'H3a - EYRAP GRUP','Stand expozitional generic - EYRAP GRUP',$,#4216,#4211,$,$);
#4210=IFCSHAPEREPRESENTATION(#11,'Body','SweptSolid',(#4180,#4188,#4196,#4204));
#4211=IFCPRODUCTDEFINITIONSHAPE($,$,(#4210));
#4212=IFCCARTESIANPOINT((64.271186440678,20.8677966101695,0.));
#4213=IFCDIRECTION((0.,0.,1.));
#4214=IFCDIRECTION((1.,0.,0.));
#4215=IFCAXIS2PLACEMENT3D(#4212,#4213,#4214);
#4216=IFCLOCALPLACEMENT(#26,#4215);
#4217=IFCPROPERTYSET('0_RUXEMMP7mRVnY$6juHWo',$,'NZEB_ExhibitorInfo',$,(#4219,#4220,#4221,#4222,#4223,#4224,#4225,#4226));
#4218=IFCRELDEFINESBYPROPERTIES('0eh2CBE$v6YgIecPl9MOIH',$,$,$,(#4206),#4217);
#4219=IFCPROPERTYSINGLEVALUE('CompanyName',$,IFCLABEL('EYRAP GRUP'),$);
#4220=IFCPROPERTYSINGLEVALUE('StandNumber',$,IFCLABEL('H3a'),$);
#4221=IFCPROPERTYSINGLEVALUE('Zone',$,IFCLABEL('ZONA 4'),$);
#4222=IFCPROPERTYSINGLEVALUE('AreaSqm',$,IFCREAL(24.6),$);
#4223=IFCPROPERTYSINGLEVALUE('Category',$,IFCLABEL('Produse si servicii pentru constructii (general)'),$);
#4224=IFCPROPERTYSINGLEVALUE('CategoryCode',$,IFCLABEL('C99'),$);
#4225=IFCPROPERTYSINGLEVALUE('Indoor',$,IFCBOOLEAN(.T.),$);
#4226=IFCPROPERTYSINGLEVALUE('Event',$,IFCLABEL('NZEB Expo Bucuresti 2026'),$);
#4227=IFCCARTESIANPOINT((5.08474576271186,1.55254237288136));
#4228=IFCAXIS2PLACEMENT2D(#4227,$);
#4229=IFCRECTANGLEPROFILEDEF(.AREA.,$,#4228,10.1694915254237,3.10508474576271);
#4230=IFCCARTESIANPOINT((0.,0.,0.));
#4231=IFCAXIS2PLACEMENT3D(#4230,$,$);
#4232=IFCDIRECTION((0.,0.,1.));
#4233=IFCEXTRUDEDAREASOLID(#4229,#4231,#4232,0.1);
#4234=IFCSTYLEDITEM(#4233,(#95),$);
#4235=IFCCARTESIANPOINT((5.08474576271186,3.06508474576271));
#4236=IFCAXIS2PLACEMENT2D(#4235,$);
#4237=IFCRECTANGLEPROFILEDEF(.AREA.,$,#4236,10.1694915254237,0.08);
#4238=IFCCARTESIANPOINT((0.,0.,0.1));
#4239=IFCAXIS2PLACEMENT3D(#4238,$,$);
#4240=IFCDIRECTION((0.,0.,1.));
#4241=IFCEXTRUDEDAREASOLID(#4237,#4239,#4240,2.5);
#4242=IFCSTYLEDITEM(#4241,(#32),$);
#4243=IFCCARTESIANPOINT((0.04,2.1735593220339));
#4244=IFCAXIS2PLACEMENT2D(#4243,$);
#4245=IFCRECTANGLEPROFILEDEF(.AREA.,$,#4244,0.08,1.86305084745763);
#4246=IFCCARTESIANPOINT((0.,0.,0.1));
#4247=IFCAXIS2PLACEMENT3D(#4246,$,$);
#4248=IFCDIRECTION((0.,0.,1.));
#4249=IFCEXTRUDEDAREASOLID(#4245,#4247,#4248,2.5);
#4250=IFCSTYLEDITEM(#4249,(#32),$);
#4251=IFCCARTESIANPOINT((10.1294915254237,2.1735593220339));
#4252=IFCAXIS2PLACEMENT2D(#4251,$);
#4253=IFCRECTANGLEPROFILEDEF(.AREA.,$,#4252,0.08,1.86305084745763);
#4254=IFCCARTESIANPOINT((0.,0.,0.1));
#4255=IFCAXIS2PLACEMENT3D(#4254,$,$);
#4256=IFCDIRECTION((0.,0.,1.));
#4257=IFCEXTRUDEDAREASOLID(#4253,#4255,#4256,2.5);
#4258=IFCSTYLEDITEM(#4257,(#32),$);
#4259=IFCBUILDINGELEMENTPROXY('2kJk8ZykLCZxzIGCCl1Ot5',$,'H2 - BDM SYSTEMS','Stand expozitional generic - BDM SYSTEMS',$,#4269,#4264,$,$);
#4263=IFCSHAPEREPRESENTATION(#11,'Body','SweptSolid',(#4233,#4241,#4249,#4257));
#4264=IFCPRODUCTDEFINITIONSHAPE($,$,(#4263));
#4265=IFCCARTESIANPOINT((64.271186440678,14.671186440678,0.));
#4266=IFCDIRECTION((0.,0.,1.));
#4267=IFCDIRECTION((1.,0.,0.));
#4268=IFCAXIS2PLACEMENT3D(#4265,#4266,#4267);
#4269=IFCLOCALPLACEMENT(#26,#4268);
#4270=IFCPROPERTYSET('3BE6FBLP5Cvfrnh9nmkwll',$,'NZEB_ExhibitorInfo',$,(#4272,#4273,#4274,#4275,#4276,#4277,#4278,#4279));
#4271=IFCRELDEFINESBYPROPERTIES('2eIu9bGrrFifHrjqqZF1Cl',$,$,$,(#4259),#4270);
#4272=IFCPROPERTYSINGLEVALUE('CompanyName',$,IFCLABEL('BDM SYSTEMS'),$);
#4273=IFCPROPERTYSINGLEVALUE('StandNumber',$,IFCLABEL('H2'),$);
#4274=IFCPROPERTYSINGLEVALUE('Zone',$,IFCLABEL('ZONA 4'),$);
#4275=IFCPROPERTYSINGLEVALUE('AreaSqm',$,IFCREAL(31.6),$);
#4276=IFCPROPERTYSINGLEVALUE('Category',$,IFCLABEL('Produse si servicii pentru constructii (general)'),$);
#4277=IFCPROPERTYSINGLEVALUE('CategoryCode',$,IFCLABEL('C99'),$);
#4278=IFCPROPERTYSINGLEVALUE('Indoor',$,IFCBOOLEAN(.T.),$);
#4279=IFCPROPERTYSINGLEVALUE('Event',$,IFCLABEL('NZEB Expo Bucuresti 2026'),$);
#4280=IFCCARTESIANPOINT((5.08474576271186,2.));
#4281=IFCAXIS2PLACEMENT2D(#4280,$);
#4282=IFCRECTANGLEPROFILEDEF(.AREA.,$,#4281,10.1694915254237,4.);
#4283=IFCCARTESIANPOINT((0.,0.,0.));
#4284=IFCAXIS2PLACEMENT3D(#4283,$,$);
#4285=IFCDIRECTION((0.,0.,1.));
#4286=IFCEXTRUDEDAREASOLID(#4282,#4284,#4285,0.1);
#4287=IFCSTYLEDITEM(#4286,(#95),$);
#4288=IFCCARTESIANPOINT((5.08474576271186,3.96));
#4289=IFCAXIS2PLACEMENT2D(#4288,$);
#4290=IFCRECTANGLEPROFILEDEF(.AREA.,$,#4289,10.1694915254237,0.08);
#4291=IFCCARTESIANPOINT((0.,0.,0.1));
#4292=IFCAXIS2PLACEMENT3D(#4291,$,$);
#4293=IFCDIRECTION((0.,0.,1.));
#4294=IFCEXTRUDEDAREASOLID(#4290,#4292,#4293,2.5);
#4295=IFCSTYLEDITEM(#4294,(#32),$);
#4296=IFCCARTESIANPOINT((0.04,2.8));
#4297=IFCAXIS2PLACEMENT2D(#4296,$);
#4298=IFCRECTANGLEPROFILEDEF(.AREA.,$,#4297,0.08,2.4);
#4299=IFCCARTESIANPOINT((0.,0.,0.1));
#4300=IFCAXIS2PLACEMENT3D(#4299,$,$);
#4301=IFCDIRECTION((0.,0.,1.));
#4302=IFCEXTRUDEDAREASOLID(#4298,#4300,#4301,2.5);
#4303=IFCSTYLEDITEM(#4302,(#32),$);
#4304=IFCCARTESIANPOINT((10.1294915254237,2.8));
#4305=IFCAXIS2PLACEMENT2D(#4304,$);
#4306=IFCRECTANGLEPROFILEDEF(.AREA.,$,#4305,0.08,2.4);
#4307=IFCCARTESIANPOINT((0.,0.,0.1));
#4308=IFCAXIS2PLACEMENT3D(#4307,$,$);
#4309=IFCDIRECTION((0.,0.,1.));
#4310=IFCEXTRUDEDAREASOLID(#4306,#4308,#4309,2.5);
#4311=IFCSTYLEDITEM(#4310,(#32),$);
#4312=IFCBUILDINGELEMENTPROXY('2QqFd82bD5NBFljRyS$GvR',$,'H1 - KNAUF','Stand expozitional generic - KNAUF',$,#4322,#4317,$,$);
#4316=IFCSHAPEREPRESENTATION(#11,'Body','SweptSolid',(#4286,#4294,#4302,#4310));
#4317=IFCPRODUCTDEFINITIONSHAPE($,$,(#4316));
#4318=IFCCARTESIANPOINT((64.271186440678,10.6847457627119,0.));
#4319=IFCDIRECTION((0.,0.,1.));
#4320=IFCDIRECTION((1.,0.,0.));
#4321=IFCAXIS2PLACEMENT3D(#4318,#4319,#4320);
#4322=IFCLOCALPLACEMENT(#26,#4321);
#4323=IFCPROPERTYSET('1ysKoLnhDB4xD8EzPdWCyZ',$,'NZEB_ExhibitorInfo',$,(#4325,#4326,#4327,#4328,#4329,#4330,#4331,#4332,#4333));
#4324=IFCRELDEFINESBYPROPERTIES('3JLTEciJTBnuJg_d9EtTrm',$,$,$,(#4312),#4323);
#4325=IFCPROPERTYSINGLEVALUE('CompanyName',$,IFCLABEL('KNAUF'),$);
#4326=IFCPROPERTYSINGLEVALUE('StandNumber',$,IFCLABEL('H1'),$);
#4327=IFCPROPERTYSINGLEVALUE('Zone',$,IFCLABEL('ZONA 4'),$);
#4328=IFCPROPERTYSINGLEVALUE('AreaSqm',$,IFCREAL(40.7),$);
#4329=IFCPROPERTYSINGLEVALUE('Category',$,IFCLABEL('Materiale de constructii'),$);
#4330=IFCPROPERTYSINGLEVALUE('CategoryCode',$,IFCLABEL('C05'),$);
#4331=IFCPROPERTYSINGLEVALUE('Indoor',$,IFCBOOLEAN(.T.),$);
#4332=IFCPROPERTYSINGLEVALUE('Event',$,IFCLABEL('NZEB Expo Bucuresti 2026'),$);
#4333=IFCPROPERTYSINGLEVALUE('Website',$,IFCLABEL('https://www.knauf.ro'),$);
#4334=IFCCARTESIANPOINT((4.13559322033898,1.51864406779661));
#4335=IFCAXIS2PLACEMENT2D(#4334,$);
#4336=IFCRECTANGLEPROFILEDEF(.AREA.,$,#4335,8.27118644067797,3.03728813559322);
#4337=IFCCARTESIANPOINT((0.,0.,0.));
#4338=IFCAXIS2PLACEMENT3D(#4337,$,$);
#4339=IFCDIRECTION((0.,0.,1.));
#4340=IFCEXTRUDEDAREASOLID(#4336,#4338,#4339,0.1);
#4341=IFCSTYLEDITEM(#4340,(#95),$);
#4342=IFCCARTESIANPOINT((4.13559322033898,2.99728813559322));
#4343=IFCAXIS2PLACEMENT2D(#4342,$);
#4344=IFCRECTANGLEPROFILEDEF(.AREA.,$,#4343,8.27118644067797,0.08);
#4345=IFCCARTESIANPOINT((0.,0.,0.1));
#4346=IFCAXIS2PLACEMENT3D(#4345,$,$);
#4347=IFCDIRECTION((0.,0.,1.));
#4348=IFCEXTRUDEDAREASOLID(#4344,#4346,#4347,2.5);
#4349=IFCSTYLEDITEM(#4348,(#32),$);
#4350=IFCCARTESIANPOINT((0.04,2.12610169491525));
#4351=IFCAXIS2PLACEMENT2D(#4350,$);
#4352=IFCRECTANGLEPROFILEDEF(.AREA.,$,#4351,0.08,1.82237288135593);
#4353=IFCCARTESIANPOINT((0.,0.,0.1));
#4354=IFCAXIS2PLACEMENT3D(#4353,$,$);
#4355=IFCDIRECTION((0.,0.,1.));
#4356=IFCEXTRUDEDAREASOLID(#4352,#4354,#4355,2.5);
#4357=IFCSTYLEDITEM(#4356,(#32),$);
#4358=IFCCARTESIANPOINT((8.23118644067796,2.12610169491525));
#4359=IFCAXIS2PLACEMENT2D(#4358,$);
#4360=IFCRECTANGLEPROFILEDEF(.AREA.,$,#4359,0.08,1.82237288135593);
#4361=IFCCARTESIANPOINT((0.,0.,0.1));
#4362=IFCAXIS2PLACEMENT3D(#4361,$,$);
#4363=IFCDIRECTION((0.,0.,1.));
#4364=IFCEXTRUDEDAREASOLID(#4360,#4362,#4363,2.5);
#4365=IFCSTYLEDITEM(#4364,(#32),$);
#4366=IFCBUILDINGELEMENTPROXY('0ZWBix9oP10Rp7ldsJK9NH',$,'ELIS PAVAJE','Stand expozitional generic - ELIS PAVAJE',$,#4376,#4371,$,$);
#4370=IFCSHAPEREPRESENTATION(#11,'Body','SweptSolid',(#4340,#4348,#4356,#4364));
#4371=IFCPRODUCTDEFINITIONSHAPE($,$,(#4370));
#4372=IFCCARTESIANPOINT((75.2271186440678,3.53898305084746,0.));
#4373=IFCDIRECTION((0.,0.,1.));
#4374=IFCDIRECTION((1.,0.,0.));
#4375=IFCAXIS2PLACEMENT3D(#4372,#4373,#4374);
#4376=IFCLOCALPLACEMENT(#26,#4375);
#4377=IFCPROPERTYSET('3OmahFVWT2$hMrCXhKIu4I',$,'NZEB_ExhibitorInfo',$,(#4379,#4380,#4381,#4382,#4383,#4384,#4385,#4386,#4387));
#4378=IFCRELDEFINESBYPROPERTIES('2pyLPsoB50QwVhcR8YPXwy',$,$,$,(#4366),#4377);
#4379=IFCPROPERTYSINGLEVALUE('CompanyName',$,IFCLABEL('ELIS PAVAJE'),$);
#4380=IFCPROPERTYSINGLEVALUE('StandNumber',$,IFCLABEL(''),$);
#4381=IFCPROPERTYSINGLEVALUE('Zone',$,IFCLABEL('ZONA 4'),$);
#4382=IFCPROPERTYSINGLEVALUE('AreaSqm',$,IFCREAL(25.1),$);
#4383=IFCPROPERTYSINGLEVALUE('Category',$,IFCLABEL('Materiale de constructii'),$);
#4384=IFCPROPERTYSINGLEVALUE('CategoryCode',$,IFCLABEL('C05'),$);
#4385=IFCPROPERTYSINGLEVALUE('Indoor',$,IFCBOOLEAN(.T.),$);
#4386=IFCPROPERTYSINGLEVALUE('Event',$,IFCLABEL('NZEB Expo Bucuresti 2026'),$);
#4387=IFCPROPERTYSINGLEVALUE('Website',$,IFCLABEL('https://www.elispavaje.ro'),$);
#4388=IFCCARTESIANPOINT((2.09491525423729,2.53559322033898));
#4389=IFCAXIS2PLACEMENT2D(#4388,$);
#4390=IFCRECTANGLEPROFILEDEF(.AREA.,$,#4389,4.18983050847458,5.07118644067797);
#4391=IFCCARTESIANPOINT((0.,0.,0.));
#4392=IFCAXIS2PLACEMENT3D(#4391,$,$);
#4393=IFCDIRECTION((0.,0.,1.));
#4394=IFCEXTRUDEDAREASOLID(#4390,#4392,#4393,0.1);
#4395=IFCSTYLEDITEM(#4394,(#98),$);
#4396=IFCCARTESIANPOINT((2.09491525423729,5.03118644067797));
#4397=IFCAXIS2PLACEMENT2D(#4396,$);
#4398=IFCRECTANGLEPROFILEDEF(.AREA.,$,#4397,4.18983050847458,0.08);
#4399=IFCCARTESIANPOINT((0.,0.,0.1));
#4400=IFCAXIS2PLACEMENT3D(#4399,$,$);
#4401=IFCDIRECTION((0.,0.,1.));
#4402=IFCEXTRUDEDAREASOLID(#4398,#4400,#4401,2.5);
#4403=IFCSTYLEDITEM(#4402,(#32),$);
#4404=IFCCARTESIANPOINT((0.04,3.54983050847458));
#4405=IFCAXIS2PLACEMENT2D(#4404,$);
#4406=IFCRECTANGLEPROFILEDEF(.AREA.,$,#4405,0.08,3.04271186440678);
#4407=IFCCARTESIANPOINT((0.,0.,0.1));
#4408=IFCAXIS2PLACEMENT3D(#4407,$,$);
#4409=IFCDIRECTION((0.,0.,1.));
#4410=IFCEXTRUDEDAREASOLID(#4406,#4408,#4409,2.5);
#4411=IFCSTYLEDITEM(#4410,(#32),$);
#4412=IFCCARTESIANPOINT((4.14983050847458,3.54983050847458));
#4413=IFCAXIS2PLACEMENT2D(#4412,$);
#4414=IFCRECTANGLEPROFILEDEF(.AREA.,$,#4413,0.08,3.04271186440678);
#4415=IFCCARTESIANPOINT((0.,0.,0.1));
#4416=IFCAXIS2PLACEMENT3D(#4415,$,$);
#4417=IFCDIRECTION((0.,0.,1.));
#4418=IFCEXTRUDEDAREASOLID(#4414,#4416,#4417,2.5);
#4419=IFCSTYLEDITEM(#4418,(#32),$);
#4420=IFCBUILDINGELEMENTPROXY('0evlgFdgn8RguxxodAraPz',$,'M5 - KUXA','Stand expozitional generic - KUXA',$,#4430,#4425,$,$);
#4424=IFCSHAPEREPRESENTATION(#11,'Body','SweptSolid',(#4394,#4402,#4410,#4418));
#4425=IFCPRODUCTDEFINITIONSHAPE($,$,(#4424));
#4426=IFCCARTESIANPOINT((111.864406779661,1.60000000000001,0.));
#4427=IFCDIRECTION((0.,0.,1.));
#4428=IFCDIRECTION((1.,0.,0.));
#4429=IFCAXIS2PLACEMENT3D(#4426,#4427,#4428);
#4430=IFCLOCALPLACEMENT(#26,#4429);
#4431=IFCPROPERTYSET('3oq$ij8VD8lAqBOmARvALS',$,'NZEB_ExhibitorInfo',$,(#4433,#4434,#4435,#4436,#4437,#4438,#4439,#4440));
#4432=IFCRELDEFINESBYPROPERTIES('14pTa8ZkvEzgx$0T0wm5_7',$,$,$,(#4420),#4431);
#4433=IFCPROPERTYSINGLEVALUE('CompanyName',$,IFCLABEL('KUXA'),$);
#4434=IFCPROPERTYSINGLEVALUE('StandNumber',$,IFCLABEL('M5'),$);
#4435=IFCPROPERTYSINGLEVALUE('Zone',$,IFCLABEL('ZONA 5'),$);
#4436=IFCPROPERTYSINGLEVALUE('AreaSqm',$,IFCREAL(21.2),$);
#4437=IFCPROPERTYSINGLEVALUE('Category',$,IFCLABEL('Produse si servicii pentru constructii (general)'),$);
#4438=IFCPROPERTYSINGLEVALUE('CategoryCode',$,IFCLABEL('C99'),$);
#4439=IFCPROPERTYSINGLEVALUE('Indoor',$,IFCBOOLEAN(.T.),$);
#4440=IFCPROPERTYSINGLEVALUE('Event',$,IFCLABEL('NZEB Expo Bucuresti 2026'),$);
#4441=IFCCARTESIANPOINT((2.00677966101695,1.51864406779661));
#4442=IFCAXIS2PLACEMENT2D(#4441,$);
#4443=IFCRECTANGLEPROFILEDEF(.AREA.,$,#4442,4.0135593220339,3.03728813559322);
#4444=IFCCARTESIANPOINT((0.,0.,0.));
#4445=IFCAXIS2PLACEMENT3D(#4444,$,$);
#4446=IFCDIRECTION((0.,0.,1.));
#4447=IFCEXTRUDEDAREASOLID(#4443,#4445,#4446,0.1);
#4448=IFCSTYLEDITEM(#4447,(#98),$);
#4449=IFCCARTESIANPOINT((2.00677966101695,2.99728813559322));
#4450=IFCAXIS2PLACEMENT2D(#4449,$);
#4451=IFCRECTANGLEPROFILEDEF(.AREA.,$,#4450,4.0135593220339,0.08);
#4452=IFCCARTESIANPOINT((0.,0.,0.1));
#4453=IFCAXIS2PLACEMENT3D(#4452,$,$);
#4454=IFCDIRECTION((0.,0.,1.));
#4455=IFCEXTRUDEDAREASOLID(#4451,#4453,#4454,2.5);
#4456=IFCSTYLEDITEM(#4455,(#32),$);
#4457=IFCCARTESIANPOINT((0.04,2.12610169491525));
#4458=IFCAXIS2PLACEMENT2D(#4457,$);
#4459=IFCRECTANGLEPROFILEDEF(.AREA.,$,#4458,0.08,1.82237288135593);
#4460=IFCCARTESIANPOINT((0.,0.,0.1));
#4461=IFCAXIS2PLACEMENT3D(#4460,$,$);
#4462=IFCDIRECTION((0.,0.,1.));
#4463=IFCEXTRUDEDAREASOLID(#4459,#4461,#4462,2.5);
#4464=IFCSTYLEDITEM(#4463,(#32),$);
#4465=IFCCARTESIANPOINT((3.9735593220339,2.12610169491525));
#4466=IFCAXIS2PLACEMENT2D(#4465,$);
#4467=IFCRECTANGLEPROFILEDEF(.AREA.,$,#4466,0.08,1.82237288135593);
#4468=IFCCARTESIANPOINT((0.,0.,0.1));
#4469=IFCAXIS2PLACEMENT3D(#4468,$,$);
#4470=IFCDIRECTION((0.,0.,1.));
#4471=IFCEXTRUDEDAREASOLID(#4467,#4469,#4470,2.5);
#4472=IFCSTYLEDITEM(#4471,(#32),$);
#4473=IFCBUILDINGELEMENTPROXY('2eSh8njILDZAgp8vem3d4L',$,'M8 - HAUSENERGY','Stand expozitional generic - HAUSENERGY',$,#4483,#4478,$,$);
#4477=IFCSHAPEREPRESENTATION(#11,'Body','SweptSolid',(#4447,#4455,#4463,#4471));
#4478=IFCPRODUCTDEFINITIONSHAPE($,$,(#4477));
#4479=IFCCARTESIANPOINT((85.6406779661017,3.56610169491526,0.));
#4480=IFCDIRECTION((0.,0.,1.));
#4481=IFCDIRECTION((1.,0.,0.));
#4482=IFCAXIS2PLACEMENT3D(#4479,#4480,#4481);
#4483=IFCLOCALPLACEMENT(#26,#4482);
#4484=IFCPROPERTYSET('3RLreFb$jBlRNdk7xVBCh2',$,'NZEB_ExhibitorInfo',$,(#4486,#4487,#4488,#4489,#4490,#4491,#4492,#4493));
#4485=IFCRELDEFINESBYPROPERTIES('3gWQoUf6PDrexy5gV3z28X',$,$,$,(#4473),#4484);
#4486=IFCPROPERTYSINGLEVALUE('CompanyName',$,IFCLABEL('HAUSENERGY'),$);
#4487=IFCPROPERTYSINGLEVALUE('StandNumber',$,IFCLABEL('M8'),$);
#4488=IFCPROPERTYSINGLEVALUE('Zone',$,IFCLABEL('ZONA 5'),$);
#4489=IFCPROPERTYSINGLEVALUE('AreaSqm',$,IFCREAL(12.2),$);
#4490=IFCPROPERTYSINGLEVALUE('Category',$,IFCLABEL('HVAC, incalzire, ventilatie si instalatii'),$);
#4491=IFCPROPERTYSINGLEVALUE('CategoryCode',$,IFCLABEL('C03'),$);
#4492=IFCPROPERTYSINGLEVALUE('Indoor',$,IFCBOOLEAN(.T.),$);
#4493=IFCPROPERTYSINGLEVALUE('Event',$,IFCLABEL('NZEB Expo Bucuresti 2026'),$);
#4494=IFCCARTESIANPOINT((2.51525423728814,1.51864406779661));
#4495=IFCAXIS2PLACEMENT2D(#4494,$);
#4496=IFCRECTANGLEPROFILEDEF(.AREA.,$,#4495,5.03050847457627,3.03728813559322);
#4497=IFCCARTESIANPOINT((0.,0.,0.));
#4498=IFCAXIS2PLACEMENT3D(#4497,$,$);
#4499=IFCDIRECTION((0.,0.,1.));
#4500=IFCEXTRUDEDAREASOLID(#4496,#4498,#4499,0.1);
#4501=IFCSTYLEDITEM(#4500,(#98),$);
#4502=IFCCARTESIANPOINT((2.51525423728814,2.99728813559322));
#4503=IFCAXIS2PLACEMENT2D(#4502,$);
#4504=IFCRECTANGLEPROFILEDEF(.AREA.,$,#4503,5.03050847457627,0.08);
#4505=IFCCARTESIANPOINT((0.,0.,0.1));
#4506=IFCAXIS2PLACEMENT3D(#4505,$,$);
#4507=IFCDIRECTION((0.,0.,1.));
#4508=IFCEXTRUDEDAREASOLID(#4504,#4506,#4507,2.5);
#4509=IFCSTYLEDITEM(#4508,(#32),$);
#4510=IFCCARTESIANPOINT((0.04,2.12610169491525));
#4511=IFCAXIS2PLACEMENT2D(#4510,$);
#4512=IFCRECTANGLEPROFILEDEF(.AREA.,$,#4511,0.08,1.82237288135593);
#4513=IFCCARTESIANPOINT((0.,0.,0.1));
#4514=IFCAXIS2PLACEMENT3D(#4513,$,$);
#4515=IFCDIRECTION((0.,0.,1.));
#4516=IFCEXTRUDEDAREASOLID(#4512,#4514,#4515,2.5);
#4517=IFCSTYLEDITEM(#4516,(#32),$);
#4518=IFCCARTESIANPOINT((4.99050847457627,2.12610169491525));
#4519=IFCAXIS2PLACEMENT2D(#4518,$);
#4520=IFCRECTANGLEPROFILEDEF(.AREA.,$,#4519,0.08,1.82237288135593);
#4521=IFCCARTESIANPOINT((0.,0.,0.1));
#4522=IFCAXIS2PLACEMENT3D(#4521,$,$);
#4523=IFCDIRECTION((0.,0.,1.));
#4524=IFCEXTRUDEDAREASOLID(#4520,#4522,#4523,2.5);
#4525=IFCSTYLEDITEM(#4524,(#32),$);
#4526=IFCBUILDINGELEMENTPROXY('2lnOymgbr0y9koFdBCgGvD',$,'M7 - SEMINEE DEUS','Stand expozitional generic - SEMINEE DEUS',$,#4536,#4531,$,$);
#4530=IFCSHAPEREPRESENTATION(#11,'Body','SweptSolid',(#4500,#4508,#4516,#4524));
#4531=IFCPRODUCTDEFINITIONSHAPE($,$,(#4530));
#4532=IFCCARTESIANPOINT((89.5322033898305,3.56610169491526,0.));
#4533=IFCDIRECTION((0.,0.,1.));
#4534=IFCDIRECTION((1.,0.,0.));
#4535=IFCAXIS2PLACEMENT3D(#4532,#4533,#4534);
#4536=IFCLOCALPLACEMENT(#26,#4535);
#4537=IFCPROPERTYSET('2MU2N5K01CZRH0o73ZeKid',$,'NZEB_ExhibitorInfo',$,(#4539,#4540,#4541,#4542,#4543,#4544,#4545,#4546));
#4538=IFCRELDEFINESBYPROPERTIES('3ISp6ZtAPCD9THYK_sSH8M',$,$,$,(#4526),#4537);
#4539=IFCPROPERTYSINGLEVALUE('CompanyName',$,IFCLABEL('SEMINEE DEUS'),$);
#4540=IFCPROPERTYSINGLEVALUE('StandNumber',$,IFCLABEL('M7'),$);
#4541=IFCPROPERTYSINGLEVALUE('Zone',$,IFCLABEL('ZONA 5'),$);
#4542=IFCPROPERTYSINGLEVALUE('AreaSqm',$,IFCREAL(15.3),$);
#4543=IFCPROPERTYSINGLEVALUE('Category',$,IFCLABEL('HVAC, incalzire, ventilatie si instalatii'),$);
#4544=IFCPROPERTYSINGLEVALUE('CategoryCode',$,IFCLABEL('C03'),$);
#4545=IFCPROPERTYSINGLEVALUE('Indoor',$,IFCBOOLEAN(.T.),$);
#4546=IFCPROPERTYSINGLEVALUE('Event',$,IFCLABEL('NZEB Expo Bucuresti 2026'),$);
#4547=IFCCARTESIANPOINT((6.57627118644068,3.55254237288136));
#4548=IFCAXIS2PLACEMENT2D(#4547,$);
#4549=IFCRECTANGLEPROFILEDEF(.AREA.,$,#4548,13.1525423728814,7.10508474576271);
#4550=IFCCARTESIANPOINT((0.,0.,0.));
#4551=IFCAXIS2PLACEMENT3D(#4550,$,$);
#4552=IFCDIRECTION((0.,0.,1.));
#4553=IFCEXTRUDEDAREASOLID(#4549,#4551,#4552,0.1);
#4554=IFCSTYLEDITEM(#4553,(#101),$);
#4555=IFCCARTESIANPOINT((6.57627118644068,7.06508474576271));
#4556=IFCAXIS2PLACEMENT2D(#4555,$);
#4557=IFCRECTANGLEPROFILEDEF(.AREA.,$,#4556,13.1525423728814,0.08);
#4558=IFCCARTESIANPOINT((0.,0.,0.1));
#4559=IFCAXIS2PLACEMENT3D(#4558,$,$);
#4560=IFCDIRECTION((0.,0.,1.));
#4561=IFCEXTRUDEDAREASOLID(#4557,#4559,#4560,2.5);
#4562=IFCSTYLEDITEM(#4561,(#32),$);
#4563=IFCCARTESIANPOINT((0.04,5.10508474576271));
#4564=IFCAXIS2PLACEMENT2D(#4563,$);
#4565=IFCRECTANGLEPROFILEDEF(.AREA.,$,#4564,0.08,4.);
#4566=IFCCARTESIANPOINT((0.,0.,0.1));
#4567=IFCAXIS2PLACEMENT3D(#4566,$,$);
#4568=IFCDIRECTION((0.,0.,1.));
#4569=IFCEXTRUDEDAREASOLID(#4565,#4567,#4568,2.5);
#4570=IFCSTYLEDITEM(#4569,(#32),$);
#4571=IFCCARTESIANPOINT((13.1125423728814,5.10508474576271));
#4572=IFCAXIS2PLACEMENT2D(#4571,$);
#4573=IFCRECTANGLEPROFILEDEF(.AREA.,$,#4572,0.08,4.);
#4574=IFCCARTESIANPOINT((0.,0.,0.1));
#4575=IFCAXIS2PLACEMENT3D(#4574,$,$);
#4576=IFCDIRECTION((0.,0.,1.));
#4577=IFCEXTRUDEDAREASOLID(#4573,#4575,#4576,2.5);
#4578=IFCSTYLEDITEM(#4577,(#32),$);
#4579=IFCBUILDINGELEMENTPROXY('1XkG0gtLb35QMk6COlAKe5',$,'A15 - QFORT','Stand expozitional generic - QFORT',$,#4589,#4584,$,$);
#4583=IFCSHAPEREPRESENTATION(#11,'Body','SweptSolid',(#4553,#4561,#4569,#4577));
#4584=IFCPRODUCTDEFINITIONSHAPE($,$,(#4583));
#4585=IFCCARTESIANPOINT((171.023728813559,45.0847457627119,0.));
#4586=IFCDIRECTION((0.,0.,1.));
#4587=IFCDIRECTION((1.,0.,0.));
#4588=IFCAXIS2PLACEMENT3D(#4585,#4586,#4587);
#4589=IFCLOCALPLACEMENT(#26,#4588);
#4590=IFCPROPERTYSET('25YJUOFg90BQ$WMTz1MKiG',$,'NZEB_ExhibitorInfo',$,(#4592,#4593,#4594,#4595,#4596,#4597,#4598,#4599,#4600));
#4591=IFCRELDEFINESBYPROPERTIES('0E1ezmvxr3shajQnOQ77oR',$,$,$,(#4579),#4590);
#4592=IFCPROPERTYSINGLEVALUE('CompanyName',$,IFCLABEL('QFORT'),$);
#4593=IFCPROPERTYSINGLEVALUE('StandNumber',$,IFCLABEL('A15'),$);
#4594=IFCPROPERTYSINGLEVALUE('Zone',$,IFCLABEL('ZONA 6'),$);
#4595=IFCPROPERTYSINGLEVALUE('AreaSqm',$,IFCREAL(93.4),$);
#4596=IFCPROPERTYSINGLEVALUE('Category',$,IFCLABEL('Ferestre, usi, fatade si tamplarie'),$);
#4597=IFCPROPERTYSINGLEVALUE('CategoryCode',$,IFCLABEL('C02'),$);
#4598=IFCPROPERTYSINGLEVALUE('Indoor',$,IFCBOOLEAN(.T.),$);
#4599=IFCPROPERTYSINGLEVALUE('Event',$,IFCLABEL('NZEB Expo Bucuresti 2026'),$);
#4600=IFCPROPERTYSINGLEVALUE('Website',$,IFCLABEL('https://www.qfort.ro'),$);
#4601=IFCCARTESIANPOINT((3.56610169491525,1.54576271186441));
#4602=IFCAXIS2PLACEMENT2D(#4601,$);
#4603=IFCRECTANGLEPROFILEDEF(.AREA.,$,#4602,7.13220338983051,3.09152542372881);
#4604=IFCCARTESIANPOINT((0.,0.,0.));
#4605=IFCAXIS2PLACEMENT3D(#4604,$,$);
#4606=IFCDIRECTION((0.,0.,1.));
#4607=IFCEXTRUDEDAREASOLID(#4603,#4605,#4606,0.1);
#4608=IFCSTYLEDITEM(#4607,(#98),$);
#4609=IFCCARTESIANPOINT((3.56610169491525,3.05152542372881));
#4610=IFCAXIS2PLACEMENT2D(#4609,$);
#4611=IFCRECTANGLEPROFILEDEF(.AREA.,$,#4610,7.13220338983051,0.08);
#4612=IFCCARTESIANPOINT((0.,0.,0.1));
#4613=IFCAXIS2PLACEMENT3D(#4612,$,$);
#4614=IFCDIRECTION((0.,0.,1.));
#4615=IFCEXTRUDEDAREASOLID(#4611,#4613,#4614,2.5);
#4616=IFCSTYLEDITEM(#4615,(#32),$);
#4617=IFCCARTESIANPOINT((0.04,2.16406779661017));
#4618=IFCAXIS2PLACEMENT2D(#4617,$);
#4619=IFCRECTANGLEPROFILEDEF(.AREA.,$,#4618,0.08,1.85491525423729);
#4620=IFCCARTESIANPOINT((0.,0.,0.1));
#4621=IFCAXIS2PLACEMENT3D(#4620,$,$);
#4622=IFCDIRECTION((0.,0.,1.));
#4623=IFCEXTRUDEDAREASOLID(#4619,#4621,#4622,2.5);
#4624=IFCSTYLEDITEM(#4623,(#32),$);
#4625=IFCCARTESIANPOINT((7.09220338983051,2.16406779661017));
#4626=IFCAXIS2PLACEMENT2D(#4625,$);
#4627=IFCRECTANGLEPROFILEDEF(.AREA.,$,#4626,0.08,1.85491525423729);
#4628=IFCCARTESIANPOINT((0.,0.,0.1));
#4629=IFCAXIS2PLACEMENT3D(#4628,$,$);
#4630=IFCDIRECTION((0.,0.,1.));
#4631=IFCEXTRUDEDAREASOLID(#4627,#4629,#4630,2.5);
#4632=IFCSTYLEDITEM(#4631,(#32),$);
#4633=IFCBUILDINGELEMENTPROXY('3nSQIJXE1F6hsNtiR9HFBr',$,'D7 - ALUFORM','Stand expozitional generic - ALUFORM',$,#4643,#4638,$,$);
#4637=IFCSHAPEREPRESENTATION(#11,'Body','SweptSolid',(#4607,#4615,#4623,#4631));
#4638=IFCPRODUCTDEFINITIONSHAPE($,$,(#4637));
#4639=IFCCARTESIANPOINT((131.457627118644,37.5864406779661,0.));
#4640=IFCDIRECTION((0.,0.,1.));
#4641=IFCDIRECTION((1.,0.,0.));
#4642=IFCAXIS2PLACEMENT3D(#4639,#4640,#4641);
#4643=IFCLOCALPLACEMENT(#26,#4642);
#4644=IFCPROPERTYSET('3jFEODOwjF5BaZArYGCWt$',$,'NZEB_ExhibitorInfo',$,(#4646,#4647,#4648,#4649,#4650,#4651,#4652,#4653));
#4645=IFCRELDEFINESBYPROPERTIES('3W2t71y1v70hbQpbytz2ZC',$,$,$,(#4633),#4644);
#4646=IFCPROPERTYSINGLEVALUE('CompanyName',$,IFCLABEL('ALUFORM'),$);
#4647=IFCPROPERTYSINGLEVALUE('StandNumber',$,IFCLABEL('D7'),$);
#4648=IFCPROPERTYSINGLEVALUE('Zone',$,IFCLABEL('ZONA 5'),$);
#4649=IFCPROPERTYSINGLEVALUE('AreaSqm',$,IFCREAL(22.),$);
#4650=IFCPROPERTYSINGLEVALUE('Category',$,IFCLABEL('Ferestre, usi, fatade si tamplarie'),$);
#4651=IFCPROPERTYSINGLEVALUE('CategoryCode',$,IFCLABEL('C02'),$);
#4652=IFCPROPERTYSINGLEVALUE('Indoor',$,IFCBOOLEAN(.T.),$);
#4653=IFCPROPERTYSINGLEVALUE('Event',$,IFCLABEL('NZEB Expo Bucuresti 2026'),$);
#4654=IFCCARTESIANPOINT((3.11186440677966,3.55254237288136));
#4655=IFCAXIS2PLACEMENT2D(#4654,$);
#4656=IFCRECTANGLEPROFILEDEF(.AREA.,$,#4655,6.22372881355932,7.10508474576271);
#4657=IFCCARTESIANPOINT((0.,0.,0.));
#4658=IFCAXIS2PLACEMENT3D(#4657,$,$);
#4659=IFCDIRECTION((0.,0.,1.));
#4660=IFCEXTRUDEDAREASOLID(#4656,#4658,#4659,0.1);
#4661=IFCSTYLEDITEM(#4660,(#98),$);
#4662=IFCCARTESIANPOINT((3.11186440677966,7.06508474576271));
#4663=IFCAXIS2PLACEMENT2D(#4662,$);
#4664=IFCRECTANGLEPROFILEDEF(.AREA.,$,#4663,6.22372881355932,0.08);
#4665=IFCCARTESIANPOINT((0.,0.,0.1));
#4666=IFCAXIS2PLACEMENT3D(#4665,$,$);
#4667=IFCDIRECTION((0.,0.,1.));
#4668=IFCEXTRUDEDAREASOLID(#4664,#4666,#4667,2.5);
#4669=IFCSTYLEDITEM(#4668,(#32),$);
#4670=IFCCARTESIANPOINT((0.04,5.10508474576271));
#4671=IFCAXIS2PLACEMENT2D(#4670,$);
#4672=IFCRECTANGLEPROFILEDEF(.AREA.,$,#4671,0.08,4.);
#4673=IFCCARTESIANPOINT((0.,0.,0.1));
#4674=IFCAXIS2PLACEMENT3D(#4673,$,$);
#4675=IFCDIRECTION((0.,0.,1.));
#4676=IFCEXTRUDEDAREASOLID(#4672,#4674,#4675,2.5);
#4677=IFCSTYLEDITEM(#4676,(#32),$);
#4678=IFCCARTESIANPOINT((6.18372881355932,5.10508474576271));
#4679=IFCAXIS2PLACEMENT2D(#4678,$);
#4680=IFCRECTANGLEPROFILEDEF(.AREA.,$,#4679,0.08,4.);
#4681=IFCCARTESIANPOINT((0.,0.,0.1));
#4682=IFCAXIS2PLACEMENT3D(#4681,$,$);
#4683=IFCDIRECTION((0.,0.,1.));
#4684=IFCEXTRUDEDAREASOLID(#4680,#4682,#4683,2.5);
#4685=IFCSTYLEDITEM(#4684,(#32),$);
#4686=IFCBUILDINGELEMENTPROXY('3975_WZ$11aQsB_fI$LdWv',$,'F2 - MAX BAU','Stand expozitional generic - MAX BAU',$,#4696,#4691,$,$);
#4690=IFCSHAPEREPRESENTATION(#11,'Body','SweptSolid',(#4660,#4668,#4676,#4684));
#4691=IFCPRODUCTDEFINITIONSHAPE($,$,(#4690));
#4692=IFCCARTESIANPOINT((95.5525423728814,10.7118644067797,0.));
#4693=IFCDIRECTION((0.,0.,1.));
#4694=IFCDIRECTION((1.,0.,0.));
#4695=IFCAXIS2PLACEMENT3D(#4692,#4693,#4694);
#4696=IFCLOCALPLACEMENT(#26,#4695);
#4697=IFCPROPERTYSET('25c6gXEDbAJ8nTbLYzmiSw',$,'NZEB_ExhibitorInfo',$,(#4699,#4700,#4701,#4702,#4703,#4704,#4705,#4706));
#4698=IFCRELDEFINESBYPROPERTIES('2VFNT3Uyf1VRppqoqhsio8',$,$,$,(#4686),#4697);
#4699=IFCPROPERTYSINGLEVALUE('CompanyName',$,IFCLABEL('MAX BAU'),$);
#4700=IFCPROPERTYSINGLEVALUE('StandNumber',$,IFCLABEL('F2'),$);
#4701=IFCPROPERTYSINGLEVALUE('Zone',$,IFCLABEL('ZONA 5'),$);
#4702=IFCPROPERTYSINGLEVALUE('AreaSqm',$,IFCREAL(44.2),$);
#4703=IFCPROPERTYSINGLEVALUE('Category',$,IFCLABEL('Produse si servicii pentru constructii (general)'),$);
#4704=IFCPROPERTYSINGLEVALUE('CategoryCode',$,IFCLABEL('C99'),$);
#4705=IFCPROPERTYSINGLEVALUE('Indoor',$,IFCBOOLEAN(.T.),$);
#4706=IFCPROPERTYSINGLEVALUE('Event',$,IFCLABEL('NZEB Expo Bucuresti 2026'),$);
#4707=IFCCARTESIANPOINT((2.92203389830508,1.08474576271186));
#4708=IFCAXIS2PLACEMENT2D(#4707,$);
#4709=IFCRECTANGLEPROFILEDEF(.AREA.,$,#4708,5.84406779661017,2.16949152542373);
#4710=IFCCARTESIANPOINT((0.,0.,0.));
#4711=IFCAXIS2PLACEMENT3D(#4710,$,$);
#4712=IFCDIRECTION((0.,0.,1.));
#4713=IFCEXTRUDEDAREASOLID(#4709,#4711,#4712,0.1);
#4714=IFCSTYLEDITEM(#4713,(#89),$);
#4715=IFCCARTESIANPOINT((2.92203389830508,2.12949152542373));
#4716=IFCAXIS2PLACEMENT2D(#4715,$);
#4717=IFCRECTANGLEPROFILEDEF(.AREA.,$,#4716,5.84406779661017,0.08);
#4718=IFCCARTESIANPOINT((0.,0.,0.1));
#4719=IFCAXIS2PLACEMENT3D(#4718,$,$);
#4720=IFCDIRECTION((0.,0.,1.));
#4721=IFCEXTRUDEDAREASOLID(#4717,#4719,#4720,2.5);
#4722=IFCSTYLEDITEM(#4721,(#32),$);
#4723=IFCCARTESIANPOINT((0.04,1.51864406779661));
#4724=IFCAXIS2PLACEMENT2D(#4723,$);
#4725=IFCRECTANGLEPROFILEDEF(.AREA.,$,#4724,0.08,1.30169491525424);
#4726=IFCCARTESIANPOINT((0.,0.,0.1));
#4727=IFCAXIS2PLACEMENT3D(#4726,$,$);
#4728=IFCDIRECTION((0.,0.,1.));
#4729=IFCEXTRUDEDAREASOLID(#4725,#4727,#4728,2.5);
#4730=IFCSTYLEDITEM(#4729,(#32),$);
#4731=IFCCARTESIANPOINT((5.80406779661017,1.51864406779661));
#4732=IFCAXIS2PLACEMENT2D(#4731,$);
#4733=IFCRECTANGLEPROFILEDEF(.AREA.,$,#4732,0.08,1.30169491525424);
#4734=IFCCARTESIANPOINT((0.,0.,0.1));
#4735=IFCAXIS2PLACEMENT3D(#4734,$,$);
#4736=IFCDIRECTION((0.,0.,1.));
#4737=IFCEXTRUDEDAREASOLID(#4733,#4735,#4736,2.5);
#4738=IFCSTYLEDITEM(#4737,(#32),$);
#4739=IFCBUILDINGELEMENTPROXY('2nzCld1Aj80htCSXxJP1Er',$,'G10 - THERMOTOP','Stand expozitional generic - THERMOTOP',$,#4749,#4744,$,$);
#4743=IFCSHAPEREPRESENTATION(#11,'Body','SweptSolid',(#4713,#4721,#4729,#4737));
#4744=IFCPRODUCTDEFINITIONSHAPE($,$,(#4743));
#4745=IFCCARTESIANPOINT((78.5762711864407,36.2305084745763,0.));
#4746=IFCDIRECTION((0.,0.,1.));
#4747=IFCDIRECTION((1.,0.,0.));
#4748=IFCAXIS2PLACEMENT3D(#4745,#4746,#4747);
#4749=IFCLOCALPLACEMENT(#26,#4748);
#4750=IFCPROPERTYSET('1BUwA0eRP0ugN75clhSvUF',$,'NZEB_ExhibitorInfo',$,(#4752,#4753,#4754,#4755,#4756,#4757,#4758,#4759));
#4751=IFCRELDEFINESBYPROPERTIES('2kumdXHQ1Eov9iZ2ZCxsfM',$,$,$,(#4739),#4750);
#4752=IFCPROPERTYSINGLEVALUE('CompanyName',$,IFCLABEL('THERMOTOP'),$);
#4753=IFCPROPERTYSINGLEVALUE('StandNumber',$,IFCLABEL('G10'),$);
#4754=IFCPROPERTYSINGLEVALUE('Zone',$,IFCLABEL('ZONA 2'),$);
#4755=IFCPROPERTYSINGLEVALUE('AreaSqm',$,IFCREAL(12.7),$);
#4756=IFCPROPERTYSINGLEVALUE('Category',$,IFCLABEL('HVAC, incalzire, ventilatie si instalatii'),$);
#4757=IFCPROPERTYSINGLEVALUE('CategoryCode',$,IFCLABEL('C03'),$);
#4758=IFCPROPERTYSINGLEVALUE('Indoor',$,IFCBOOLEAN(.T.),$);
#4759=IFCPROPERTYSINGLEVALUE('Event',$,IFCLABEL('NZEB Expo Bucuresti 2026'),$);
#4760=IFCCARTESIANPOINT((3.04406779661017,1.49830508474576));
#4761=IFCAXIS2PLACEMENT2D(#4760,$);
#4762=IFCRECTANGLEPROFILEDEF(.AREA.,$,#4761,6.08813559322034,2.99661016949153);
#4763=IFCCARTESIANPOINT((0.,0.,0.));
#4764=IFCAXIS2PLACEMENT3D(#4763,$,$);
#4765=IFCDIRECTION((0.,0.,1.));
#4766=IFCEXTRUDEDAREASOLID(#4762,#4764,#4765,0.1);
#4767=IFCSTYLEDITEM(#4766,(#89),$);
#4768=IFCCARTESIANPOINT((3.04406779661017,2.95661016949153));
#4769=IFCAXIS2PLACEMENT2D(#4768,$);
#4770=IFCRECTANGLEPROFILEDEF(.AREA.,$,#4769,6.08813559322034,0.08);
#4771=IFCCARTESIANPOINT((0.,0.,0.1));
#4772=IFCAXIS2PLACEMENT3D(#4771,$,$);
#4773=IFCDIRECTION((0.,0.,1.));
#4774=IFCEXTRUDEDAREASOLID(#4770,#4772,#4773,2.5);
#4775=IFCSTYLEDITEM(#4774,(#32),$);
#4776=IFCCARTESIANPOINT((0.04,2.09762711864407));
#4777=IFCAXIS2PLACEMENT2D(#4776,$);
#4778=IFCRECTANGLEPROFILEDEF(.AREA.,$,#4777,0.08,1.79796610169492);
#4779=IFCCARTESIANPOINT((0.,0.,0.1));
#4780=IFCAXIS2PLACEMENT3D(#4779,$,$);
#4781=IFCDIRECTION((0.,0.,1.));
#4782=IFCEXTRUDEDAREASOLID(#4778,#4780,#4781,2.5);
#4783=IFCSTYLEDITEM(#4782,(#32),$);
#4784=IFCCARTESIANPOINT((6.04813559322034,2.09762711864407));
#4785=IFCAXIS2PLACEMENT2D(#4784,$);
#4786=IFCRECTANGLEPROFILEDEF(.AREA.,$,#4785,0.08,1.79796610169492);
#4787=IFCCARTESIANPOINT((0.,0.,0.1));
#4788=IFCAXIS2PLACEMENT3D(#4787,$,$);
#4789=IFCDIRECTION((0.,0.,1.));
#4790=IFCEXTRUDEDAREASOLID(#4786,#4788,#4789,2.5);
#4791=IFCSTYLEDITEM(#4790,(#32),$);
#4792=IFCBUILDINGELEMENTPROXY('3NuEZDh6n619Oz7PPxKVdR',$,'G15 - MAGNUM HEATING','Stand expozitional generic - MAGNUM HEATING',$,#4802,#4797,$,$);
#4796=IFCSHAPEREPRESENTATION(#11,'Body','SweptSolid',(#4766,#4774,#4782,#4790));
#4797=IFCPRODUCTDEFINITIONSHAPE($,$,(#4796));
#4798=IFCCARTESIANPOINT((78.4406779661017,49.1932203389831,0.));
#4799=IFCDIRECTION((0.,0.,1.));
#4800=IFCDIRECTION((1.,0.,0.));
#4801=IFCAXIS2PLACEMENT3D(#4798,#4799,#4800);
#4802=IFCLOCALPLACEMENT(#26,#4801);
#4803=IFCPROPERTYSET('136bhS7g59h9jA_tEP1BXa',$,'NZEB_ExhibitorInfo',$,(#4805,#4806,#4807,#4808,#4809,#4810,#4811,#4812));
#4804=IFCRELDEFINESBYPROPERTIES('0pL6fAm69EbQAemiu9Qkv4',$,$,$,(#4792),#4803);
#4805=IFCPROPERTYSINGLEVALUE('CompanyName',$,IFCLABEL('MAGNUM HEATING'),$);
#4806=IFCPROPERTYSINGLEVALUE('StandNumber',$,IFCLABEL('G15'),$);
#4807=IFCPROPERTYSINGLEVALUE('Zone',$,IFCLABEL('ZONA 2'),$);
#4808=IFCPROPERTYSINGLEVALUE('AreaSqm',$,IFCREAL(18.2),$);
#4809=IFCPROPERTYSINGLEVALUE('Category',$,IFCLABEL('HVAC, incalzire, ventilatie si instalatii'),$);
#4810=IFCPROPERTYSINGLEVALUE('CategoryCode',$,IFCLABEL('C03'),$);
#4811=IFCPROPERTYSINGLEVALUE('Indoor',$,IFCBOOLEAN(.T.),$);
#4812=IFCPROPERTYSINGLEVALUE('Event',$,IFCLABEL('NZEB Expo Bucuresti 2026'),$);
#4813=IFCCARTESIANPOINT((3.55254237288136,1.42372881355932));
#4814=IFCAXIS2PLACEMENT2D(#4813,$);
#4815=IFCRECTANGLEPROFILEDEF(.AREA.,$,#4814,7.10508474576271,2.84745762711864);
#4816=IFCCARTESIANPOINT((0.,0.,0.));
#4817=IFCAXIS2PLACEMENT3D(#4816,$,$);
#4818=IFCDIRECTION((0.,0.,1.));
#4819=IFCEXTRUDEDAREASOLID(#4815,#4817,#4818,0.1);
#4820=IFCSTYLEDITEM(#4819,(#89),$);
#4821=IFCCARTESIANPOINT((3.55254237288136,2.80745762711864));
#4822=IFCAXIS2PLACEMENT2D(#4821,$);
#4823=IFCRECTANGLEPROFILEDEF(.AREA.,$,#4822,7.10508474576271,0.08);
#4824=IFCCARTESIANPOINT((0.,0.,0.1));
#4825=IFCAXIS2PLACEMENT3D(#4824,$,$);
#4826=IFCDIRECTION((0.,0.,1.));
#4827=IFCEXTRUDEDAREASOLID(#4823,#4825,#4826,2.5);
#4828=IFCSTYLEDITEM(#4827,(#32),$);
#4829=IFCCARTESIANPOINT((0.04,1.99322033898305));
#4830=IFCAXIS2PLACEMENT2D(#4829,$);
#4831=IFCRECTANGLEPROFILEDEF(.AREA.,$,#4830,0.08,1.70847457627119);
#4832=IFCCARTESIANPOINT((0.,0.,0.1));
#4833=IFCAXIS2PLACEMENT3D(#4832,$,$);
#4834=IFCDIRECTION((0.,0.,1.));
#4835=IFCEXTRUDEDAREASOLID(#4831,#4833,#4834,2.5);
#4836=IFCSTYLEDITEM(#4835,(#32),$);
#4837=IFCCARTESIANPOINT((7.06508474576271,1.99322033898305));
#4838=IFCAXIS2PLACEMENT2D(#4837,$);
#4839=IFCRECTANGLEPROFILEDEF(.AREA.,$,#4838,0.08,1.70847457627119);
#4840=IFCCARTESIANPOINT((0.,0.,0.1));
#4841=IFCAXIS2PLACEMENT3D(#4840,$,$);
#4842=IFCDIRECTION((0.,0.,1.));
#4843=IFCEXTRUDEDAREASOLID(#4839,#4841,#4842,2.5);
#4844=IFCSTYLEDITEM(#4843,(#32),$);
#4845=IFCBUILDINGELEMENTPROXY('0NnrHqB0TBegfXrKMPAb42',$,'G16 - NPU SOLUTIONS','Stand expozitional generic - NPU SOLUTIONS',$,#4855,#4850,$,$);
#4849=IFCSHAPEREPRESENTATION(#11,'Body','SweptSolid',(#4819,#4827,#4835,#4843));
#4850=IFCPRODUCTDEFINITIONSHAPE($,$,(#4849));
#4851=IFCCARTESIANPOINT((84.5559322033898,49.328813559322,0.));
#4852=IFCDIRECTION((0.,0.,1.));
#4853=IFCDIRECTION((1.,0.,0.));
#4854=IFCAXIS2PLACEMENT3D(#4851,#4852,#4853);
#4855=IFCLOCALPLACEMENT(#26,#4854);
#4856=IFCPROPERTYSET('2D0$Httm5AIQakf3w$aMdP',$,'NZEB_ExhibitorInfo',$,(#4858,#4859,#4860,#4861,#4862,#4863,#4864,#4865));
#4857=IFCRELDEFINESBYPROPERTIES('2pZaetSmP8eOo45hu0kwmQ',$,$,$,(#4845),#4856);
#4858=IFCPROPERTYSINGLEVALUE('CompanyName',$,IFCLABEL('NPU SOLUTIONS'),$);
#4859=IFCPROPERTYSINGLEVALUE('StandNumber',$,IFCLABEL('G16'),$);
#4860=IFCPROPERTYSINGLEVALUE('Zone',$,IFCLABEL('ZONA 2'),$);
#4861=IFCPROPERTYSINGLEVALUE('AreaSqm',$,IFCREAL(20.2),$);
#4862=IFCPROPERTYSINGLEVALUE('Category',$,IFCLABEL('Produse si servicii pentru constructii (general)'),$);
#4863=IFCPROPERTYSINGLEVALUE('CategoryCode',$,IFCLABEL('C99'),$);
#4864=IFCPROPERTYSINGLEVALUE('Indoor',$,IFCBOOLEAN(.T.),$);
#4865=IFCPROPERTYSINGLEVALUE('Event',$,IFCLABEL('NZEB Expo Bucuresti 2026'),$);
#4866=IFCCARTESIANPOINT((3.55254237288136,2.03389830508475));
#4867=IFCAXIS2PLACEMENT2D(#4866,$);
#4868=IFCRECTANGLEPROFILEDEF(.AREA.,$,#4867,7.10508474576271,4.06779661016949);
#4869=IFCCARTESIANPOINT((0.,0.,0.));
#4870=IFCAXIS2PLACEMENT3D(#4869,$,$);
#4871=IFCDIRECTION((0.,0.,1.));
#4872=IFCEXTRUDEDAREASOLID(#4868,#4870,#4871,0.1);
#4873=IFCSTYLEDITEM(#4872,(#89),$);
#4874=IFCCARTESIANPOINT((3.55254237288136,4.02779661016949));
#4875=IFCAXIS2PLACEMENT2D(#4874,$);
#4876=IFCRECTANGLEPROFILEDEF(.AREA.,$,#4875,7.10508474576271,0.08);
#4877=IFCCARTESIANPOINT((0.,0.,0.1));
#4878=IFCAXIS2PLACEMENT3D(#4877,$,$);
#4879=IFCDIRECTION((0.,0.,1.));
#4880=IFCEXTRUDEDAREASOLID(#4876,#4878,#4879,2.5);
#4881=IFCSTYLEDITEM(#4880,(#32),$);
#4882=IFCCARTESIANPOINT((0.04,2.84745762711864));
#4883=IFCAXIS2PLACEMENT2D(#4882,$);
#4884=IFCRECTANGLEPROFILEDEF(.AREA.,$,#4883,0.08,2.44067796610169);
#4885=IFCCARTESIANPOINT((0.,0.,0.1));
#4886=IFCAXIS2PLACEMENT3D(#4885,$,$);
#4887=IFCDIRECTION((0.,0.,1.));
#4888=IFCEXTRUDEDAREASOLID(#4884,#4886,#4887,2.5);
#4889=IFCSTYLEDITEM(#4888,(#32),$);
#4890=IFCCARTESIANPOINT((7.06508474576271,2.84745762711864));
#4891=IFCAXIS2PLACEMENT2D(#4890,$);
#4892=IFCRECTANGLEPROFILEDEF(.AREA.,$,#4891,0.08,2.44067796610169);
#4893=IFCCARTESIANPOINT((0.,0.,0.1));
#4894=IFCAXIS2PLACEMENT3D(#4893,$,$);
#4895=IFCDIRECTION((0.,0.,1.));
#4896=IFCEXTRUDEDAREASOLID(#4892,#4894,#4895,2.5);
#4897=IFCSTYLEDITEM(#4896,(#32),$);
#4898=IFCBUILDINGELEMENTPROXY('2JnW9JCRj1MfbRmgSEwhSQ',$,'G13 - SVS MECHANICAL','Stand expozitional generic - SVS MECHANICAL',$,#4908,#4903,$,$);
#4902=IFCSHAPEREPRESENTATION(#11,'Body','SweptSolid',(#4872,#4880,#4888,#4896));
#4903=IFCPRODUCTDEFINITIONSHAPE($,$,(#4902));
#4904=IFCCARTESIANPOINT((84.528813559322,45.1932203389831,0.));
#4905=IFCDIRECTION((0.,0.,1.));
#4906=IFCDIRECTION((1.,0.,0.));
#4907=IFCAXIS2PLACEMENT3D(#4904,#4905,#4906);
#4908=IFCLOCALPLACEMENT(#26,#4907);
#4909=IFCPROPERTYSET('1fy8FjOFnFxgEjY43qyuVu',$,'NZEB_ExhibitorInfo',$,(#4911,#4912,#4913,#4914,#4915,#4916,#4917,#4918));
#4910=IFCRELDEFINESBYPROPERTIES('3tUM2Vp2P0D8CRWg2J3P9j',$,$,$,(#4898),#4909);
#4911=IFCPROPERTYSINGLEVALUE('CompanyName',$,IFCLABEL('SVS MECHANICAL'),$);
#4912=IFCPROPERTYSINGLEVALUE('StandNumber',$,IFCLABEL('G13'),$);
#4913=IFCPROPERTYSINGLEVALUE('Zone',$,IFCLABEL('ZONA 2'),$);
#4914=IFCPROPERTYSINGLEVALUE('AreaSqm',$,IFCREAL(28.9),$);
#4915=IFCPROPERTYSINGLEVALUE('Category',$,IFCLABEL('Produse si servicii pentru constructii (general)'),$);
#4916=IFCPROPERTYSINGLEVALUE('CategoryCode',$,IFCLABEL('C99'),$);
#4917=IFCPROPERTYSINGLEVALUE('Indoor',$,IFCBOOLEAN(.T.),$);
#4918=IFCPROPERTYSINGLEVALUE('Event',$,IFCLABEL('NZEB Expo Bucuresti 2026'),$);
#4919=IFCCARTESIANPOINT((2.61016949152542,2.03389830508475));
#4920=IFCAXIS2PLACEMENT2D(#4919,$);
#4921=IFCRECTANGLEPROFILEDEF(.AREA.,$,#4920,5.22033898305085,4.06779661016949);
#4922=IFCCARTESIANPOINT((0.,0.,0.));
#4923=IFCAXIS2PLACEMENT3D(#4922,$,$);
#4924=IFCDIRECTION((0.,0.,1.));
#4925=IFCEXTRUDEDAREASOLID(#4921,#4923,#4924,0.1);
#4926=IFCSTYLEDITEM(#4925,(#86),$);
#4927=IFCCARTESIANPOINT((2.61016949152542,4.02779661016949));
#4928=IFCAXIS2PLACEMENT2D(#4927,$);
#4929=IFCRECTANGLEPROFILEDEF(.AREA.,$,#4928,5.22033898305085,0.08);
#4930=IFCCARTESIANPOINT((0.,0.,0.1));
#4931=IFCAXIS2PLACEMENT3D(#4930,$,$);
#4932=IFCDIRECTION((0.,0.,1.));
#4933=IFCEXTRUDEDAREASOLID(#4929,#4931,#4932,2.5);
#4934=IFCSTYLEDITEM(#4933,(#32),$);
#4935=IFCCARTESIANPOINT((0.04,2.84745762711864));
#4936=IFCAXIS2PLACEMENT2D(#4935,$);
#4937=IFCRECTANGLEPROFILEDEF(.AREA.,$,#4936,0.08,2.44067796610169);
#4938=IFCCARTESIANPOINT((0.,0.,0.1));
#4939=IFCAXIS2PLACEMENT3D(#4938,$,$);
#4940=IFCDIRECTION((0.,0.,1.));
#4941=IFCEXTRUDEDAREASOLID(#4937,#4939,#4940,2.5);
#4942=IFCSTYLEDITEM(#4941,(#32),$);
#4943=IFCCARTESIANPOINT((5.18033898305085,2.84745762711864));
#4944=IFCAXIS2PLACEMENT2D(#4943,$);
#4945=IFCRECTANGLEPROFILEDEF(.AREA.,$,#4944,0.08,2.44067796610169);
#4946=IFCCARTESIANPOINT((0.,0.,0.1));
#4947=IFCAXIS2PLACEMENT3D(#4946,$,$);
#4948=IFCDIRECTION((0.,0.,1.));
#4949=IFCEXTRUDEDAREASOLID(#4945,#4947,#4948,2.5);
#4950=IFCSTYLEDITEM(#4949,(#32),$);
#4951=IFCBUILDINGELEMENTPROXY('3Oc8X6F$17uxlLlgtTXfo6',$,'H8 - INTERO PROPERTY DEVELOPMENT','Stand expozitional generic - INTERO PROPERTY DEVELOPMENT',$,#4961,#4956,$,$);
#4955=IFCSHAPEREPRESENTATION(#11,'Body','SweptSolid',(#4925,#4933,#4941,#4949));
#4956=IFCPRODUCTDEFINITIONSHAPE($,$,(#4955));
#4957=IFCCARTESIANPOINT((64.3661016949153,48.1627118644068,0.));
#4958=IFCDIRECTION((0.,0.,1.));
#4959=IFCDIRECTION((1.,0.,0.));
#4960=IFCAXIS2PLACEMENT3D(#4957,#4958,#4959);
#4961=IFCLOCALPLACEMENT(#26,#4960);
#4962=IFCPROPERTYSET('1mmvevzJr3YfMEVCt_TYXh',$,'NZEB_ExhibitorInfo',$,(#4964,#4965,#4966,#4967,#4968,#4969,#4970,#4971));
#4963=IFCRELDEFINESBYPROPERTIES('0y2jFJxGX3B8isia3S0JHJ',$,$,$,(#4951),#4962);
#4964=IFCPROPERTYSINGLEVALUE('CompanyName',$,IFCLABEL('INTERO PROPERTY DEVELOPMENT'),$);
#4965=IFCPROPERTYSINGLEVALUE('StandNumber',$,IFCLABEL('H8'),$);
#4966=IFCPROPERTYSINGLEVALUE('Zone',$,IFCLABEL('ZONA 1'),$);
#4967=IFCPROPERTYSINGLEVALUE('AreaSqm',$,IFCREAL(21.2),$);
#4968=IFCPROPERTYSINGLEVALUE('Category',$,IFCLABEL('Dezvoltare imobiliara'),$);
#4969=IFCPROPERTYSINGLEVALUE('CategoryCode',$,IFCLABEL('C11'),$);
#4970=IFCPROPERTYSINGLEVALUE('Indoor',$,IFCBOOLEAN(.T.),$);
#4971=IFCPROPERTYSINGLEVALUE('Event',$,IFCLABEL('NZEB Expo Bucuresti 2026'),$);
#4972=IFCCARTESIANPOINT((2.51525423728814,1.51864406779661));
#4973=IFCAXIS2PLACEMENT2D(#4972,$);
#4974=IFCRECTANGLEPROFILEDEF(.AREA.,$,#4973,5.03050847457627,3.03728813559322);
#4975=IFCCARTESIANPOINT((0.,0.,0.));
#4976=IFCAXIS2PLACEMENT3D(#4975,$,$);
#4977=IFCDIRECTION((0.,0.,1.));
#4978=IFCEXTRUDEDAREASOLID(#4974,#4976,#4977,0.1);
#4979=IFCSTYLEDITEM(#4978,(#98),$);
#4980=IFCCARTESIANPOINT((2.51525423728814,2.99728813559322));
#4981=IFCAXIS2PLACEMENT2D(#4980,$);
#4982=IFCRECTANGLEPROFILEDEF(.AREA.,$,#4981,5.03050847457627,0.08);
#4983=IFCCARTESIANPOINT((0.,0.,0.1));
#4984=IFCAXIS2PLACEMENT3D(#4983,$,$);
#4985=IFCDIRECTION((0.,0.,1.));
#4986=IFCEXTRUDEDAREASOLID(#4982,#4984,#4985,2.5);
#4987=IFCSTYLEDITEM(#4986,(#32),$);
#4988=IFCCARTESIANPOINT((0.04,2.12610169491525));
#4989=IFCAXIS2PLACEMENT2D(#4988,$);
#4990=IFCRECTANGLEPROFILEDEF(.AREA.,$,#4989,0.08,1.82237288135593);
#4991=IFCCARTESIANPOINT((0.,0.,0.1));
#4992=IFCAXIS2PLACEMENT3D(#4991,$,$);
#4993=IFCDIRECTION((0.,0.,1.));
#4994=IFCEXTRUDEDAREASOLID(#4990,#4992,#4993,2.5);
#4995=IFCSTYLEDITEM(#4994,(#32),$);
#4996=IFCCARTESIANPOINT((4.99050847457627,2.12610169491525));
#4997=IFCAXIS2PLACEMENT2D(#4996,$);
#4998=IFCRECTANGLEPROFILEDEF(.AREA.,$,#4997,0.08,1.82237288135593);
#4999=IFCCARTESIANPOINT((0.,0.,0.1));
#5000=IFCAXIS2PLACEMENT3D(#4999,$,$);
#5001=IFCDIRECTION((0.,0.,1.));
#5002=IFCEXTRUDEDAREASOLID(#4998,#5000,#5001,2.5);
#5003=IFCSTYLEDITEM(#5002,(#32),$);
#5004=IFCBUILDINGELEMENTPROXY('2TP6jYuhrChvjzboB_fL96',$,'M5a - ECO GARDEN CONSTRUCT','Stand expozitional generic - ECO GARDEN CONSTRUCT',$,#5014,#5009,$,$);
#5008=IFCSHAPEREPRESENTATION(#11,'Body','SweptSolid',(#4978,#4986,#4994,#5002));
#5009=IFCPRODUCTDEFINITIONSHAPE($,$,(#5008));
#5010=IFCCARTESIANPOINT((106.874576271186,3.56610169491526,0.));
#5011=IFCDIRECTION((0.,0.,1.));
#5012=IFCDIRECTION((1.,0.,0.));
#5013=IFCAXIS2PLACEMENT3D(#5010,#5011,#5012);
#5014=IFCLOCALPLACEMENT(#26,#5013);
#5015=IFCPROPERTYSET('0pExT64CfDBhgARCnXUNXQ',$,'NZEB_ExhibitorInfo',$,(#5017,#5018,#5019,#5020,#5021,#5022,#5023,#5024));
#5016=IFCRELDEFINESBYPROPERTIES('1EHxQd_pX78uYqruN4W5JU',$,$,$,(#5004),#5015);
#5017=IFCPROPERTYSINGLEVALUE('CompanyName',$,IFCLABEL('ECO GARDEN CONSTRUCT'),$);
#5018=IFCPROPERTYSINGLEVALUE('StandNumber',$,IFCLABEL('M5a'),$);
#5019=IFCPROPERTYSINGLEVALUE('Zone',$,IFCLABEL('ZONA 5'),$);
#5020=IFCPROPERTYSINGLEVALUE('AreaSqm',$,IFCREAL(15.3),$);
#5021=IFCPROPERTYSINGLEVALUE('Category',$,IFCLABEL('Gradina, peisagistica si exterior'),$);
#5022=IFCPROPERTYSINGLEVALUE('CategoryCode',$,IFCLABEL('C16'),$);
#5023=IFCPROPERTYSINGLEVALUE('Indoor',$,IFCBOOLEAN(.T.),$);
#5024=IFCPROPERTYSINGLEVALUE('Event',$,IFCLABEL('NZEB Expo Bucuresti 2026'),$);
#5025=IFCCARTESIANPOINT((1.01694915254237,3.6));
#5026=IFCAXIS2PLACEMENT2D(#5025,$);
#5027=IFCRECTANGLEPROFILEDEF(.AREA.,$,#5026,2.03389830508475,7.2);
#5028=IFCCARTESIANPOINT((0.,0.,0.));
#5029=IFCAXIS2PLACEMENT3D(#5028,$,$);
#5030=IFCDIRECTION((0.,0.,1.));
#5031=IFCEXTRUDEDAREASOLID(#5027,#5029,#5030,0.1);
#5032=IFCSTYLEDITEM(#5031,(#101),$);
#5033=IFCCARTESIANPOINT((1.01694915254237,7.16));
#5034=IFCAXIS2PLACEMENT2D(#5033,$);
#5035=IFCRECTANGLEPROFILEDEF(.AREA.,$,#5034,2.03389830508475,0.08);
#5036=IFCCARTESIANPOINT((0.,0.,0.1));
#5037=IFCAXIS2PLACEMENT3D(#5036,$,$);
#5038=IFCDIRECTION((0.,0.,1.));
#5039=IFCEXTRUDEDAREASOLID(#5035,#5037,#5038,2.5);
#5040=IFCSTYLEDITEM(#5039,(#32),$);
#5041=IFCCARTESIANPOINT((0.04,5.2));
#5042=IFCAXIS2PLACEMENT2D(#5041,$);
#5043=IFCRECTANGLEPROFILEDEF(.AREA.,$,#5042,0.08,4.);
#5044=IFCCARTESIANPOINT((0.,0.,0.1));
#5045=IFCAXIS2PLACEMENT3D(#5044,$,$);
#5046=IFCDIRECTION((0.,0.,1.));
#5047=IFCEXTRUDEDAREASOLID(#5043,#5045,#5046,2.5);
#5048=IFCSTYLEDITEM(#5047,(#32),$);
#5049=IFCCARTESIANPOINT((1.99389830508475,5.2));
#5050=IFCAXIS2PLACEMENT2D(#5049,$);
#5051=IFCRECTANGLEPROFILEDEF(.AREA.,$,#5050,0.08,4.);
#5052=IFCCARTESIANPOINT((0.,0.,0.1));
#5053=IFCAXIS2PLACEMENT3D(#5052,$,$);
#5054=IFCDIRECTION((0.,0.,1.));
#5055=IFCEXTRUDEDAREASOLID(#5051,#5053,#5054,2.5);
#5056=IFCSTYLEDITEM(#5055,(#32),$);
#5057=IFCBUILDINGELEMENTPROXY('0_L5Z7919EYBHjnVy8C1nI',$,'N1 - BUILDMAN STORE','Stand expozitional generic - BUILDMAN STORE',$,#5067,#5062,$,$);
#5061=IFCSHAPEREPRESENTATION(#11,'Body','SweptSolid',(#5031,#5039,#5047,#5055));
#5062=IFCPRODUCTDEFINITIONSHAPE($,$,(#5061));
#5063=IFCCARTESIANPOINT((188.013559322034,8.63728813559323,0.));
#5064=IFCDIRECTION((0.,0.,1.));
#5065=IFCDIRECTION((1.,0.,0.));
#5066=IFCAXIS2PLACEMENT3D(#5063,#5064,#5065);
#5067=IFCLOCALPLACEMENT(#26,#5066);
#5068=IFCPROPERTYSET('1Fwc5T0sf6U98vq8laO21e',$,'NZEB_ExhibitorInfo',$,(#5070,#5071,#5072,#5073,#5074,#5075,#5076,#5077));
#5069=IFCRELDEFINESBYPROPERTIES('3SJKFalnbD8fxUlqvEXg3N',$,$,$,(#5057),#5068);
#5070=IFCPROPERTYSINGLEVALUE('CompanyName',$,IFCLABEL('BUILDMAN STORE'),$);
#5071=IFCPROPERTYSINGLEVALUE('StandNumber',$,IFCLABEL('N1'),$);
#5072=IFCPROPERTYSINGLEVALUE('Zone',$,IFCLABEL('ZONA 6'),$);
#5073=IFCPROPERTYSINGLEVALUE('AreaSqm',$,IFCREAL(14.6),$);
#5074=IFCPROPERTYSINGLEVALUE('Category',$,IFCLABEL('Produse si servicii pentru constructii (general)'),$);
#5075=IFCPROPERTYSINGLEVALUE('CategoryCode',$,IFCLABEL('C99'),$);
#5076=IFCPROPERTYSINGLEVALUE('Indoor',$,IFCBOOLEAN(.T.),$);
#5077=IFCPROPERTYSINGLEVALUE('Event',$,IFCLABEL('NZEB Expo Bucuresti 2026'),$);
#5078=IFCCARTESIANPOINT((1.01694915254237,2.04745762711864));
#5079=IFCAXIS2PLACEMENT2D(#5078,$);
#5080=IFCRECTANGLEPROFILEDEF(.AREA.,$,#5079,2.03389830508475,4.09491525423729);
#5081=IFCCARTESIANPOINT((0.,0.,0.));
#5082=IFCAXIS2PLACEMENT3D(#5081,$,$);
#5083=IFCDIRECTION((0.,0.,1.));
#5084=IFCEXTRUDEDAREASOLID(#5080,#5082,#5083,0.1);
#5085=IFCSTYLEDITEM(#5084,(#101),$);
#5086=IFCCARTESIANPOINT((1.01694915254237,4.05491525423729));
#5087=IFCAXIS2PLACEMENT2D(#5086,$);
#5088=IFCRECTANGLEPROFILEDEF(.AREA.,$,#5087,2.03389830508475,0.08);
#5089=IFCCARTESIANPOINT((0.,0.,0.1));
#5090=IFCAXIS2PLACEMENT3D(#5089,$,$);
#5091=IFCDIRECTION((0.,0.,1.));
#5092=IFCEXTRUDEDAREASOLID(#5088,#5090,#5091,2.5);
#5093=IFCSTYLEDITEM(#5092,(#32),$);
#5094=IFCCARTESIANPOINT((0.04,2.8664406779661));
#5095=IFCAXIS2PLACEMENT2D(#5094,$);
#5096=IFCRECTANGLEPROFILEDEF(.AREA.,$,#5095,0.08,2.45694915254237);
#5097=IFCCARTESIANPOINT((0.,0.,0.1));
#5098=IFCAXIS2PLACEMENT3D(#5097,$,$);
#5099=IFCDIRECTION((0.,0.,1.));
#5100=IFCEXTRUDEDAREASOLID(#5096,#5098,#5099,2.5);
#5101=IFCSTYLEDITEM(#5100,(#32),$);
#5102=IFCCARTESIANPOINT((1.99389830508475,2.8664406779661));
#5103=IFCAXIS2PLACEMENT2D(#5102,$);
#5104=IFCRECTANGLEPROFILEDEF(.AREA.,$,#5103,0.08,2.45694915254237);
#5105=IFCCARTESIANPOINT((0.,0.,0.1));
#5106=IFCAXIS2PLACEMENT3D(#5105,$,$);
#5107=IFCDIRECTION((0.,0.,1.));
#5108=IFCEXTRUDEDAREASOLID(#5104,#5106,#5107,2.5);
#5109=IFCSTYLEDITEM(#5108,(#32),$);
#5110=IFCBUILDINGELEMENTPROXY('1Os7_McZb6HP_Sf0re01Rk',$,'N2 - AMBIANZ SIEGENIA','Stand expozitional generic - AMBIANZ SIEGENIA',$,#5120,#5115,$,$);
#5114=IFCSHAPEREPRESENTATION(#11,'Body','SweptSolid',(#5084,#5092,#5100,#5108));
#5115=IFCPRODUCTDEFINITIONSHAPE($,$,(#5114));
#5116=IFCCARTESIANPOINT((187.918644067797,15.7966101694915,0.));
#5117=IFCDIRECTION((0.,0.,1.));
#5118=IFCDIRECTION((1.,0.,0.));
#5119=IFCAXIS2PLACEMENT3D(#5116,#5117,#5118);
#5120=IFCLOCALPLACEMENT(#26,#5119);
#5121=IFCPROPERTYSET('0n$tgODm9AUwR$U6STjiGE',$,'NZEB_ExhibitorInfo',$,(#5123,#5124,#5125,#5126,#5127,#5128,#5129,#5130,#5131));
#5122=IFCRELDEFINESBYPROPERTIES('1lsiSXfaT7xg2UvI78uUgV',$,$,$,(#5110),#5121);
#5123=IFCPROPERTYSINGLEVALUE('CompanyName',$,IFCLABEL('AMBIANZ SIEGENIA'),$);
#5124=IFCPROPERTYSINGLEVALUE('StandNumber',$,IFCLABEL('N2'),$);
#5125=IFCPROPERTYSINGLEVALUE('Zone',$,IFCLABEL('ZONA 6'),$);
#5126=IFCPROPERTYSINGLEVALUE('AreaSqm',$,IFCREAL(8.3),$);
#5127=IFCPROPERTYSINGLEVALUE('Category',$,IFCLABEL('Ferestre, usi, fatade si tamplarie'),$);
#5128=IFCPROPERTYSINGLEVALUE('CategoryCode',$,IFCLABEL('C02'),$);
#5129=IFCPROPERTYSINGLEVALUE('Indoor',$,IFCBOOLEAN(.T.),$);
#5130=IFCPROPERTYSINGLEVALUE('Event',$,IFCLABEL('NZEB Expo Bucuresti 2026'),$);
#5131=IFCPROPERTYSINGLEVALUE('Website',$,IFCLABEL('https://www.siegenia.com'),$);
#5132=IFCCARTESIANPOINT((2.26440677966102,0.569491525423729));
#5133=IFCAXIS2PLACEMENT2D(#5132,$);
#5134=IFCRECTANGLEPROFILEDEF(.AREA.,$,#5133,4.52881355932203,1.13898305084746);
#5135=IFCCARTESIANPOINT((0.,0.,0.));
#5136=IFCAXIS2PLACEMENT3D(#5135,$,$);
#5137=IFCDIRECTION((0.,0.,1.));
#5138=IFCEXTRUDEDAREASOLID(#5134,#5136,#5137,0.1);
#5139=IFCSTYLEDITEM(#5138,(#101),$);
#5140=IFCCARTESIANPOINT((2.26440677966102,1.09898305084746));
#5141=IFCAXIS2PLACEMENT2D(#5140,$);
#5142=IFCRECTANGLEPROFILEDEF(.AREA.,$,#5141,4.52881355932203,0.08);
#5143=IFCCARTESIANPOINT((0.,0.,0.1));
#5144=IFCAXIS2PLACEMENT3D(#5143,$,$);
#5145=IFCDIRECTION((0.,0.,1.));
#5146=IFCEXTRUDEDAREASOLID(#5142,#5144,#5145,2.5);
#5147=IFCSTYLEDITEM(#5146,(#32),$);
#5148=IFCCARTESIANPOINT((0.04,0.79728813559322));
#5149=IFCAXIS2PLACEMENT2D(#5148,$);
#5150=IFCRECTANGLEPROFILEDEF(.AREA.,$,#5149,0.08,0.683389830508475);
#5151=IFCCARTESIANPOINT((0.,0.,0.1));
#5152=IFCAXIS2PLACEMENT3D(#5151,$,$);
#5153=IFCDIRECTION((0.,0.,1.));
#5154=IFCEXTRUDEDAREASOLID(#5150,#5152,#5153,2.5);
#5155=IFCSTYLEDITEM(#5154,(#32),$);
#5156=IFCCARTESIANPOINT((4.48881355932203,0.79728813559322));
#5157=IFCAXIS2PLACEMENT2D(#5156,$);
#5158=IFCRECTANGLEPROFILEDEF(.AREA.,$,#5157,0.08,0.683389830508475);
#5159=IFCCARTESIANPOINT((0.,0.,0.1));
#5160=IFCAXIS2PLACEMENT3D(#5159,$,$);
#5161=IFCDIRECTION((0.,0.,1.));
#5162=IFCEXTRUDEDAREASOLID(#5158,#5160,#5161,2.5);
#5163=IFCSTYLEDITEM(#5162,(#32),$);
#5164=IFCBUILDINGELEMENTPROXY('0MD1KpP9z2Qe4R4VMWGsvx',$,'B7a - AIRO VENT','Stand expozitional generic - AIRO VENT',$,#5174,#5169,$,$);
#5168=IFCSHAPEREPRESENTATION(#11,'Body','SweptSolid',(#5138,#5146,#5154,#5162));
#5169=IFCPRODUCTDEFINITIONSHAPE($,$,(#5168));
#5170=IFCCARTESIANPOINT((155.240677966102,32.3254237288136,0.));
#5171=IFCDIRECTION((0.,0.,1.));
#5172=IFCDIRECTION((1.,0.,0.));
#5173=IFCAXIS2PLACEMENT3D(#5170,#5171,#5172);
#5174=IFCLOCALPLACEMENT(#26,#5173);
#5175=IFCPROPERTYSET('0Tpv03tM95MuhG59gYi5b_',$,'NZEB_ExhibitorInfo',$,(#5177,#5178,#5179,#5180,#5181,#5182,#5183,#5184));
#5176=IFCRELDEFINESBYPROPERTIES('1Plx0hoLfF3gUsKLZ64lEE',$,$,$,(#5164),#5175);
#5177=IFCPROPERTYSINGLEVALUE('CompanyName',$,IFCLABEL('AIRO VENT'),$);
#5178=IFCPROPERTYSINGLEVALUE('StandNumber',$,IFCLABEL('B7a'),$);
#5179=IFCPROPERTYSINGLEVALUE('Zone',$,IFCLABEL('ZONA 6'),$);
#5180=IFCPROPERTYSINGLEVALUE('AreaSqm',$,IFCREAL(5.2),$);
#5181=IFCPROPERTYSINGLEVALUE('Category',$,IFCLABEL('HVAC, incalzire, ventilatie si instalatii'),$);
#5182=IFCPROPERTYSINGLEVALUE('CategoryCode',$,IFCLABEL('C03'),$);
#5183=IFCPROPERTYSINGLEVALUE('Indoor',$,IFCBOOLEAN(.T.),$);
#5184=IFCPROPERTYSINGLEVALUE('Event',$,IFCLABEL('NZEB Expo Bucuresti 2026'),$);
#5185=IFCCARTESIANPOINT((3.41694915254237,0.569491525423729));
#5186=IFCAXIS2PLACEMENT2D(#5185,$);
#5187=IFCRECTANGLEPROFILEDEF(.AREA.,$,#5186,6.83389830508475,1.13898305084746);
#5188=IFCCARTESIANPOINT((0.,0.,0.));
#5189=IFCAXIS2PLACEMENT3D(#5188,$,$);
#5190=IFCDIRECTION((0.,0.,1.));
#5191=IFCEXTRUDEDAREASOLID(#5187,#5189,#5190,0.1);
#5192=IFCSTYLEDITEM(#5191,(#101),$);
#5193=IFCCARTESIANPOINT((3.41694915254237,1.09898305084746));
#5194=IFCAXIS2PLACEMENT2D(#5193,$);
#5195=IFCRECTANGLEPROFILEDEF(.AREA.,$,#5194,6.83389830508475,0.08);
#5196=IFCCARTESIANPOINT((0.,0.,0.1));
#5197=IFCAXIS2PLACEMENT3D(#5196,$,$);
#5198=IFCDIRECTION((0.,0.,1.));
#5199=IFCEXTRUDEDAREASOLID(#5195,#5197,#5198,2.5);
#5200=IFCSTYLEDITEM(#5199,(#32),$);
#5201=IFCCARTESIANPOINT((0.04,0.79728813559322));
#5202=IFCAXIS2PLACEMENT2D(#5201,$);
#5203=IFCRECTANGLEPROFILEDEF(.AREA.,$,#5202,0.08,0.683389830508475);
#5204=IFCCARTESIANPOINT((0.,0.,0.1));
#5205=IFCAXIS2PLACEMENT3D(#5204,$,$);
#5206=IFCDIRECTION((0.,0.,1.));
#5207=IFCEXTRUDEDAREASOLID(#5203,#5205,#5206,2.5);
#5208=IFCSTYLEDITEM(#5207,(#32),$);
#5209=IFCCARTESIANPOINT((6.79389830508475,0.79728813559322));
#5210=IFCAXIS2PLACEMENT2D(#5209,$);
#5211=IFCRECTANGLEPROFILEDEF(.AREA.,$,#5210,0.08,0.683389830508475);
#5212=IFCCARTESIANPOINT((0.,0.,0.1));
#5213=IFCAXIS2PLACEMENT3D(#5212,$,$);
#5214=IFCDIRECTION((0.,0.,1.));
#5215=IFCEXTRUDEDAREASOLID(#5211,#5213,#5214,2.5);
#5216=IFCSTYLEDITEM(#5215,(#32),$);
#5217=IFCBUILDINGELEMENTPROXY('0emjkNvEn9pBAW$Y_elo0r',$,'B7b - KONNO MCO PREMIUM','Stand expozitional generic - KONNO MCO PREMIUM',$,#5227,#5222,$,$);
#5221=IFCSHAPEREPRESENTATION(#11,'Body','SweptSolid',(#5191,#5199,#5207,#5215));
#5222=IFCPRODUCTDEFINITIONSHAPE($,$,(#5221));
#5223=IFCCARTESIANPOINT((159.75593220339,32.3254237288136,0.));
#5224=IFCDIRECTION((0.,0.,1.));
#5225=IFCDIRECTION((1.,0.,0.));
#5226=IFCAXIS2PLACEMENT3D(#5223,#5224,#5225);
#5227=IFCLOCALPLACEMENT(#26,#5226);
#5228=IFCPROPERTYSET('24qQzE5VD4Xv62Ghbt0134',$,'NZEB_ExhibitorInfo',$,(#5230,#5231,#5232,#5233,#5234,#5235,#5236,#5237));
#5229=IFCRELDEFINESBYPROPERTIES('0Hp_jWBpX7AgrW_d7L_jxb',$,$,$,(#5217),#5228);
#5230=IFCPROPERTYSINGLEVALUE('CompanyName',$,IFCLABEL('KONNO MCO PREMIUM'),$);
#5231=IFCPROPERTYSINGLEVALUE('StandNumber',$,IFCLABEL('B7b'),$);
#5232=IFCPROPERTYSINGLEVALUE('Zone',$,IFCLABEL('ZONA 6'),$);
#5233=IFCPROPERTYSINGLEVALUE('AreaSqm',$,IFCREAL(7.8),$);
#5234=IFCPROPERTYSINGLEVALUE('Category',$,IFCLABEL('Produse si servicii pentru constructii (general)'),$);
#5235=IFCPROPERTYSINGLEVALUE('CategoryCode',$,IFCLABEL('C99'),$);
#5236=IFCPROPERTYSINGLEVALUE('Indoor',$,IFCBOOLEAN(.T.),$);
#5237=IFCPROPERTYSINGLEVALUE('Event',$,IFCLABEL('NZEB Expo Bucuresti 2026'),$);
#5238=IFCCARTESIANPOINT((3.76271186440678,2.02033898305085));
#5239=IFCAXIS2PLACEMENT2D(#5238,$);
#5240=IFCRECTANGLEPROFILEDEF(.AREA.,$,#5239,7.52542372881356,4.0406779661017);
#5241=IFCCARTESIANPOINT((0.,0.,0.));
#5242=IFCAXIS2PLACEMENT3D(#5241,$,$);
#5243=IFCDIRECTION((0.,0.,1.));
#5244=IFCEXTRUDEDAREASOLID(#5240,#5242,#5243,0.1);
#5245=IFCSTYLEDITEM(#5244,(#98),$);
#5246=IFCCARTESIANPOINT((3.76271186440678,4.0006779661017));
#5247=IFCAXIS2PLACEMENT2D(#5246,$);
#5248=IFCRECTANGLEPROFILEDEF(.AREA.,$,#5247,7.52542372881356,0.08);
#5249=IFCCARTESIANPOINT((0.,0.,0.1));
#5250=IFCAXIS2PLACEMENT3D(#5249,$,$);
#5251=IFCDIRECTION((0.,0.,1.));
#5252=IFCEXTRUDEDAREASOLID(#5248,#5250,#5251,2.5);
#5253=IFCSTYLEDITEM(#5252,(#32),$);
#5254=IFCCARTESIANPOINT((0.04,2.82847457627119));
#5255=IFCAXIS2PLACEMENT2D(#5254,$);
#5256=IFCRECTANGLEPROFILEDEF(.AREA.,$,#5255,0.08,2.42440677966102);
#5257=IFCCARTESIANPOINT((0.,0.,0.1));
#5258=IFCAXIS2PLACEMENT3D(#5257,$,$);
#5259=IFCDIRECTION((0.,0.,1.));
#5260=IFCEXTRUDEDAREASOLID(#5256,#5258,#5259,2.5);
#5261=IFCSTYLEDITEM(#5260,(#32),$);
#5262=IFCCARTESIANPOINT((7.48542372881356,2.82847457627119));
#5263=IFCAXIS2PLACEMENT2D(#5262,$);
#5264=IFCRECTANGLEPROFILEDEF(.AREA.,$,#5263,0.08,2.42440677966102);
#5265=IFCCARTESIANPOINT((0.,0.,0.1));
#5266=IFCAXIS2PLACEMENT3D(#5265,$,$);
#5267=IFCDIRECTION((0.,0.,1.));
#5268=IFCEXTRUDEDAREASOLID(#5264,#5266,#5267,2.5);
#5269=IFCSTYLEDITEM(#5268,(#32),$);
#5270=IFCBUILDINGELEMENTPROXY('3Na9dPs5P3qQYBP3X0q6jr',$,'F9 - MENATWORK','Stand expozitional generic - MENATWORK',$,#5280,#5275,$,$);
#5274=IFCSHAPEREPRESENTATION(#11,'Body','SweptSolid',(#5244,#5252,#5260,#5268));
#5275=IFCPRODUCTDEFINITIONSHAPE($,$,(#5274));
#5276=IFCCARTESIANPOINT((95.6745762711864,37.0847457627119,0.));
#5277=IFCDIRECTION((0.,0.,1.));
#5278=IFCDIRECTION((1.,0.,0.));
#5279=IFCAXIS2PLACEMENT3D(#5276,#5277,#5278);
#5280=IFCLOCALPLACEMENT(#26,#5279);
#5281=IFCPROPERTYSET('06jPYYeF16IwjZDsx1MApp',$,'NZEB_ExhibitorInfo',$,(#5283,#5284,#5285,#5286,#5287,#5288,#5289,#5290,#5291));
#5282=IFCRELDEFINESBYPROPERTIES('0va_k4vFDA79AjsFHA3d_Q',$,$,$,(#5270),#5281);
#5283=IFCPROPERTYSINGLEVALUE('CompanyName',$,IFCLABEL('MENATWORK'),$);
#5284=IFCPROPERTYSINGLEVALUE('StandNumber',$,IFCLABEL('F9'),$);
#5285=IFCPROPERTYSINGLEVALUE('Zone',$,IFCLABEL('ZONA 5'),$);
#5286=IFCPROPERTYSINGLEVALUE('AreaSqm',$,IFCREAL(30.4),$);
#5287=IFCPROPERTYSINGLEVALUE('Category',$,IFCLABEL('Materiale de constructii'),$);
#5288=IFCPROPERTYSINGLEVALUE('CategoryCode',$,IFCLABEL('C05'),$);
#5289=IFCPROPERTYSINGLEVALUE('Indoor',$,IFCBOOLEAN(.T.),$);
#5290=IFCPROPERTYSINGLEVALUE('Event',$,IFCLABEL('NZEB Expo Bucuresti 2026'),$);
#5291=IFCPROPERTYSINGLEVALUE('Website',$,IFCLABEL('https://www.menatwork.ro'),$);
#5292=IFCCARTESIANPOINT((2.82033898305085,2.03389830508475));
#5293=IFCAXIS2PLACEMENT2D(#5292,$);
#5294=IFCRECTANGLEPROFILEDEF(.AREA.,$,#5293,5.64067796610169,4.06779661016949);
#5295=IFCCARTESIANPOINT((0.,0.,0.));
#5296=IFCAXIS2PLACEMENT3D(#5295,$,$);
#5297=IFCDIRECTION((0.,0.,1.));
#5298=IFCEXTRUDEDAREASOLID(#5294,#5296,#5297,0.1);
#5299=IFCSTYLEDITEM(#5298,(#98),$);
#5300=IFCCARTESIANPOINT((2.82033898305085,4.02779661016949));
#5301=IFCAXIS2PLACEMENT2D(#5300,$);
#5302=IFCRECTANGLEPROFILEDEF(.AREA.,$,#5301,5.64067796610169,0.08);
#5303=IFCCARTESIANPOINT((0.,0.,0.1));
#5304=IFCAXIS2PLACEMENT3D(#5303,$,$);
#5305=IFCDIRECTION((0.,0.,1.));
#5306=IFCEXTRUDEDAREASOLID(#5302,#5304,#5305,2.5);
#5307=IFCSTYLEDITEM(#5306,(#32),$);
#5308=IFCCARTESIANPOINT((0.04,2.84745762711864));
#5309=IFCAXIS2PLACEMENT2D(#5308,$);
#5310=IFCRECTANGLEPROFILEDEF(.AREA.,$,#5309,0.08,2.44067796610169);
#5311=IFCCARTESIANPOINT((0.,0.,0.1));
#5312=IFCAXIS2PLACEMENT3D(#5311,$,$);
#5313=IFCDIRECTION((0.,0.,1.));
#5314=IFCEXTRUDEDAREASOLID(#5310,#5312,#5313,2.5);
#5315=IFCSTYLEDITEM(#5314,(#32),$);
#5316=IFCCARTESIANPOINT((5.60067796610169,2.84745762711864));
#5317=IFCAXIS2PLACEMENT2D(#5316,$);
#5318=IFCRECTANGLEPROFILEDEF(.AREA.,$,#5317,0.08,2.44067796610169);
#5319=IFCCARTESIANPOINT((0.,0.,0.1));
#5320=IFCAXIS2PLACEMENT3D(#5319,$,$);
#5321=IFCDIRECTION((0.,0.,1.));
#5322=IFCEXTRUDEDAREASOLID(#5318,#5320,#5321,2.5);
#5323=IFCSTYLEDITEM(#5322,(#32),$);
#5324=IFCBUILDINGELEMENTPROXY('2X36WMVJv18O4lbQYFiioj',$,'F7 - HPLUX','Stand expozitional generic - HPLUX',$,#5334,#5329,$,$);
#5328=IFCSHAPEREPRESENTATION(#11,'Body','SweptSolid',(#5298,#5306,#5314,#5322));
#5329=IFCPRODUCTDEFINITIONSHAPE($,$,(#5328));
#5330=IFCCARTESIANPOINT((103.213559322034,33.0305084745763,0.));
#5331=IFCDIRECTION((0.,0.,1.));
#5332=IFCDIRECTION((1.,0.,0.));
#5333=IFCAXIS2PLACEMENT3D(#5330,#5331,#5332);
#5334=IFCLOCALPLACEMENT(#26,#5333);
#5335=IFCPROPERTYSET('3ddho8SBT3PfLVe2hF_93h',$,'NZEB_ExhibitorInfo',$,(#5337,#5338,#5339,#5340,#5341,#5342,#5343,#5344));
#5336=IFCRELDEFINESBYPROPERTIES('1KGMqWD3D3KBhAKrkxWdFL',$,$,$,(#5324),#5335);
#5337=IFCPROPERTYSINGLEVALUE('CompanyName',$,IFCLABEL('HPLUX'),$);
#5338=IFCPROPERTYSINGLEVALUE('StandNumber',$,IFCLABEL('F7'),$);
#5339=IFCPROPERTYSINGLEVALUE('Zone',$,IFCLABEL('ZONA 5'),$);
#5340=IFCPROPERTYSINGLEVALUE('AreaSqm',$,IFCREAL(22.9),$);
#5341=IFCPROPERTYSINGLEVALUE('Category',$,IFCLABEL('Produse si servicii pentru constructii (general)'),$);
#5342=IFCPROPERTYSINGLEVALUE('CategoryCode',$,IFCLABEL('C99'),$);
#5343=IFCPROPERTYSINGLEVALUE('Indoor',$,IFCBOOLEAN(.T.),$);
#5344=IFCPROPERTYSINGLEVALUE('Event',$,IFCLABEL('NZEB Expo Bucuresti 2026'),$);
#5345=IFCCARTESIANPOINT((5.57966101694915,2.53559322033898));
#5346=IFCAXIS2PLACEMENT2D(#5345,$);
#5347=IFCRECTANGLEPROFILEDEF(.AREA.,$,#5346,11.1593220338983,5.07118644067797);
#5348=IFCCARTESIANPOINT((0.,0.,0.));
#5349=IFCAXIS2PLACEMENT3D(#5348,$,$);
#5350=IFCDIRECTION((0.,0.,1.));
#5351=IFCEXTRUDEDAREASOLID(#5347,#5349,#5350,0.1);
#5352=IFCSTYLEDITEM(#5351,(#101),$);
#5353=IFCCARTESIANPOINT((5.57966101694915,5.03118644067797));
#5354=IFCAXIS2PLACEMENT2D(#5353,$);
#5355=IFCRECTANGLEPROFILEDEF(.AREA.,$,#5354,11.1593220338983,0.08);
#5356=IFCCARTESIANPOINT((0.,0.,0.1));
#5357=IFCAXIS2PLACEMENT3D(#5356,$,$);
#5358=IFCDIRECTION((0.,0.,1.));
#5359=IFCEXTRUDEDAREASOLID(#5355,#5357,#5358,2.5);
#5360=IFCSTYLEDITEM(#5359,(#32),$);
#5361=IFCCARTESIANPOINT((0.04,3.54983050847458));
#5362=IFCAXIS2PLACEMENT2D(#5361,$);
#5363=IFCRECTANGLEPROFILEDEF(.AREA.,$,#5362,0.08,3.04271186440678);
#5364=IFCCARTESIANPOINT((0.,0.,0.1));
#5365=IFCAXIS2PLACEMENT3D(#5364,$,$);
#5366=IFCDIRECTION((0.,0.,1.));
#5367=IFCEXTRUDEDAREASOLID(#5363,#5365,#5366,2.5);
#5368=IFCSTYLEDITEM(#5367,(#32),$);
#5369=IFCCARTESIANPOINT((11.1193220338983,3.54983050847458));
#5370=IFCAXIS2PLACEMENT2D(#5369,$);
#5371=IFCRECTANGLEPROFILEDEF(.AREA.,$,#5370,0.08,3.04271186440678);
#5372=IFCCARTESIANPOINT((0.,0.,0.1));
#5373=IFCAXIS2PLACEMENT3D(#5372,$,$);
#5374=IFCDIRECTION((0.,0.,1.));
#5375=IFCEXTRUDEDAREASOLID(#5371,#5373,#5374,2.5);
#5376=IFCSTYLEDITEM(#5375,(#32),$);
#5377=IFCBUILDINGELEMENTPROXY('1TerA4ggD5efvcm_NFmTth',$,'M0 - Universitatea de Arhitectura si Urbanism Ion Mincu','Stand expozitional generic - Universitatea de Arhitectura si Urbanism Ion Mincu',$,#5387,#5382,$,$);
#5381=IFCSHAPEREPRESENTATION(#11,'Body','SweptSolid',(#5351,#5359,#5367,#5375));
#5382=IFCPRODUCTDEFINITIONSHAPE($,$,(#5381));
#5383=IFCCARTESIANPOINT((178.901694915254,1.20677966101696,0.));
#5384=IFCDIRECTION((0.,0.,1.));
#5385=IFCDIRECTION((1.,0.,0.));
#5386=IFCAXIS2PLACEMENT3D(#5383,#5384,#5385);
#5387=IFCLOCALPLACEMENT(#26,#5386);
#5388=IFCPROPERTYSET('1f4GDVjX954RsjLhhyLNyS',$,'NZEB_ExhibitorInfo',$,(#5390,#5391,#5392,#5393,#5394,#5395,#5396,#5397,#5398));
#5389=IFCRELDEFINESBYPROPERTIES('1n1ejt4gb63vnIkSIp_xTN',$,$,$,(#5377),#5388);
#5390=IFCPROPERTYSINGLEVALUE('CompanyName',$,IFCLABEL('Universitatea de Arhitectura si Urbanism Ion Mincu'),$);
#5391=IFCPROPERTYSINGLEVALUE('StandNumber',$,IFCLABEL('M0'),$);
#5392=IFCPROPERTYSINGLEVALUE('Zone',$,IFCLABEL('ZONA 6'),$);
#5393=IFCPROPERTYSINGLEVALUE('AreaSqm',$,IFCREAL(56.6),$);
#5394=IFCPROPERTYSINGLEVALUE('Category',$,IFCLABEL('Educatie, asociatii si ONG'),$);
#5395=IFCPROPERTYSINGLEVALUE('CategoryCode',$,IFCLABEL('C13'),$);
#5396=IFCPROPERTYSINGLEVALUE('Indoor',$,IFCBOOLEAN(.T.),$);
#5397=IFCPROPERTYSINGLEVALUE('Event',$,IFCLABEL('NZEB Expo Bucuresti 2026'),$);
#5398=IFCPROPERTYSINGLEVALUE('Website',$,IFCLABEL('https://www.uauim.ro'),$);
#5399=IFCCARTESIANPOINT((4.31864406779661,2.93559322033898));
#5400=IFCAXIS2PLACEMENT2D(#5399,$);
#5401=IFCRECTANGLEPROFILEDEF(.AREA.,$,#5400,8.63728813559322,5.87118644067797);
#5402=IFCCARTESIANPOINT((0.,0.,0.));
#5403=IFCAXIS2PLACEMENT3D(#5402,$,$);
#5404=IFCDIRECTION((0.,0.,1.));
#5405=IFCEXTRUDEDAREASOLID(#5401,#5403,#5404,0.1);
#5406=IFCSTYLEDITEM(#5405,(#89),$);
#5407=IFCCARTESIANPOINT((4.31864406779661,5.83118644067797));
#5408=IFCAXIS2PLACEMENT2D(#5407,$);
#5409=IFCRECTANGLEPROFILEDEF(.AREA.,$,#5408,8.63728813559322,0.08);
#5410=IFCCARTESIANPOINT((0.,0.,0.1));
#5411=IFCAXIS2PLACEMENT3D(#5410,$,$);
#5412=IFCDIRECTION((0.,0.,1.));
#5413=IFCEXTRUDEDAREASOLID(#5409,#5411,#5412,2.5);
#5414=IFCSTYLEDITEM(#5413,(#32),$);
#5415=IFCCARTESIANPOINT((0.04,4.10983050847458));
#5416=IFCAXIS2PLACEMENT2D(#5415,$);
#5417=IFCRECTANGLEPROFILEDEF(.AREA.,$,#5416,0.08,3.52271186440678);
#5418=IFCCARTESIANPOINT((0.,0.,0.1));
#5419=IFCAXIS2PLACEMENT3D(#5418,$,$);
#5420=IFCDIRECTION((0.,0.,1.));
#5421=IFCEXTRUDEDAREASOLID(#5417,#5419,#5420,2.5);
#5422=IFCSTYLEDITEM(#5421,(#32),$);
#5423=IFCCARTESIANPOINT((8.59728813559322,4.10983050847458));
#5424=IFCAXIS2PLACEMENT2D(#5423,$);
#5425=IFCRECTANGLEPROFILEDEF(.AREA.,$,#5424,0.08,3.52271186440678);
#5426=IFCCARTESIANPOINT((0.,0.,0.1));
#5427=IFCAXIS2PLACEMENT3D(#5426,$,$);
#5428=IFCDIRECTION((0.,0.,1.));
#5429=IFCEXTRUDEDAREASOLID(#5425,#5427,#5428,2.5);
#5430=IFCSTYLEDITEM(#5429,(#32),$);
#5431=IFCBUILDINGELEMENTPROXY('3XDXUG1uXA7gXVSWEsdJJB',$,'N12 - INGINERIE CREATIVA','Stand expozitional generic - INGINERIE CREATIVA',$,#5441,#5436,$,$);
#5435=IFCSHAPEREPRESENTATION(#11,'Body','SweptSolid',(#5405,#5413,#5421,#5429));
#5436=IFCPRODUCTDEFINITIONSHAPE($,$,(#5435));
#5437=IFCCARTESIANPOINT((73.3830508474576,78.9152542372882,0.));
#5438=IFCDIRECTION((0.,0.,1.));
#5439=IFCDIRECTION((1.,0.,0.));
#5440=IFCAXIS2PLACEMENT3D(#5437,#5438,#5439);
#5441=IFCLOCALPLACEMENT(#26,#5440);
#5442=IFCPROPERTYSET('0PxBR3RJTFge7Dm2mTwzEF',$,'NZEB_ExhibitorInfo',$,(#5444,#5445,#5446,#5447,#5448,#5449,#5450,#5451));
#5443=IFCRELDEFINESBYPROPERTIES('2bKbte$7PDJQqRty0JrLKt',$,$,$,(#5431),#5442);
#5444=IFCPROPERTYSINGLEVALUE('CompanyName',$,IFCLABEL('INGINERIE CREATIVA'),$);
#5445=IFCPROPERTYSINGLEVALUE('StandNumber',$,IFCLABEL('N12'),$);
#5446=IFCPROPERTYSINGLEVALUE('Zone',$,IFCLABEL('ZONA 2'),$);
#5447=IFCPROPERTYSINGLEVALUE('AreaSqm',$,IFCREAL(50.7),$);
#5448=IFCPROPERTYSINGLEVALUE('Category',$,IFCLABEL('Arhitectura, inginerie si antreprenoriat constructii'),$);
#5449=IFCPROPERTYSINGLEVALUE('CategoryCode',$,IFCLABEL('C12'),$);
#5450=IFCPROPERTYSINGLEVALUE('Indoor',$,IFCBOOLEAN(.T.),$);
#5451=IFCPROPERTYSINGLEVALUE('Event',$,IFCLABEL('NZEB Expo Bucuresti 2026'),$);
#5452=IFCCARTESIANPOINT((12.0474576271186,2.93559322033898));
#5453=IFCAXIS2PLACEMENT2D(#5452,$);
#5454=IFCRECTANGLEPROFILEDEF(.AREA.,$,#5453,24.0949152542373,5.87118644067797);
#5455=IFCCARTESIANPOINT((0.,0.,0.));
#5456=IFCAXIS2PLACEMENT3D(#5455,$,$);
#5457=IFCDIRECTION((0.,0.,1.));
#5458=IFCEXTRUDEDAREASOLID(#5454,#5456,#5457,0.1);
#5459=IFCSTYLEDITEM(#5458,(#89),$);
#5460=IFCCARTESIANPOINT((12.0474576271186,5.83118644067797));
#5461=IFCAXIS2PLACEMENT2D(#5460,$);
#5462=IFCRECTANGLEPROFILEDEF(.AREA.,$,#5461,24.0949152542373,0.08);
#5463=IFCCARTESIANPOINT((0.,0.,0.1));
#5464=IFCAXIS2PLACEMENT3D(#5463,$,$);
#5465=IFCDIRECTION((0.,0.,1.));
#5466=IFCEXTRUDEDAREASOLID(#5462,#5464,#5465,2.5);
#5467=IFCSTYLEDITEM(#5466,(#32),$);
#5468=IFCCARTESIANPOINT((0.04,4.10983050847458));
#5469=IFCAXIS2PLACEMENT2D(#5468,$);
#5470=IFCRECTANGLEPROFILEDEF(.AREA.,$,#5469,0.08,3.52271186440678);
#5471=IFCCARTESIANPOINT((0.,0.,0.1));
#5472=IFCAXIS2PLACEMENT3D(#5471,$,$);
#5473=IFCDIRECTION((0.,0.,1.));
#5474=IFCEXTRUDEDAREASOLID(#5470,#5472,#5473,2.5);
#5475=IFCSTYLEDITEM(#5474,(#32),$);
#5476=IFCCARTESIANPOINT((24.0549152542373,4.10983050847458));
#5477=IFCAXIS2PLACEMENT2D(#5476,$);
#5478=IFCRECTANGLEPROFILEDEF(.AREA.,$,#5477,0.08,3.52271186440678);
#5479=IFCCARTESIANPOINT((0.,0.,0.1));
#5480=IFCAXIS2PLACEMENT3D(#5479,$,$);
#5481=IFCDIRECTION((0.,0.,1.));
#5482=IFCEXTRUDEDAREASOLID(#5478,#5480,#5481,2.5);
#5483=IFCSTYLEDITEM(#5482,(#32),$);
#5484=IFCBUILDINGELEMENTPROXY('3RioduriHCWxGJVhqwjXp4',$,'HUBUL LEMMNULUI','Stand expozitional generic - HUBUL LEMMNULUI',$,#5494,#5489,$,$);
#5488=IFCSHAPEREPRESENTATION(#11,'Body','SweptSolid',(#5458,#5466,#5474,#5482));
#5489=IFCPRODUCTDEFINITIONSHAPE($,$,(#5488));
#5490=IFCCARTESIANPOINT((105.925423728814,78.9152542372882,0.));
#5491=IFCDIRECTION((0.,0.,1.));
#5492=IFCDIRECTION((1.,0.,0.));
#5493=IFCAXIS2PLACEMENT3D(#5490,#5491,#5492);
#5494=IFCLOCALPLACEMENT(#26,#5493);
#5495=IFCPROPERTYSET('08RI4F8_bC4BGTZZydQLod',$,'NZEB_ExhibitorInfo',$,(#5497,#5498,#5499,#5500,#5501,#5502,#5503,#5504));
#5496=IFCRELDEFINESBYPROPERTIES('2s56Wx3T5Eke2SHyLk7NyO',$,$,$,(#5484),#5495);
#5497=IFCPROPERTYSINGLEVALUE('CompanyName',$,IFCLABEL('HUBUL LEMMNULUI'),$);
#5498=IFCPROPERTYSINGLEVALUE('StandNumber',$,IFCLABEL(''),$);
#5499=IFCPROPERTYSINGLEVALUE('Zone',$,IFCLABEL('ZONA 2'),$);
#5500=IFCPROPERTYSINGLEVALUE('AreaSqm',$,IFCREAL(141.5),$);
#5501=IFCPROPERTYSINGLEVALUE('Category',$,IFCLABEL('Constructii si structuri din lemn'),$);
#5502=IFCPROPERTYSINGLEVALUE('CategoryCode',$,IFCLABEL('C22'),$);
#5503=IFCPROPERTYSINGLEVALUE('Indoor',$,IFCBOOLEAN(.T.),$);
#5504=IFCPROPERTYSINGLEVALUE('Event',$,IFCLABEL('NZEB Expo Bucuresti 2026'),$);
#5505=IFCCARTESIANPOINT((5.31525423728814,2.93559322033898));
#5506=IFCAXIS2PLACEMENT2D(#5505,$);
#5507=IFCRECTANGLEPROFILEDEF(.AREA.,$,#5506,10.6305084745763,5.87118644067797);
#5508=IFCCARTESIANPOINT((0.,0.,0.));
#5509=IFCAXIS2PLACEMENT3D(#5508,$,$);
#5510=IFCDIRECTION((0.,0.,1.));
#5511=IFCEXTRUDEDAREASOLID(#5507,#5509,#5510,0.1);
#5512=IFCSTYLEDITEM(#5511,(#89),$);
#5513=IFCCARTESIANPOINT((5.31525423728814,5.83118644067797));
#5514=IFCAXIS2PLACEMENT2D(#5513,$);
#5515=IFCRECTANGLEPROFILEDEF(.AREA.,$,#5514,10.6305084745763,0.08);
#5516=IFCCARTESIANPOINT((0.,0.,0.1));
#5517=IFCAXIS2PLACEMENT3D(#5516,$,$);
#5518=IFCDIRECTION((0.,0.,1.));
#5519=IFCEXTRUDEDAREASOLID(#5515,#5517,#5518,2.5);
#5520=IFCSTYLEDITEM(#5519,(#32),$);
#5521=IFCCARTESIANPOINT((0.04,4.10983050847458));
#5522=IFCAXIS2PLACEMENT2D(#5521,$);
#5523=IFCRECTANGLEPROFILEDEF(.AREA.,$,#5522,0.08,3.52271186440678);
#5524=IFCCARTESIANPOINT((0.,0.,0.1));
#5525=IFCAXIS2PLACEMENT3D(#5524,$,$);
#5526=IFCDIRECTION((0.,0.,1.));
#5527=IFCEXTRUDEDAREASOLID(#5523,#5525,#5526,2.5);
#5528=IFCSTYLEDITEM(#5527,(#32),$);
#5529=IFCCARTESIANPOINT((10.5905084745763,4.10983050847458));
#5530=IFCAXIS2PLACEMENT2D(#5529,$);
#5531=IFCRECTANGLEPROFILEDEF(.AREA.,$,#5530,0.08,3.52271186440678);
#5532=IFCCARTESIANPOINT((0.,0.,0.1));
#5533=IFCAXIS2PLACEMENT3D(#5532,$,$);
#5534=IFCDIRECTION((0.,0.,1.));
#5535=IFCEXTRUDEDAREASOLID(#5531,#5533,#5534,2.5);
#5536=IFCSTYLEDITEM(#5535,(#32),$);
#5537=IFCBUILDINGELEMENTPROXY('1fgNeX_l10VRvpXfNyFs2B',$,'N11 - HIPESHOP.RO','Stand expozitional generic - HIPESHOP.RO',$,#5547,#5542,$,$);
#5541=IFCSHAPEREPRESENTATION(#11,'Body','SweptSolid',(#5511,#5519,#5527,#5535));
#5542=IFCPRODUCTDEFINITIONSHAPE($,$,(#5541));
#5543=IFCCARTESIANPOINT((82.0203389830508,78.9152542372882,0.));
#5544=IFCDIRECTION((0.,0.,1.));
#5545=IFCDIRECTION((1.,0.,0.));
#5546=IFCAXIS2PLACEMENT3D(#5543,#5544,#5545);
#5547=IFCLOCALPLACEMENT(#26,#5546);
#5548=IFCPROPERTYSET('3yYLoZVeD7xANBGh66DGp_',$,'NZEB_ExhibitorInfo',$,(#5550,#5551,#5552,#5553,#5554,#5555,#5556,#5557,#5558));
#5549=IFCRELDEFINESBYPROPERTIES('13wWfjnU53PQ$k_6gUiJnX',$,$,$,(#5537),#5548);
#5550=IFCPROPERTYSINGLEVALUE('CompanyName',$,IFCLABEL('HIPESHOP.RO'),$);
#5551=IFCPROPERTYSINGLEVALUE('StandNumber',$,IFCLABEL('N11'),$);
#5552=IFCPROPERTYSINGLEVALUE('Zone',$,IFCLABEL('ZONA 2'),$);
#5553=IFCPROPERTYSINGLEVALUE('AreaSqm',$,IFCREAL(62.4),$);
#5554=IFCPROPERTYSINGLEVALUE('Category',$,IFCLABEL('Produse si servicii pentru constructii (general)'),$);
#5555=IFCPROPERTYSINGLEVALUE('CategoryCode',$,IFCLABEL('C99'),$);
#5556=IFCPROPERTYSINGLEVALUE('Indoor',$,IFCBOOLEAN(.T.),$);
#5557=IFCPROPERTYSINGLEVALUE('Event',$,IFCLABEL('NZEB Expo Bucuresti 2026'),$);
#5558=IFCPROPERTYSINGLEVALUE('Website',$,IFCLABEL('https://www.hipeshop.ro'),$);
#5559=IFCCARTESIANPOINT((2.54237288135593,1.68135593220339));
#5560=IFCAXIS2PLACEMENT2D(#5559,$);
#5561=IFCRECTANGLEPROFILEDEF(.AREA.,$,#5560,5.08474576271186,3.36271186440678);
#5562=IFCCARTESIANPOINT((0.,0.,0.));
#5563=IFCAXIS2PLACEMENT3D(#5562,$,$);
#5564=IFCDIRECTION((0.,0.,1.));
#5565=IFCEXTRUDEDAREASOLID(#5561,#5563,#5564,0.1);
#5566=IFCSTYLEDITEM(#5565,(#89),$);
#5567=IFCCARTESIANPOINT((2.54237288135593,3.32271186440678));
#5568=IFCAXIS2PLACEMENT2D(#5567,$);
#5569=IFCRECTANGLEPROFILEDEF(.AREA.,$,#5568,5.08474576271186,0.08);
#5570=IFCCARTESIANPOINT((0.,0.,0.1));
#5571=IFCAXIS2PLACEMENT3D(#5570,$,$);
#5572=IFCDIRECTION((0.,0.,1.));
#5573=IFCEXTRUDEDAREASOLID(#5569,#5571,#5572,2.5);
#5574=IFCSTYLEDITEM(#5573,(#32),$);
#5575=IFCCARTESIANPOINT((0.04,2.35389830508475));
#5576=IFCAXIS2PLACEMENT2D(#5575,$);
#5577=IFCRECTANGLEPROFILEDEF(.AREA.,$,#5576,0.08,2.01762711864407);
#5578=IFCCARTESIANPOINT((0.,0.,0.1));
#5579=IFCAXIS2PLACEMENT3D(#5578,$,$);
#5580=IFCDIRECTION((0.,0.,1.));
#5581=IFCEXTRUDEDAREASOLID(#5577,#5579,#5580,2.5);
#5582=IFCSTYLEDITEM(#5581,(#32),$);
#5583=IFCCARTESIANPOINT((5.04474576271186,2.35389830508475));
#5584=IFCAXIS2PLACEMENT2D(#5583,$);
#5585=IFCRECTANGLEPROFILEDEF(.AREA.,$,#5584,0.08,2.01762711864407);
#5586=IFCCARTESIANPOINT((0.,0.,0.1));
#5587=IFCAXIS2PLACEMENT3D(#5586,$,$);
#5588=IFCDIRECTION((0.,0.,1.));
#5589=IFCEXTRUDEDAREASOLID(#5585,#5587,#5588,2.5);
#5590=IFCSTYLEDITEM(#5589,(#32),$);
#5591=IFCBUILDINGELEMENTPROXY('0oZlPV3x53PxvxbvHbLZwD',$,'H10a - ACOPERO SERV','Stand expozitional generic - ACOPERO SERV',$,#5601,#5596,$,$);
#5595=IFCSHAPEREPRESENTATION(#11,'Body','SweptSolid',(#5565,#5573,#5581,#5589));
#5596=IFCPRODUCTDEFINITIONSHAPE($,$,(#5595));
#5597=IFCCARTESIANPOINT((69.4237288135593,60.0135593220339,0.));
#5598=IFCDIRECTION((0.,0.,1.));
#5599=IFCDIRECTION((1.,0.,0.));
#5600=IFCAXIS2PLACEMENT3D(#5597,#5598,#5599);
#5601=IFCLOCALPLACEMENT(#26,#5600);
#5602=IFCPROPERTYSET('2Y2Z42P$18l9ksvyN4rliQ',$,'NZEB_ExhibitorInfo',$,(#5604,#5605,#5606,#5607,#5608,#5609,#5610,#5611));
#5603=IFCRELDEFINESBYPROPERTIES('0YH5IjuLT4pxpGcDvNDDM1',$,$,$,(#5591),#5602);
#5604=IFCPROPERTYSINGLEVALUE('CompanyName',$,IFCLABEL('ACOPERO SERV'),$);
#5605=IFCPROPERTYSINGLEVALUE('StandNumber',$,IFCLABEL('H10a'),$);
#5606=IFCPROPERTYSINGLEVALUE('Zone',$,IFCLABEL('ZONA 2'),$);
#5607=IFCPROPERTYSINGLEVALUE('AreaSqm',$,IFCREAL(17.1),$);
#5608=IFCPROPERTYSINGLEVALUE('Category',$,IFCLABEL('Acoperisuri si hidroizolatii'),$);
#5609=IFCPROPERTYSINGLEVALUE('CategoryCode',$,IFCLABEL('C04'),$);
#5610=IFCPROPERTYSINGLEVALUE('Indoor',$,IFCBOOLEAN(.T.),$);
#5611=IFCPROPERTYSINGLEVALUE('Event',$,IFCLABEL('NZEB Expo Bucuresti 2026'),$);
#5612=IFCCARTESIANPOINT((2.54237288135593,1.72203389830508));
#5613=IFCAXIS2PLACEMENT2D(#5612,$);
#5614=IFCRECTANGLEPROFILEDEF(.AREA.,$,#5613,5.08474576271186,3.44406779661017);
#5615=IFCCARTESIANPOINT((0.,0.,0.));
#5616=IFCAXIS2PLACEMENT3D(#5615,$,$);
#5617=IFCDIRECTION((0.,0.,1.));
#5618=IFCEXTRUDEDAREASOLID(#5614,#5616,#5617,0.1);
#5619=IFCSTYLEDITEM(#5618,(#89),$);
#5620=IFCCARTESIANPOINT((2.54237288135593,3.40406779661017));
#5621=IFCAXIS2PLACEMENT2D(#5620,$);
#5622=IFCRECTANGLEPROFILEDEF(.AREA.,$,#5621,5.08474576271186,0.08);
#5623=IFCCARTESIANPOINT((0.,0.,0.1));
#5624=IFCAXIS2PLACEMENT3D(#5623,$,$);
#5625=IFCDIRECTION((0.,0.,1.));
#5626=IFCEXTRUDEDAREASOLID(#5622,#5624,#5625,2.5);
#5627=IFCSTYLEDITEM(#5626,(#32),$);
#5628=IFCCARTESIANPOINT((0.04,2.41084745762712));
#5629=IFCAXIS2PLACEMENT2D(#5628,$);
#5630=IFCRECTANGLEPROFILEDEF(.AREA.,$,#5629,0.08,2.0664406779661);
#5631=IFCCARTESIANPOINT((0.,0.,0.1));
#5632=IFCAXIS2PLACEMENT3D(#5631,$,$);
#5633=IFCDIRECTION((0.,0.,1.));
#5634=IFCEXTRUDEDAREASOLID(#5630,#5632,#5633,2.5);
#5635=IFCSTYLEDITEM(#5634,(#32),$);
#5636=IFCCARTESIANPOINT((5.04474576271186,2.41084745762712));
#5637=IFCAXIS2PLACEMENT2D(#5636,$);
#5638=IFCRECTANGLEPROFILEDEF(.AREA.,$,#5637,0.08,2.0664406779661);
#5639=IFCCARTESIANPOINT((0.,0.,0.1));
#5640=IFCAXIS2PLACEMENT3D(#5639,$,$);
#5641=IFCDIRECTION((0.,0.,1.));
#5642=IFCEXTRUDEDAREASOLID(#5638,#5640,#5641,2.5);
#5643=IFCSTYLEDITEM(#5642,(#32),$);
#5644=IFCBUILDINGELEMENTPROXY('2SyyJZiyrAGObMpMuuXknB',$,'H9 - DOMUSA TEKNIK','Stand expozitional generic - DOMUSA TEKNIK',$,#5654,#5649,$,$);
#5648=IFCSHAPEREPRESENTATION(#11,'Body','SweptSolid',(#5618,#5626,#5634,#5642));
#5649=IFCPRODUCTDEFINITIONSHAPE($,$,(#5648));
#5650=IFCCARTESIANPOINT((69.4237288135593,56.5152542372881,0.));
#5651=IFCDIRECTION((0.,0.,1.));
#5652=IFCDIRECTION((1.,0.,0.));
#5653=IFCAXIS2PLACEMENT3D(#5650,#5651,#5652);
#5654=IFCLOCALPLACEMENT(#26,#5653);
#5655=IFCPROPERTYSET('1Xxw0o$vPCJxHhJ5l4mfcx',$,'NZEB_ExhibitorInfo',$,(#5657,#5658,#5659,#5660,#5661,#5662,#5663,#5664,#5665));
#5656=IFCRELDEFINESBYPROPERTIES('0qFE696gT2HgzywbCUiblI',$,$,$,(#5644),#5655);
#5657=IFCPROPERTYSINGLEVALUE('CompanyName',$,IFCLABEL('DOMUSA TEKNIK'),$);
#5658=IFCPROPERTYSINGLEVALUE('StandNumber',$,IFCLABEL('H9'),$);
#5659=IFCPROPERTYSINGLEVALUE('Zone',$,IFCLABEL('ZONA 2'),$);
#5660=IFCPROPERTYSINGLEVALUE('AreaSqm',$,IFCREAL(17.5),$);
#5661=IFCPROPERTYSINGLEVALUE('Category',$,IFCLABEL('HVAC, incalzire, ventilatie si instalatii'),$);
#5662=IFCPROPERTYSINGLEVALUE('CategoryCode',$,IFCLABEL('C03'),$);
#5663=IFCPROPERTYSINGLEVALUE('Indoor',$,IFCBOOLEAN(.T.),$);
#5664=IFCPROPERTYSINGLEVALUE('Event',$,IFCLABEL('NZEB Expo Bucuresti 2026'),$);
#5665=IFCPROPERTYSINGLEVALUE('Website',$,IFCLABEL('https://www.domusateknik.com'),$);
#5666=IFCCARTESIANPOINT((2.49491525423729,1.51186440677966));
#5667=IFCAXIS2PLACEMENT2D(#5666,$);
#5668=IFCRECTANGLEPROFILEDEF(.AREA.,$,#5667,4.98983050847458,3.02372881355932);
#5669=IFCCARTESIANPOINT((0.,0.,0.));
#5670=IFCAXIS2PLACEMENT3D(#5669,$,$);
#5671=IFCDIRECTION((0.,0.,1.));
#5672=IFCEXTRUDEDAREASOLID(#5668,#5670,#5671,0.1);
#5673=IFCSTYLEDITEM(#5672,(#89),$);
#5674=IFCCARTESIANPOINT((2.49491525423729,2.98372881355932));
#5675=IFCAXIS2PLACEMENT2D(#5674,$);
#5676=IFCRECTANGLEPROFILEDEF(.AREA.,$,#5675,4.98983050847458,0.08);
#5677=IFCCARTESIANPOINT((0.,0.,0.1));
#5678=IFCAXIS2PLACEMENT3D(#5677,$,$);
#5679=IFCDIRECTION((0.,0.,1.));
#5680=IFCEXTRUDEDAREASOLID(#5676,#5678,#5679,2.5);
#5681=IFCSTYLEDITEM(#5680,(#32),$);
#5682=IFCCARTESIANPOINT((0.04,2.11661016949153));
#5683=IFCAXIS2PLACEMENT2D(#5682,$);
#5684=IFCRECTANGLEPROFILEDEF(.AREA.,$,#5683,0.08,1.81423728813559);
#5685=IFCCARTESIANPOINT((0.,0.,0.1));
#5686=IFCAXIS2PLACEMENT3D(#5685,$,$);
#5687=IFCDIRECTION((0.,0.,1.));
#5688=IFCEXTRUDEDAREASOLID(#5684,#5686,#5687,2.5);
#5689=IFCSTYLEDITEM(#5688,(#32),$);
#5690=IFCCARTESIANPOINT((4.94983050847458,2.11661016949153));
#5691=IFCAXIS2PLACEMENT2D(#5690,$);
#5692=IFCRECTANGLEPROFILEDEF(.AREA.,$,#5691,0.08,1.81423728813559);
#5693=IFCCARTESIANPOINT((0.,0.,0.1));
#5694=IFCAXIS2PLACEMENT3D(#5693,$,$);
#5695=IFCDIRECTION((0.,0.,1.));
#5696=IFCEXTRUDEDAREASOLID(#5692,#5694,#5695,2.5);
#5697=IFCSTYLEDITEM(#5696,(#32),$);
#5698=IFCBUILDINGELEMENTPROXY('06O0oWpxn8ph0Wo0DosItS',$,'H7 - PLUSMINUS ARCHITECTURE','Stand expozitional generic - PLUSMINUS ARCHITECTURE',$,#5708,#5703,$,$);
#5702=IFCSHAPEREPRESENTATION(#11,'Body','SweptSolid',(#5672,#5680,#5688,#5696));
#5703=IFCPRODUCTDEFINITIONSHAPE($,$,(#5702));
#5704=IFCCARTESIANPOINT((69.5457627118644,45.1525423728814,0.));
#5705=IFCDIRECTION((0.,0.,1.));
#5706=IFCDIRECTION((1.,0.,0.));
#5707=IFCAXIS2PLACEMENT3D(#5704,#5705,#5706);
#5708=IFCLOCALPLACEMENT(#26,#5707);
#5709=IFCPROPERTYSET('1aVbCfYCX889BlWU8NsFt8',$,'NZEB_ExhibitorInfo',$,(#5711,#5712,#5713,#5714,#5715,#5716,#5717,#5718));
#5710=IFCRELDEFINESBYPROPERTIES('2wXJP7kab2ne4OMHo2pXln',$,$,$,(#5698),#5709);
#5711=IFCPROPERTYSINGLEVALUE('CompanyName',$,IFCLABEL('PLUSMINUS ARCHITECTURE'),$);
#5712=IFCPROPERTYSINGLEVALUE('StandNumber',$,IFCLABEL('H7'),$);
#5713=IFCPROPERTYSINGLEVALUE('Zone',$,IFCLABEL('ZONA 2'),$);
#5714=IFCPROPERTYSINGLEVALUE('AreaSqm',$,IFCREAL(15.1),$);
#5715=IFCPROPERTYSINGLEVALUE('Category',$,IFCLABEL('Arhitectura, inginerie si antreprenoriat constructii'),$);
#5716=IFCPROPERTYSINGLEVALUE('CategoryCode',$,IFCLABEL('C12'),$);
#5717=IFCPROPERTYSINGLEVALUE('Indoor',$,IFCBOOLEAN(.T.),$);
#5718=IFCPROPERTYSINGLEVALUE('Event',$,IFCLABEL('NZEB Expo Bucuresti 2026'),$);
#5719=IFCCARTESIANPOINT((2.49491525423729,2.03389830508475));
#5720=IFCAXIS2PLACEMENT2D(#5719,$);
#5721=IFCRECTANGLEPROFILEDEF(.AREA.,$,#5720,4.98983050847458,4.06779661016949);
#5722=IFCCARTESIANPOINT((0.,0.,0.));
#5723=IFCAXIS2PLACEMENT3D(#5722,$,$);
#5724=IFCDIRECTION((0.,0.,1.));
#5725=IFCEXTRUDEDAREASOLID(#5721,#5723,#5724,0.1);
#5726=IFCSTYLEDITEM(#5725,(#89),$);
#5727=IFCCARTESIANPOINT((2.49491525423729,4.02779661016949));
#5728=IFCAXIS2PLACEMENT2D(#5727,$);
#5729=IFCRECTANGLEPROFILEDEF(.AREA.,$,#5728,4.98983050847458,0.08);
#5730=IFCCARTESIANPOINT((0.,0.,0.1));
#5731=IFCAXIS2PLACEMENT3D(#5730,$,$);
#5732=IFCDIRECTION((0.,0.,1.));
#5733=IFCEXTRUDEDAREASOLID(#5729,#5731,#5732,2.5);
#5734=IFCSTYLEDITEM(#5733,(#32),$);
#5735=IFCCARTESIANPOINT((0.04,2.84745762711864));
#5736=IFCAXIS2PLACEMENT2D(#5735,$);
#5737=IFCRECTANGLEPROFILEDEF(.AREA.,$,#5736,0.08,2.44067796610169);
#5738=IFCCARTESIANPOINT((0.,0.,0.1));
#5739=IFCAXIS2PLACEMENT3D(#5738,$,$);
#5740=IFCDIRECTION((0.,0.,1.));
#5741=IFCEXTRUDEDAREASOLID(#5737,#5739,#5740,2.5);
#5742=IFCSTYLEDITEM(#5741,(#32),$);
#5743=IFCCARTESIANPOINT((4.94983050847458,2.84745762711864));
#5744=IFCAXIS2PLACEMENT2D(#5743,$);
#5745=IFCRECTANGLEPROFILEDEF(.AREA.,$,#5744,0.08,2.44067796610169);
#5746=IFCCARTESIANPOINT((0.,0.,0.1));
#5747=IFCAXIS2PLACEMENT3D(#5746,$,$);
#5748=IFCDIRECTION((0.,0.,1.));
#5749=IFCEXTRUDEDAREASOLID(#5745,#5747,#5748,2.5);
#5750=IFCSTYLEDITEM(#5749,(#32),$);
#5751=IFCBUILDINGELEMENTPROXY('3LPwSlohnDp9SJ0qTtX6Yb',$,'H8a - ATREA','Stand expozitional generic - ATREA',$,#5761,#5756,$,$);
#5755=IFCSHAPEREPRESENTATION(#11,'Body','SweptSolid',(#5725,#5733,#5741,#5749));
#5756=IFCPRODUCTDEFINITIONSHAPE($,$,(#5755));
#5757=IFCCARTESIANPOINT((69.5457627118644,48.1627118644068,0.));
#5758=IFCDIRECTION((0.,0.,1.));
#5759=IFCDIRECTION((1.,0.,0.));
#5760=IFCAXIS2PLACEMENT3D(#5757,#5758,#5759);
#5761=IFCLOCALPLACEMENT(#26,#5760);
#5762=IFCPROPERTYSET('0UYRPUFFb1J9fxnCfE12rc',$,'NZEB_ExhibitorInfo',$,(#5764,#5765,#5766,#5767,#5768,#5769,#5770,#5771,#5772));
#5763=IFCRELDEFINESBYPROPERTIES('20xV4aKHb3PRFz6KU3tGr1',$,$,$,(#5751),#5762);
#5764=IFCPROPERTYSINGLEVALUE('CompanyName',$,IFCLABEL('ATREA'),$);
#5765=IFCPROPERTYSINGLEVALUE('StandNumber',$,IFCLABEL('H8a'),$);
#5766=IFCPROPERTYSINGLEVALUE('Zone',$,IFCLABEL('ZONA 2'),$);
#5767=IFCPROPERTYSINGLEVALUE('AreaSqm',$,IFCREAL(20.3),$);
#5768=IFCPROPERTYSINGLEVALUE('Category',$,IFCLABEL('HVAC, incalzire, ventilatie si instalatii'),$);
#5769=IFCPROPERTYSINGLEVALUE('CategoryCode',$,IFCLABEL('C03'),$);
#5770=IFCPROPERTYSINGLEVALUE('Indoor',$,IFCBOOLEAN(.T.),$);
#5771=IFCPROPERTYSINGLEVALUE('Event',$,IFCLABEL('NZEB Expo Bucuresti 2026'),$);
#5772=IFCPROPERTYSINGLEVALUE('Website',$,IFCLABEL('https://www.atrea.cz'),$);
#5773=IFCCARTESIANPOINT((2.60338983050847,2.4406779661017));
#5774=IFCAXIS2PLACEMENT2D(#5773,$);
#5775=IFCRECTANGLEPROFILEDEF(.AREA.,$,#5774,5.20677966101695,4.88135593220339);
#5776=IFCCARTESIANPOINT((0.,0.,0.));
#5777=IFCAXIS2PLACEMENT3D(#5776,$,$);
#5778=IFCDIRECTION((0.,0.,1.));
#5779=IFCEXTRUDEDAREASOLID(#5775,#5777,#5778,0.1);
#5780=IFCSTYLEDITEM(#5779,(#95),$);
#5781=IFCCARTESIANPOINT((2.60338983050847,4.84135593220339));
#5782=IFCAXIS2PLACEMENT2D(#5781,$);
#5783=IFCRECTANGLEPROFILEDEF(.AREA.,$,#5782,5.20677966101695,0.08);
#5784=IFCCARTESIANPOINT((0.,0.,0.1));
#5785=IFCAXIS2PLACEMENT3D(#5784,$,$);
#5786=IFCDIRECTION((0.,0.,1.));
#5787=IFCEXTRUDEDAREASOLID(#5783,#5785,#5786,2.5);
#5788=IFCSTYLEDITEM(#5787,(#32),$);
#5789=IFCCARTESIANPOINT((0.04,3.41694915254237));
#5790=IFCAXIS2PLACEMENT2D(#5789,$);
#5791=IFCRECTANGLEPROFILEDEF(.AREA.,$,#5790,0.08,2.92881355932203);
#5792=IFCCARTESIANPOINT((0.,0.,0.1));
#5793=IFCAXIS2PLACEMENT3D(#5792,$,$);
#5794=IFCDIRECTION((0.,0.,1.));
#5795=IFCEXTRUDEDAREASOLID(#5791,#5793,#5794,2.5);
#5796=IFCSTYLEDITEM(#5795,(#32),$);
#5797=IFCCARTESIANPOINT((5.16677966101695,3.41694915254237));
#5798=IFCAXIS2PLACEMENT2D(#5797,$);
#5799=IFCRECTANGLEPROFILEDEF(.AREA.,$,#5798,0.08,2.92881355932203);
#5800=IFCCARTESIANPOINT((0.,0.,0.1));
#5801=IFCAXIS2PLACEMENT3D(#5800,$,$);
#5802=IFCDIRECTION((0.,0.,1.));
#5803=IFCEXTRUDEDAREASOLID(#5799,#5801,#5802,2.5);
#5804=IFCSTYLEDITEM(#5803,(#32),$);
#5805=IFCBUILDINGELEMENTPROXY('1XP9prSH11te24ItArjDfI',$,'H3 - KRONOSPAN TRADING','Stand expozitional generic - KRONOSPAN TRADING',$,#5815,#5810,$,$);
#5809=IFCSHAPEREPRESENTATION(#11,'Body','SweptSolid',(#5779,#5787,#5795,#5803));
#5810=IFCPRODUCTDEFINITIONSHAPE($,$,(#5809));
#5811=IFCCARTESIANPOINT((69.2338983050848,20.8542372881356,0.));
#5812=IFCDIRECTION((0.,0.,1.));
#5813=IFCDIRECTION((1.,0.,0.));
#5814=IFCAXIS2PLACEMENT3D(#5811,#5812,#5813);
#5815=IFCLOCALPLACEMENT(#26,#5814);
#5816=IFCPROPERTYSET('0kVgSBxob7j9Yz1caufiFn',$,'NZEB_ExhibitorInfo',$,(#5818,#5819,#5820,#5821,#5822,#5823,#5824,#5825,#5826));
#5817=IFCRELDEFINESBYPROPERTIES('1Ez6AigIfAlAOqy$eMD0vZ',$,$,$,(#5805),#5816);
#5818=IFCPROPERTYSINGLEVALUE('CompanyName',$,IFCLABEL('KRONOSPAN TRADING'),$);
#5819=IFCPROPERTYSINGLEVALUE('StandNumber',$,IFCLABEL('H3'),$);
#5820=IFCPROPERTYSINGLEVALUE('Zone',$,IFCLABEL('ZONA 4'),$);
#5821=IFCPROPERTYSINGLEVALUE('AreaSqm',$,IFCREAL(25.4),$);
#5822=IFCPROPERTYSINGLEVALUE('Category',$,IFCLABEL('Materiale de constructii'),$);
#5823=IFCPROPERTYSINGLEVALUE('CategoryCode',$,IFCLABEL('C05'),$);
#5824=IFCPROPERTYSINGLEVALUE('Indoor',$,IFCBOOLEAN(.T.),$);
#5825=IFCPROPERTYSINGLEVALUE('Event',$,IFCLABEL('NZEB Expo Bucuresti 2026'),$);
#5826=IFCPROPERTYSINGLEVALUE('Website',$,IFCLABEL('https://kronospan.com'),$);
#5827=IFCCARTESIANPOINT((2.0406779661017,1.51864406779661));
#5828=IFCAXIS2PLACEMENT2D(#5827,$);
#5829=IFCRECTANGLEPROFILEDEF(.AREA.,$,#5828,4.08135593220339,3.03728813559322);
#5830=IFCCARTESIANPOINT((0.,0.,0.));
#5831=IFCAXIS2PLACEMENT3D(#5830,$,$);
#5832=IFCDIRECTION((0.,0.,1.));
#5833=IFCEXTRUDEDAREASOLID(#5829,#5831,#5832,0.1);
#5834=IFCSTYLEDITEM(#5833,(#95),$);
#5835=IFCCARTESIANPOINT((2.0406779661017,2.99728813559322));
#5836=IFCAXIS2PLACEMENT2D(#5835,$);
#5837=IFCRECTANGLEPROFILEDEF(.AREA.,$,#5836,4.08135593220339,0.08);
#5838=IFCCARTESIANPOINT((0.,0.,0.1));
#5839=IFCAXIS2PLACEMENT3D(#5838,$,$);
#5840=IFCDIRECTION((0.,0.,1.));
#5841=IFCEXTRUDEDAREASOLID(#5837,#5839,#5840,2.5);
#5842=IFCSTYLEDITEM(#5841,(#32),$);
#5843=IFCCARTESIANPOINT((0.04,2.12610169491525));
#5844=IFCAXIS2PLACEMENT2D(#5843,$);
#5845=IFCRECTANGLEPROFILEDEF(.AREA.,$,#5844,0.08,1.82237288135593);
#5846=IFCCARTESIANPOINT((0.,0.,0.1));
#5847=IFCAXIS2PLACEMENT3D(#5846,$,$);
#5848=IFCDIRECTION((0.,0.,1.));
#5849=IFCEXTRUDEDAREASOLID(#5845,#5847,#5848,2.5);
#5850=IFCSTYLEDITEM(#5849,(#32),$);
#5851=IFCCARTESIANPOINT((4.04135593220339,2.12610169491525));
#5852=IFCAXIS2PLACEMENT2D(#5851,$);
#5853=IFCRECTANGLEPROFILEDEF(.AREA.,$,#5852,0.08,1.82237288135593);
#5854=IFCCARTESIANPOINT((0.,0.,0.1));
#5855=IFCAXIS2PLACEMENT3D(#5854,$,$);
#5856=IFCDIRECTION((0.,0.,1.));
#5857=IFCEXTRUDEDAREASOLID(#5853,#5855,#5856,2.5);
#5858=IFCSTYLEDITEM(#5857,(#32),$);
#5859=IFCBUILDINGELEMENTPROXY('3TiuARqp9AcB7d1gcea5Tg',$,'M11 - HL ROMANIA','Stand expozitional generic - HL ROMANIA',$,#5869,#5864,$,$);
#5863=IFCSHAPEREPRESENTATION(#11,'Body','SweptSolid',(#5833,#5841,#5849,#5857));
#5864=IFCPRODUCTDEFINITIONSHAPE($,$,(#5863));
#5865=IFCCARTESIANPOINT((67.0915254237288,3.53898305084746,0.));
#5866=IFCDIRECTION((0.,0.,1.));
#5867=IFCDIRECTION((1.,0.,0.));
#5868=IFCAXIS2PLACEMENT3D(#5865,#5866,#5867);
#5869=IFCLOCALPLACEMENT(#26,#5868);
#5870=IFCPROPERTYSET('3GSK$775b38Q1slh56cEdJ',$,'NZEB_ExhibitorInfo',$,(#5872,#5873,#5874,#5875,#5876,#5877,#5878,#5879));
#5871=IFCRELDEFINESBYPROPERTIES('3U5BXU1eP3afi5LxliLVRe',$,$,$,(#5859),#5870);
#5872=IFCPROPERTYSINGLEVALUE('CompanyName',$,IFCLABEL('HL ROMANIA'),$);
#5873=IFCPROPERTYSINGLEVALUE('StandNumber',$,IFCLABEL('M11'),$);
#5874=IFCPROPERTYSINGLEVALUE('Zone',$,IFCLABEL('ZONA 4'),$);
#5875=IFCPROPERTYSINGLEVALUE('AreaSqm',$,IFCREAL(12.4),$);
#5876=IFCPROPERTYSINGLEVALUE('Category',$,IFCLABEL('HVAC, incalzire, ventilatie si instalatii'),$);
#5877=IFCPROPERTYSINGLEVALUE('CategoryCode',$,IFCLABEL('C03'),$);
#5878=IFCPROPERTYSINGLEVALUE('Indoor',$,IFCBOOLEAN(.T.),$);
#5879=IFCPROPERTYSINGLEVALUE('Event',$,IFCLABEL('NZEB Expo Bucuresti 2026'),$);
#5880=IFCCARTESIANPOINT((1.03050847457627,1.51864406779661));
#5881=IFCAXIS2PLACEMENT2D(#5880,$);
#5882=IFCRECTANGLEPROFILEDEF(.AREA.,$,#5881,2.06101694915254,3.03728813559322);
#5883=IFCCARTESIANPOINT((0.,0.,0.));
#5884=IFCAXIS2PLACEMENT3D(#5883,$,$);
#5885=IFCDIRECTION((0.,0.,1.));
#5886=IFCEXTRUDEDAREASOLID(#5882,#5884,#5885,0.1);
#5887=IFCSTYLEDITEM(#5886,(#98),$);
#5888=IFCCARTESIANPOINT((1.03050847457627,2.99728813559322));
#5889=IFCAXIS2PLACEMENT2D(#5888,$);
#5890=IFCRECTANGLEPROFILEDEF(.AREA.,$,#5889,2.06101694915254,0.08);
#5891=IFCCARTESIANPOINT((0.,0.,0.1));
#5892=IFCAXIS2PLACEMENT3D(#5891,$,$);
#5893=IFCDIRECTION((0.,0.,1.));
#5894=IFCEXTRUDEDAREASOLID(#5890,#5892,#5893,2.5);
#5895=IFCSTYLEDITEM(#5894,(#32),$);
#5896=IFCCARTESIANPOINT((0.04,2.12610169491525));
#5897=IFCAXIS2PLACEMENT2D(#5896,$);
#5898=IFCRECTANGLEPROFILEDEF(.AREA.,$,#5897,0.08,1.82237288135593);
#5899=IFCCARTESIANPOINT((0.,0.,0.1));
#5900=IFCAXIS2PLACEMENT3D(#5899,$,$);
#5901=IFCDIRECTION((0.,0.,1.));
#5902=IFCEXTRUDEDAREASOLID(#5898,#5900,#5901,2.5);
#5903=IFCSTYLEDITEM(#5902,(#32),$);
#5904=IFCCARTESIANPOINT((2.02101694915254,2.12610169491525));
#5905=IFCAXIS2PLACEMENT2D(#5904,$);
#5906=IFCRECTANGLEPROFILEDEF(.AREA.,$,#5905,0.08,1.82237288135593);
#5907=IFCCARTESIANPOINT((0.,0.,0.1));
#5908=IFCAXIS2PLACEMENT3D(#5907,$,$);
#5909=IFCDIRECTION((0.,0.,1.));
#5910=IFCEXTRUDEDAREASOLID(#5906,#5908,#5909,2.5);
#5911=IFCSTYLEDITEM(#5910,(#32),$);
#5912=IFCBUILDINGELEMENTPROXY('23RKlat1zE_8aXv57Qz6sy',$,'M9 - HAUSENERGY','Stand expozitional generic - HAUSENERGY',$,#5922,#5917,$,$);
#5916=IFCSHAPEREPRESENTATION(#11,'Body','SweptSolid',(#5886,#5894,#5902,#5910));
#5917=IFCPRODUCTDEFINITIONSHAPE($,$,(#5916));
#5918=IFCCARTESIANPOINT((83.5796610169491,3.56610169491526,0.));
#5919=IFCDIRECTION((0.,0.,1.));
#5920=IFCDIRECTION((1.,0.,0.));
#5921=IFCAXIS2PLACEMENT3D(#5918,#5919,#5920);
#5922=IFCLOCALPLACEMENT(#26,#5921);
#5923=IFCPROPERTYSET('0X_GB2Em9Epu2MAiIIbDL9',$,'NZEB_ExhibitorInfo',$,(#5925,#5926,#5927,#5928,#5929,#5930,#5931,#5932));
#5924=IFCRELDEFINESBYPROPERTIES('0wEm0Gmy9ANg0wDiZTVrqx',$,$,$,(#5912),#5923);
#5925=IFCPROPERTYSINGLEVALUE('CompanyName',$,IFCLABEL('HAUSENERGY'),$);
#5926=IFCPROPERTYSINGLEVALUE('StandNumber',$,IFCLABEL('M9'),$);
#5927=IFCPROPERTYSINGLEVALUE('Zone',$,IFCLABEL('ZONA 5'),$);
#5928=IFCPROPERTYSINGLEVALUE('AreaSqm',$,IFCREAL(6.3),$);
#5929=IFCPROPERTYSINGLEVALUE('Category',$,IFCLABEL('HVAC, incalzire, ventilatie si instalatii'),$);
#5930=IFCPROPERTYSINGLEVALUE('CategoryCode',$,IFCLABEL('C03'),$);
#5931=IFCPROPERTYSINGLEVALUE('Indoor',$,IFCBOOLEAN(.T.),$);
#5932=IFCPROPERTYSINGLEVALUE('Event',$,IFCLABEL('NZEB Expo Bucuresti 2026'),$);
#5933=IFCCARTESIANPOINT((2.61016949152542,2.03389830508475));
#5934=IFCAXIS2PLACEMENT2D(#5933,$);
#5935=IFCRECTANGLEPROFILEDEF(.AREA.,$,#5934,5.22033898305085,4.06779661016949);
#5936=IFCCARTESIANPOINT((0.,0.,0.));
#5937=IFCAXIS2PLACEMENT3D(#5936,$,$);
#5938=IFCDIRECTION((0.,0.,1.));
#5939=IFCEXTRUDEDAREASOLID(#5935,#5937,#5938,0.1);
#5940=IFCSTYLEDITEM(#5939,(#95),$);
#5941=IFCCARTESIANPOINT((2.61016949152542,4.02779661016949));
#5942=IFCAXIS2PLACEMENT2D(#5941,$);
#5943=IFCRECTANGLEPROFILEDEF(.AREA.,$,#5942,5.22033898305085,0.08);
#5944=IFCCARTESIANPOINT((0.,0.,0.1));
#5945=IFCAXIS2PLACEMENT3D(#5944,$,$);
#5946=IFCDIRECTION((0.,0.,1.));
#5947=IFCEXTRUDEDAREASOLID(#5943,#5945,#5946,2.5);
#5948=IFCSTYLEDITEM(#5947,(#32),$);
#5949=IFCCARTESIANPOINT((0.04,2.84745762711864));
#5950=IFCAXIS2PLACEMENT2D(#5949,$);
#5951=IFCRECTANGLEPROFILEDEF(.AREA.,$,#5950,0.08,2.44067796610169);
#5952=IFCCARTESIANPOINT((0.,0.,0.1));
#5953=IFCAXIS2PLACEMENT3D(#5952,$,$);
#5954=IFCDIRECTION((0.,0.,1.));
#5955=IFCEXTRUDEDAREASOLID(#5951,#5953,#5954,2.5);
#5956=IFCSTYLEDITEM(#5955,(#32),$);
#5957=IFCCARTESIANPOINT((5.18033898305085,2.84745762711864));
#5958=IFCAXIS2PLACEMENT2D(#5957,$);
#5959=IFCRECTANGLEPROFILEDEF(.AREA.,$,#5958,0.08,2.44067796610169);
#5960=IFCCARTESIANPOINT((0.,0.,0.1));
#5961=IFCAXIS2PLACEMENT3D(#5960,$,$);
#5962=IFCDIRECTION((0.,0.,1.));
#5963=IFCEXTRUDEDAREASOLID(#5959,#5961,#5962,2.5);
#5964=IFCSTYLEDITEM(#5963,(#32),$);
#5965=IFCBUILDINGELEMENTPROXY('2X72Zwnv50D87ZRgTdp6xI',$,'H5a - AVI PISCINE','Stand expozitional generic - AVI PISCINE',$,#5975,#5970,$,$);
#5969=IFCSHAPEREPRESENTATION(#11,'Body','SweptSolid',(#5939,#5947,#5955,#5963));
#5970=IFCPRODUCTDEFINITIONSHAPE($,$,(#5969));
#5971=IFCCARTESIANPOINT((64.271186440678,33.4101694915254,0.));
#5972=IFCDIRECTION((0.,0.,1.));
#5973=IFCDIRECTION((1.,0.,0.));
#5974=IFCAXIS2PLACEMENT3D(#5971,#5972,#5973);
#5975=IFCLOCALPLACEMENT(#26,#5974);
#5976=IFCPROPERTYSET('0$U3iVI3P8dhazKWguQHrO',$,'NZEB_ExhibitorInfo',$,(#5978,#5979,#5980,#5981,#5982,#5983,#5984,#5985));
#5977=IFCRELDEFINESBYPROPERTIES('1hdh5cOoj2nfKiijkM3cnf',$,$,$,(#5965),#5976);
#5978=IFCPROPERTYSINGLEVALUE('CompanyName',$,IFCLABEL('AVI PISCINE'),$);
#5979=IFCPROPERTYSINGLEVALUE('StandNumber',$,IFCLABEL('H5a'),$);
#5980=IFCPROPERTYSINGLEVALUE('Zone',$,IFCLABEL('ZONA 4'),$);
#5981=IFCPROPERTYSINGLEVALUE('AreaSqm',$,IFCREAL(21.2),$);
#5982=IFCPROPERTYSINGLEVALUE('Category',$,IFCLABEL('Gradina, peisagistica si exterior'),$);
#5983=IFCPROPERTYSINGLEVALUE('CategoryCode',$,IFCLABEL('C16'),$);
#5984=IFCPROPERTYSINGLEVALUE('Indoor',$,IFCBOOLEAN(.T.),$);
#5985=IFCPROPERTYSINGLEVALUE('Event',$,IFCLABEL('NZEB Expo Bucuresti 2026'),$);
#5986=IFCCARTESIANPOINT((2.49491525423729,2.03389830508475));
#5987=IFCAXIS2PLACEMENT2D(#5986,$);
#5988=IFCRECTANGLEPROFILEDEF(.AREA.,$,#5987,4.98983050847458,4.06779661016949);
#5989=IFCCARTESIANPOINT((0.,0.,0.));
#5990=IFCAXIS2PLACEMENT3D(#5989,$,$);
#5991=IFCDIRECTION((0.,0.,1.));
#5992=IFCEXTRUDEDAREASOLID(#5988,#5990,#5991,0.1);
#5993=IFCSTYLEDITEM(#5992,(#95),$);
#5994=IFCCARTESIANPOINT((2.49491525423729,4.02779661016949));
#5995=IFCAXIS2PLACEMENT2D(#5994,$);
#5996=IFCRECTANGLEPROFILEDEF(.AREA.,$,#5995,4.98983050847458,0.08);
#5997=IFCCARTESIANPOINT((0.,0.,0.1));
#5998=IFCAXIS2PLACEMENT3D(#5997,$,$);
#5999=IFCDIRECTION((0.,0.,1.));
#6000=IFCEXTRUDEDAREASOLID(#5996,#5998,#5999,2.5);
#6001=IFCSTYLEDITEM(#6000,(#32),$);
#6002=IFCCARTESIANPOINT((0.04,2.84745762711864));
#6003=IFCAXIS2PLACEMENT2D(#6002,$);
#6004=IFCRECTANGLEPROFILEDEF(.AREA.,$,#6003,0.08,2.44067796610169);
#6005=IFCCARTESIANPOINT((0.,0.,0.1));
#6006=IFCAXIS2PLACEMENT3D(#6005,$,$);
#6007=IFCDIRECTION((0.,0.,1.));
#6008=IFCEXTRUDEDAREASOLID(#6004,#6006,#6007,2.5);
#6009=IFCSTYLEDITEM(#6008,(#32),$);
#6010=IFCCARTESIANPOINT((4.94983050847458,2.84745762711864));
#6011=IFCAXIS2PLACEMENT2D(#6010,$);
#6012=IFCRECTANGLEPROFILEDEF(.AREA.,$,#6011,0.08,2.44067796610169);
#6013=IFCCARTESIANPOINT((0.,0.,0.1));
#6014=IFCAXIS2PLACEMENT3D(#6013,$,$);
#6015=IFCDIRECTION((0.,0.,1.));
#6016=IFCEXTRUDEDAREASOLID(#6012,#6014,#6015,2.5);
#6017=IFCSTYLEDITEM(#6016,(#32),$);
#6018=IFCBUILDINGELEMENTPROXY('3ZevpZVBbBT9Mst642D970',$,'H5 - HEXONIC','Stand expozitional generic - HEXONIC',$,#6028,#6023,$,$);
#6022=IFCSHAPEREPRESENTATION(#11,'Body','SweptSolid',(#5992,#6000,#6008,#6016));
#6023=IFCPRODUCTDEFINITIONSHAPE($,$,(#6022));
#6024=IFCCARTESIANPOINT((69.4508474576271,33.4101694915254,0.));
#6025=IFCDIRECTION((0.,0.,1.));
#6026=IFCDIRECTION((1.,0.,0.));
#6027=IFCAXIS2PLACEMENT3D(#6024,#6025,#6026);
#6028=IFCLOCALPLACEMENT(#26,#6027);
#6029=IFCPROPERTYSET('3Cf8JdBifDvfrnCvwPmrQB',$,'NZEB_ExhibitorInfo',$,(#6031,#6032,#6033,#6034,#6035,#6036,#6037,#6038));
#6030=IFCRELDEFINESBYPROPERTIES('0uCkFzy316L9Lh9gWZtiBu',$,$,$,(#6018),#6029);
#6031=IFCPROPERTYSINGLEVALUE('CompanyName',$,IFCLABEL('HEXONIC'),$);
#6032=IFCPROPERTYSINGLEVALUE('StandNumber',$,IFCLABEL('H5'),$);
#6033=IFCPROPERTYSINGLEVALUE('Zone',$,IFCLABEL('ZONA 4'),$);
#6034=IFCPROPERTYSINGLEVALUE('AreaSqm',$,IFCREAL(20.3),$);
#6035=IFCPROPERTYSINGLEVALUE('Category',$,IFCLABEL('HVAC, incalzire, ventilatie si instalatii'),$);
#6036=IFCPROPERTYSINGLEVALUE('CategoryCode',$,IFCLABEL('C03'),$);
#6037=IFCPROPERTYSINGLEVALUE('Indoor',$,IFCBOOLEAN(.T.),$);
#6038=IFCPROPERTYSINGLEVALUE('Event',$,IFCLABEL('NZEB Expo Bucuresti 2026'),$);
#6039=IFCCARTESIANPOINT((2.82033898305085,2.03389830508475));
#6040=IFCAXIS2PLACEMENT2D(#6039,$);
#6041=IFCRECTANGLEPROFILEDEF(.AREA.,$,#6040,5.64067796610169,4.06779661016949);
#6042=IFCCARTESIANPOINT((0.,0.,0.));
#6043=IFCAXIS2PLACEMENT3D(#6042,$,$);
#6044=IFCDIRECTION((0.,0.,1.));
#6045=IFCEXTRUDEDAREASOLID(#6041,#6043,#6044,0.1);
#6046=IFCSTYLEDITEM(#6045,(#98),$);
#6047=IFCCARTESIANPOINT((2.82033898305085,4.02779661016949));
#6048=IFCAXIS2PLACEMENT2D(#6047,$);
#6049=IFCRECTANGLEPROFILEDEF(.AREA.,$,#6048,5.64067796610169,0.08);
#6050=IFCCARTESIANPOINT((0.,0.,0.1));
#6051=IFCAXIS2PLACEMENT3D(#6050,$,$);
#6052=IFCDIRECTION((0.,0.,1.));
#6053=IFCEXTRUDEDAREASOLID(#6049,#6051,#6052,2.5);
#6054=IFCSTYLEDITEM(#6053,(#32),$);
#6055=IFCCARTESIANPOINT((0.04,2.84745762711864));
#6056=IFCAXIS2PLACEMENT2D(#6055,$);
#6057=IFCRECTANGLEPROFILEDEF(.AREA.,$,#6056,0.08,2.44067796610169);
#6058=IFCCARTESIANPOINT((0.,0.,0.1));
#6059=IFCAXIS2PLACEMENT3D(#6058,$,$);
#6060=IFCDIRECTION((0.,0.,1.));
#6061=IFCEXTRUDEDAREASOLID(#6057,#6059,#6060,2.5);
#6062=IFCSTYLEDITEM(#6061,(#32),$);
#6063=IFCCARTESIANPOINT((5.60067796610169,2.84745762711864));
#6064=IFCAXIS2PLACEMENT2D(#6063,$);
#6065=IFCRECTANGLEPROFILEDEF(.AREA.,$,#6064,0.08,2.44067796610169);
#6066=IFCCARTESIANPOINT((0.,0.,0.1));
#6067=IFCAXIS2PLACEMENT3D(#6066,$,$);
#6068=IFCDIRECTION((0.,0.,1.));
#6069=IFCEXTRUDEDAREASOLID(#6065,#6067,#6068,2.5);
#6070=IFCSTYLEDITEM(#6069,(#32),$);
#6071=IFCBUILDINGELEMENTPROXY('03wVKFqoD0guYdvgLTwcKl',$,'F10 - BOUTIQUE CADOUX','Stand expozitional generic - BOUTIQUE CADOUX',$,#6081,#6076,$,$);
#6075=IFCSHAPEREPRESENTATION(#11,'Body','SweptSolid',(#6045,#6053,#6061,#6069));
#6076=IFCPRODUCTDEFINITIONSHAPE($,$,(#6075));
#6077=IFCCARTESIANPOINT((103.186440677966,37.071186440678,0.));
#6078=IFCDIRECTION((0.,0.,1.));
#6079=IFCDIRECTION((1.,0.,0.));
#6080=IFCAXIS2PLACEMENT3D(#6077,#6078,#6079);
#6081=IFCLOCALPLACEMENT(#26,#6080);
#6082=IFCPROPERTYSET('28HirdGvXAAAmyZzeD_VZY',$,'NZEB_ExhibitorInfo',$,(#6084,#6085,#6086,#6087,#6088,#6089,#6090,#6091));
#6083=IFCRELDEFINESBYPROPERTIES('3y3YcWbtH4x9bUlc12DA__',$,$,$,(#6071),#6082);
#6084=IFCPROPERTYSINGLEVALUE('CompanyName',$,IFCLABEL('BOUTIQUE CADOUX'),$);
#6085=IFCPROPERTYSINGLEVALUE('StandNumber',$,IFCLABEL('F10'),$);
#6086=IFCPROPERTYSINGLEVALUE('Zone',$,IFCLABEL('ZONA 5'),$);
#6087=IFCPROPERTYSINGLEVALUE('AreaSqm',$,IFCREAL(22.9),$);
#6088=IFCPROPERTYSINGLEVALUE('Category',$,IFCLABEL('Produse si servicii pentru constructii (general)'),$);
#6089=IFCPROPERTYSINGLEVALUE('CategoryCode',$,IFCLABEL('C99'),$);
#6090=IFCPROPERTYSINGLEVALUE('Indoor',$,IFCBOOLEAN(.T.),$);
#6091=IFCPROPERTYSINGLEVALUE('Event',$,IFCLABEL('NZEB Expo Bucuresti 2026'),$);
#6092=IFCCARTESIANPOINT((1.78305084745763,2.06779661016949));
#6093=IFCAXIS2PLACEMENT2D(#6092,$);
#6094=IFCRECTANGLEPROFILEDEF(.AREA.,$,#6093,3.56610169491525,4.13559322033898);
#6095=IFCCARTESIANPOINT((0.,0.,0.));
#6096=IFCAXIS2PLACEMENT3D(#6095,$,$);
#6097=IFCDIRECTION((0.,0.,1.));
#6098=IFCEXTRUDEDAREASOLID(#6094,#6096,#6097,0.1);
#6099=IFCSTYLEDITEM(#6098,(#98),$);
#6100=IFCCARTESIANPOINT((1.78305084745763,4.09559322033898));
#6101=IFCAXIS2PLACEMENT2D(#6100,$);
#6102=IFCRECTANGLEPROFILEDEF(.AREA.,$,#6101,3.56610169491525,0.08);
#6103=IFCCARTESIANPOINT((0.,0.,0.1));
#6104=IFCAXIS2PLACEMENT3D(#6103,$,$);
#6105=IFCDIRECTION((0.,0.,1.));
#6106=IFCEXTRUDEDAREASOLID(#6102,#6104,#6105,2.5);
#6107=IFCSTYLEDITEM(#6106,(#32),$);
#6108=IFCCARTESIANPOINT((0.04,2.89491525423729));
#6109=IFCAXIS2PLACEMENT2D(#6108,$);
#6110=IFCRECTANGLEPROFILEDEF(.AREA.,$,#6109,0.08,2.48135593220339);
#6111=IFCCARTESIANPOINT((0.,0.,0.1));
#6112=IFCAXIS2PLACEMENT3D(#6111,$,$);
#6113=IFCDIRECTION((0.,0.,1.));
#6114=IFCEXTRUDEDAREASOLID(#6110,#6112,#6113,2.5);
#6115=IFCSTYLEDITEM(#6114,(#32),$);
#6116=IFCCARTESIANPOINT((3.52610169491525,2.89491525423729));
#6117=IFCAXIS2PLACEMENT2D(#6116,$);
#6118=IFCRECTANGLEPROFILEDEF(.AREA.,$,#6117,0.08,2.48135593220339);
#6119=IFCCARTESIANPOINT((0.,0.,0.1));
#6120=IFCAXIS2PLACEMENT3D(#6119,$,$);
#6121=IFCDIRECTION((0.,0.,1.));
#6122=IFCEXTRUDEDAREASOLID(#6118,#6120,#6121,2.5);
#6123=IFCSTYLEDITEM(#6122,(#32),$);
#6124=IFCBUILDINGELEMENTPROXY('3akGWoeMjBgP$LuXux7Im8',$,'D6a - LITARH','Stand expozitional generic - LITARH',$,#6134,#6129,$,$);
#6128=IFCSHAPEREPRESENTATION(#11,'Body','SweptSolid',(#6098,#6106,#6114,#6122));
#6129=IFCPRODUCTDEFINITIONSHAPE($,$,(#6128));
#6130=IFCCARTESIANPOINT((131.44406779661,33.4101694915254,0.));
#6131=IFCDIRECTION((0.,0.,1.));
#6132=IFCDIRECTION((1.,0.,0.));
#6133=IFCAXIS2PLACEMENT3D(#6130,#6131,#6132);
#6134=IFCLOCALPLACEMENT(#26,#6133);
#6135=IFCPROPERTYSET('1IziwGjef419o8x5HrAquZ',$,'NZEB_ExhibitorInfo',$,(#6137,#6138,#6139,#6140,#6141,#6142,#6143,#6144));
#6136=IFCRELDEFINESBYPROPERTIES('1oRwiodQfCSeiuzvKSbFJE',$,$,$,(#6124),#6135);
#6137=IFCPROPERTYSINGLEVALUE('CompanyName',$,IFCLABEL('LITARH'),$);
#6138=IFCPROPERTYSINGLEVALUE('StandNumber',$,IFCLABEL('D6a'),$);
#6139=IFCPROPERTYSINGLEVALUE('Zone',$,IFCLABEL('ZONA 5'),$);
#6140=IFCPROPERTYSINGLEVALUE('AreaSqm',$,IFCREAL(14.7),$);
#6141=IFCPROPERTYSINGLEVALUE('Category',$,IFCLABEL('Produse si servicii pentru constructii (general)'),$);
#6142=IFCPROPERTYSINGLEVALUE('CategoryCode',$,IFCLABEL('C99'),$);
#6143=IFCPROPERTYSINGLEVALUE('Indoor',$,IFCBOOLEAN(.T.),$);
#6144=IFCPROPERTYSINGLEVALUE('Event',$,IFCLABEL('NZEB Expo Bucuresti 2026'),$);
#6145=IFCCARTESIANPOINT((1.52542372881356,2.0135593220339));
#6146=IFCAXIS2PLACEMENT2D(#6145,$);
#6147=IFCRECTANGLEPROFILEDEF(.AREA.,$,#6146,3.05084745762712,4.0271186440678);
#6148=IFCCARTESIANPOINT((0.,0.,0.));
#6149=IFCAXIS2PLACEMENT3D(#6148,$,$);
#6150=IFCDIRECTION((0.,0.,1.));
#6151=IFCEXTRUDEDAREASOLID(#6147,#6149,#6150,0.1);
#6152=IFCSTYLEDITEM(#6151,(#98),$);
#6153=IFCCARTESIANPOINT((1.52542372881356,3.9871186440678));
#6154=IFCAXIS2PLACEMENT2D(#6153,$);
#6155=IFCRECTANGLEPROFILEDEF(.AREA.,$,#6154,3.05084745762712,0.08);
#6156=IFCCARTESIANPOINT((0.,0.,0.1));
#6157=IFCAXIS2PLACEMENT3D(#6156,$,$);
#6158=IFCDIRECTION((0.,0.,1.));
#6159=IFCEXTRUDEDAREASOLID(#6155,#6157,#6158,2.5);
#6160=IFCSTYLEDITEM(#6159,(#32),$);
#6161=IFCCARTESIANPOINT((0.04,2.81898305084746));
#6162=IFCAXIS2PLACEMENT2D(#6161,$);
#6163=IFCRECTANGLEPROFILEDEF(.AREA.,$,#6162,0.08,2.41627118644068);
#6164=IFCCARTESIANPOINT((0.,0.,0.1));
#6165=IFCAXIS2PLACEMENT3D(#6164,$,$);
#6166=IFCDIRECTION((0.,0.,1.));
#6167=IFCEXTRUDEDAREASOLID(#6163,#6165,#6166,2.5);
#6168=IFCSTYLEDITEM(#6167,(#32),$);
#6169=IFCCARTESIANPOINT((3.01084745762712,2.81898305084746));
#6170=IFCAXIS2PLACEMENT2D(#6169,$);
#6171=IFCRECTANGLEPROFILEDEF(.AREA.,$,#6170,0.08,2.41627118644068);
#6172=IFCCARTESIANPOINT((0.,0.,0.1));
#6173=IFCAXIS2PLACEMENT3D(#6172,$,$);
#6174=IFCDIRECTION((0.,0.,1.));
#6175=IFCEXTRUDEDAREASOLID(#6171,#6173,#6174,2.5);
#6176=IFCSTYLEDITEM(#6175,(#32),$);
#6177=IFCBUILDINGELEMENTPROXY('27sO4d$lf2ow7ySl30Nhqj',$,'F5a - GUTMAN','Stand expozitional generic - GUTMAN',$,#6187,#6182,$,$);
#6181=IFCSHAPEREPRESENTATION(#11,'Body','SweptSolid',(#6151,#6159,#6167,#6175));
#6182=IFCPRODUCTDEFINITIONSHAPE($,$,(#6181));
#6183=IFCCARTESIANPOINT((98.6983050847458,21.8576271186441,0.));
#6184=IFCDIRECTION((0.,0.,1.));
#6185=IFCDIRECTION((1.,0.,0.));
#6186=IFCAXIS2PLACEMENT3D(#6183,#6184,#6185);
#6187=IFCLOCALPLACEMENT(#26,#6186);
#6188=IFCPROPERTYSET('03DEVqAvf9dOK4Q09S88Lb',$,'NZEB_ExhibitorInfo',$,(#6190,#6191,#6192,#6193,#6194,#6195,#6196,#6197));
#6189=IFCRELDEFINESBYPROPERTIES('3_HVa0tXTCEA_inCqOx0yv',$,$,$,(#6177),#6188);
#6190=IFCPROPERTYSINGLEVALUE('CompanyName',$,IFCLABEL('GUTMAN'),$);
#6191=IFCPROPERTYSINGLEVALUE('StandNumber',$,IFCLABEL('F5a'),$);
#6192=IFCPROPERTYSINGLEVALUE('Zone',$,IFCLABEL('ZONA 5'),$);
#6193=IFCPROPERTYSINGLEVALUE('AreaSqm',$,IFCREAL(12.3),$);
#6194=IFCPROPERTYSINGLEVALUE('Category',$,IFCLABEL('Acoperisuri si hidroizolatii'),$);
#6195=IFCPROPERTYSINGLEVALUE('CategoryCode',$,IFCLABEL('C04'),$);
#6196=IFCPROPERTYSINGLEVALUE('Indoor',$,IFCBOOLEAN(.T.),$);
#6197=IFCPROPERTYSINGLEVALUE('Event',$,IFCLABEL('NZEB Expo Bucuresti 2026'),$);
#6198=IFCCARTESIANPOINT((6.57627118644068,3.55254237288136));
#6199=IFCAXIS2PLACEMENT2D(#6198,$);
#6200=IFCRECTANGLEPROFILEDEF(.AREA.,$,#6199,13.1525423728814,7.10508474576271);
#6201=IFCCARTESIANPOINT((0.,0.,0.));
#6202=IFCAXIS2PLACEMENT3D(#6201,$,$);
#6203=IFCDIRECTION((0.,0.,1.));
#6204=IFCEXTRUDEDAREASOLID(#6200,#6202,#6203,0.1);
#6205=IFCSTYLEDITEM(#6204,(#92),$);
#6206=IFCCARTESIANPOINT((6.57627118644068,7.06508474576271));
#6207=IFCAXIS2PLACEMENT2D(#6206,$);
#6208=IFCRECTANGLEPROFILEDEF(.AREA.,$,#6207,13.1525423728814,0.08);
#6209=IFCCARTESIANPOINT((0.,0.,0.1));
#6210=IFCAXIS2PLACEMENT3D(#6209,$,$);
#6211=IFCDIRECTION((0.,0.,1.));
#6212=IFCEXTRUDEDAREASOLID(#6208,#6210,#6211,2.5);
#6213=IFCSTYLEDITEM(#6212,(#32),$);
#6214=IFCCARTESIANPOINT((0.04,5.10508474576271));
#6215=IFCAXIS2PLACEMENT2D(#6214,$);
#6216=IFCRECTANGLEPROFILEDEF(.AREA.,$,#6215,0.08,4.);
#6217=IFCCARTESIANPOINT((0.,0.,0.1));
#6218=IFCAXIS2PLACEMENT3D(#6217,$,$);
#6219=IFCDIRECTION((0.,0.,1.));
#6220=IFCEXTRUDEDAREASOLID(#6216,#6218,#6219,2.5);
#6221=IFCSTYLEDITEM(#6220,(#32),$);
#6222=IFCCARTESIANPOINT((13.1125423728814,5.10508474576271));
#6223=IFCAXIS2PLACEMENT2D(#6222,$);
#6224=IFCRECTANGLEPROFILEDEF(.AREA.,$,#6223,0.08,4.);
#6225=IFCCARTESIANPOINT((0.,0.,0.1));
#6226=IFCAXIS2PLACEMENT3D(#6225,$,$);
#6227=IFCDIRECTION((0.,0.,1.));
#6228=IFCEXTRUDEDAREASOLID(#6224,#6226,#6227,2.5);
#6229=IFCSTYLEDITEM(#6228,(#32),$);
#6230=IFCBUILDINGELEMENTPROXY('13Cpg2ESX7xu1KSS2wZeco',$,'B13 - E.ON MAIN PARTNER','Stand expozitional generic - E.ON MAIN PARTNER',$,#6240,#6235,$,$);
#6234=IFCSHAPEREPRESENTATION(#11,'Body','SweptSolid',(#6204,#6212,#6220,#6228));
#6235=IFCPRODUCTDEFINITIONSHAPE($,$,(#6234));
#6236=IFCCARTESIANPOINT((153.803389830508,44.9084745762712,0.));
#6237=IFCDIRECTION((0.,0.,1.));
#6238=IFCDIRECTION((1.,0.,0.));
#6239=IFCAXIS2PLACEMENT3D(#6236,#6237,#6238);
#6240=IFCLOCALPLACEMENT(#26,#6239);
#6241=IFCPROPERTYSET('2Oc5GJ36L78v9DcF$WX$Qv',$,'NZEB_ExhibitorInfo',$,(#6243,#6244,#6245,#6246,#6247,#6248,#6249,#6250,#6251));
#6242=IFCRELDEFINESBYPROPERTIES('19pU1Pdyv7PvVIMOpILjrs',$,$,$,(#6230),#6241);
#6243=IFCPROPERTYSINGLEVALUE('CompanyName',$,IFCLABEL('E.ON MAIN PARTNER'),$);
#6244=IFCPROPERTYSINGLEVALUE('StandNumber',$,IFCLABEL('B13'),$);
#6245=IFCPROPERTYSINGLEVALUE('Zone',$,IFCLABEL('ZONA 3'),$);
#6246=IFCPROPERTYSINGLEVALUE('AreaSqm',$,IFCREAL(93.4),$);
#6247=IFCPROPERTYSINGLEVALUE('Category',$,IFCLABEL('Furnizor de energie'),$);
#6248=IFCPROPERTYSINGLEVALUE('CategoryCode',$,IFCLABEL('C18'),$);
#6249=IFCPROPERTYSINGLEVALUE('Indoor',$,IFCBOOLEAN(.T.),$);
#6250=IFCPROPERTYSINGLEVALUE('Event',$,IFCLABEL('NZEB Expo Bucuresti 2026'),$);
#6251=IFCPROPERTYSINGLEVALUE('Website',$,IFCLABEL('https://www.eon.ro'),$);
#6252=IFCCARTESIANPOINT((4.61016949152542,4.12203389830508));
#6253=IFCAXIS2PLACEMENT2D(#6252,$);
#6254=IFCRECTANGLEPROFILEDEF(.AREA.,$,#6253,9.22033898305085,8.24406779661017);
#6255=IFCCARTESIANPOINT((0.,0.,0.));
#6256=IFCAXIS2PLACEMENT3D(#6255,$,$);
#6257=IFCDIRECTION((0.,0.,1.));
#6258=IFCEXTRUDEDAREASOLID(#6254,#6256,#6257,0.1);
#6259=IFCSTYLEDITEM(#6258,(#95),$);
#6260=IFCCARTESIANPOINT((4.61016949152542,8.20406779661017));
#6261=IFCAXIS2PLACEMENT2D(#6260,$);
#6262=IFCRECTANGLEPROFILEDEF(.AREA.,$,#6261,9.22033898305085,0.08);
#6263=IFCCARTESIANPOINT((0.,0.,0.1));
#6264=IFCAXIS2PLACEMENT3D(#6263,$,$);
#6265=IFCDIRECTION((0.,0.,1.));
#6266=IFCEXTRUDEDAREASOLID(#6262,#6264,#6265,2.5);
#6267=IFCSTYLEDITEM(#6266,(#32),$);
#6268=IFCCARTESIANPOINT((0.04,6.24406779661017));
#6269=IFCAXIS2PLACEMENT2D(#6268,$);
#6270=IFCRECTANGLEPROFILEDEF(.AREA.,$,#6269,0.08,4.);
#6271=IFCCARTESIANPOINT((0.,0.,0.1));
#6272=IFCAXIS2PLACEMENT3D(#6271,$,$);
#6273=IFCDIRECTION((0.,0.,1.));
#6274=IFCEXTRUDEDAREASOLID(#6270,#6272,#6273,2.5);
#6275=IFCSTYLEDITEM(#6274,(#32),$);
#6276=IFCCARTESIANPOINT((9.18033898305085,6.24406779661017));
#6277=IFCAXIS2PLACEMENT2D(#6276,$);
#6278=IFCRECTANGLEPROFILEDEF(.AREA.,$,#6277,0.08,4.);
#6279=IFCCARTESIANPOINT((0.,0.,0.1));
#6280=IFCAXIS2PLACEMENT3D(#6279,$,$);
#6281=IFCDIRECTION((0.,0.,1.));
#6282=IFCEXTRUDEDAREASOLID(#6278,#6280,#6281,2.5);
#6283=IFCSTYLEDITEM(#6282,(#32),$);
#6284=IFCBUILDINGELEMENTPROXY('3DG18$5tvBIBP4gMqGVWzz',$,'DREAME','Stand expozitional generic - DREAME',$,#6294,#6289,$,$);
#6288=IFCSHAPEREPRESENTATION(#11,'Body','SweptSolid',(#6258,#6266,#6274,#6282));
#6289=IFCPRODUCTDEFINITIONSHAPE($,$,(#6288));
#6290=IFCCARTESIANPOINT((42.535593220339,9.6813559322034,0.));
#6291=IFCDIRECTION((0.,0.,1.));
#6292=IFCDIRECTION((1.,0.,0.));
#6293=IFCAXIS2PLACEMENT3D(#6290,#6291,#6292);
#6294=IFCLOCALPLACEMENT(#26,#6293);
#6295=IFCPROPERTYSET('3JpmYicezEkQ6sOonQ0ffi',$,'NZEB_ExhibitorInfo',$,(#6297,#6298,#6299,#6300,#6301,#6302,#6303,#6304));
#6296=IFCRELDEFINESBYPROPERTIES('3UJ1YAPE9DE8aitgWDZidy',$,$,$,(#6284),#6295);
#6297=IFCPROPERTYSINGLEVALUE('CompanyName',$,IFCLABEL('DREAME'),$);
#6298=IFCPROPERTYSINGLEVALUE('StandNumber',$,IFCLABEL(''),$);
#6299=IFCPROPERTYSINGLEVALUE('Zone',$,IFCLABEL('ZONA 4'),$);
#6300=IFCPROPERTYSINGLEVALUE('AreaSqm',$,IFCREAL(76.),$);
#6301=IFCPROPERTYSINGLEVALUE('Category',$,IFCLABEL('Electrocasnice si tehnologie consumer'),$);
#6302=IFCPROPERTYSINGLEVALUE('CategoryCode',$,IFCLABEL('C23'),$);
#6303=IFCPROPERTYSINGLEVALUE('Indoor',$,IFCBOOLEAN(.T.),$);
#6304=IFCPROPERTYSINGLEVALUE('Event',$,IFCLABEL('NZEB Expo Bucuresti 2026'),$);
#6305=IFCCARTESIANPOINT((2.56949152542373,4.06779661016949));
#6306=IFCAXIS2PLACEMENT2D(#6305,$);
#6307=IFCRECTANGLEPROFILEDEF(.AREA.,$,#6306,5.13898305084746,8.13559322033898);
#6308=IFCCARTESIANPOINT((0.,0.,0.));
#6309=IFCAXIS2PLACEMENT3D(#6308,$,$);
#6310=IFCDIRECTION((0.,0.,1.));
#6311=IFCEXTRUDEDAREASOLID(#6307,#6309,#6310,0.1);
#6312=IFCSTYLEDITEM(#6311,(#95),$);
#6313=IFCCARTESIANPOINT((2.56949152542373,8.09559322033898));
#6314=IFCAXIS2PLACEMENT2D(#6313,$);
#6315=IFCRECTANGLEPROFILEDEF(.AREA.,$,#6314,5.13898305084746,0.08);
#6316=IFCCARTESIANPOINT((0.,0.,0.1));
#6317=IFCAXIS2PLACEMENT3D(#6316,$,$);
#6318=IFCDIRECTION((0.,0.,1.));
#6319=IFCEXTRUDEDAREASOLID(#6315,#6317,#6318,2.5);
#6320=IFCSTYLEDITEM(#6319,(#32),$);
#6321=IFCCARTESIANPOINT((0.04,6.13559322033898));
#6322=IFCAXIS2PLACEMENT2D(#6321,$);
#6323=IFCRECTANGLEPROFILEDEF(.AREA.,$,#6322,0.08,4.);
#6324=IFCCARTESIANPOINT((0.,0.,0.1));
#6325=IFCAXIS2PLACEMENT3D(#6324,$,$);
#6326=IFCDIRECTION((0.,0.,1.));
#6327=IFCEXTRUDEDAREASOLID(#6323,#6325,#6326,2.5);
#6328=IFCSTYLEDITEM(#6327,(#32),$);
#6329=IFCCARTESIANPOINT((5.09898305084746,6.13559322033898));
#6330=IFCAXIS2PLACEMENT2D(#6329,$);
#6331=IFCRECTANGLEPROFILEDEF(.AREA.,$,#6330,0.08,4.);
#6332=IFCCARTESIANPOINT((0.,0.,0.1));
#6333=IFCAXIS2PLACEMENT3D(#6332,$,$);
#6334=IFCDIRECTION((0.,0.,1.));
#6335=IFCEXTRUDEDAREASOLID(#6331,#6333,#6334,2.5);
#6336=IFCSTYLEDITEM(#6335,(#32),$);
#6337=IFCBUILDINGELEMENTPROXY('3VCqqvhir5GArr3yrsQFZo',$,'TESLA','Stand expozitional generic - TESLA',$,#6347,#6342,$,$);
#6341=IFCSHAPEREPRESENTATION(#11,'Body','SweptSolid',(#6311,#6319,#6327,#6335));
#6342=IFCPRODUCTDEFINITIONSHAPE($,$,(#6341));
#6343=IFCCARTESIANPOINT((55.6474576271186,9.78983050847458,0.));
#6344=IFCDIRECTION((0.,0.,1.));
#6345=IFCDIRECTION((1.,0.,0.));
#6346=IFCAXIS2PLACEMENT3D(#6343,#6344,#6345);
#6347=IFCLOCALPLACEMENT(#26,#6346);
#6348=IFCPROPERTYSET('3GL8LW$tLEUemiMj0y4EpQ',$,'NZEB_ExhibitorInfo',$,(#6350,#6351,#6352,#6353,#6354,#6355,#6356,#6357,#6358));
#6349=IFCRELDEFINESBYPROPERTIES('10zQVMW1LF7f5AaZze_yaz',$,$,$,(#6337),#6348);
#6350=IFCPROPERTYSINGLEVALUE('CompanyName',$,IFCLABEL('TESLA'),$);
#6351=IFCPROPERTYSINGLEVALUE('StandNumber',$,IFCLABEL(''),$);
#6352=IFCPROPERTYSINGLEVALUE('Zone',$,IFCLABEL('ZONA 4'),$);
#6353=IFCPROPERTYSINGLEVALUE('AreaSqm',$,IFCREAL(41.8),$);
#6354=IFCPROPERTYSINGLEVALUE('Category',$,IFCLABEL('Auto si mobilitate'),$);
#6355=IFCPROPERTYSINGLEVALUE('CategoryCode',$,IFCLABEL('C14'),$);
#6356=IFCPROPERTYSINGLEVALUE('Indoor',$,IFCBOOLEAN(.T.),$);
#6357=IFCPROPERTYSINGLEVALUE('Event',$,IFCLABEL('NZEB Expo Bucuresti 2026'),$);
#6358=IFCPROPERTYSINGLEVALUE('Website',$,IFCLABEL('https://www.tesla.com'),$);
#6359=IFCCARTESIANPOINT((2.0271186440678,3.04406779661017));
#6360=IFCAXIS2PLACEMENT2D(#6359,$);
#6361=IFCRECTANGLEPROFILEDEF(.AREA.,$,#6360,4.05423728813559,6.08813559322034);
#6362=IFCCARTESIANPOINT((0.,0.,0.));
#6363=IFCAXIS2PLACEMENT3D(#6362,$,$);
#6364=IFCDIRECTION((0.,0.,1.));
#6365=IFCEXTRUDEDAREASOLID(#6361,#6363,#6364,0.1);
#6366=IFCSTYLEDITEM(#6365,(#86),$);
#6367=IFCCARTESIANPOINT((2.0271186440678,6.04813559322034));
#6368=IFCAXIS2PLACEMENT2D(#6367,$);
#6369=IFCRECTANGLEPROFILEDEF(.AREA.,$,#6368,4.05423728813559,0.08);
#6370=IFCCARTESIANPOINT((0.,0.,0.1));
#6371=IFCAXIS2PLACEMENT3D(#6370,$,$);
#6372=IFCDIRECTION((0.,0.,1.));
#6373=IFCEXTRUDEDAREASOLID(#6369,#6371,#6372,2.5);
#6374=IFCSTYLEDITEM(#6373,(#32),$);
#6375=IFCCARTESIANPOINT((0.04,4.26169491525424));
#6376=IFCAXIS2PLACEMENT2D(#6375,$);
#6377=IFCRECTANGLEPROFILEDEF(.AREA.,$,#6376,0.08,3.6528813559322);
#6378=IFCCARTESIANPOINT((0.,0.,0.1));
#6379=IFCAXIS2PLACEMENT3D(#6378,$,$);
#6380=IFCDIRECTION((0.,0.,1.));
#6381=IFCEXTRUDEDAREASOLID(#6377,#6379,#6380,2.5);
#6382=IFCSTYLEDITEM(#6381,(#32),$);
#6383=IFCCARTESIANPOINT((4.01423728813559,4.26169491525424));
#6384=IFCAXIS2PLACEMENT2D(#6383,$);
#6385=IFCRECTANGLEPROFILEDEF(.AREA.,$,#6384,0.08,3.6528813559322);
#6386=IFCCARTESIANPOINT((0.,0.,0.1));
#6387=IFCAXIS2PLACEMENT3D(#6386,$,$);
#6388=IFCDIRECTION((0.,0.,1.));
#6389=IFCEXTRUDEDAREASOLID(#6385,#6387,#6388,2.5);
#6390=IFCSTYLEDITEM(#6389,(#32),$);
#6391=IFCBUILDINGELEMENTPROXY('0A_8_rcUbCT92HxtgTv66h',$,'SOLIS - Masina de curse','Stand expozitional generic - SOLIS - Masina de curse',$,#6401,#6396,$,$);
#6395=IFCSHAPEREPRESENTATION(#11,'Body','SweptSolid',(#6365,#6373,#6381,#6389));
#6396=IFCPRODUCTDEFINITIONSHAPE($,$,(#6395));
#6397=IFCCARTESIANPOINT((55.6338983050847,56.5559322033898,0.));
#6398=IFCDIRECTION((0.,0.,1.));
#6399=IFCDIRECTION((1.,0.,0.));
#6400=IFCAXIS2PLACEMENT3D(#6397,#6398,#6399);
#6401=IFCLOCALPLACEMENT(#26,#6400);
#6402=IFCPROPERTYSET('1yikb$sdPDP8D9i5t9e$nk',$,'NZEB_ExhibitorInfo',$,(#6404,#6405,#6406,#6407,#6408,#6409,#6410,#6411));
#6403=IFCRELDEFINESBYPROPERTIES('3wddMt_iXEBPwGh3uYYyt2',$,$,$,(#6391),#6402);
#6404=IFCPROPERTYSINGLEVALUE('CompanyName',$,IFCLABEL('SOLIS - Masina de curse'),$);
#6405=IFCPROPERTYSINGLEVALUE('StandNumber',$,IFCLABEL(''),$);
#6406=IFCPROPERTYSINGLEVALUE('Zone',$,IFCLABEL('ZONA 1'),$);
#6407=IFCPROPERTYSINGLEVALUE('AreaSqm',$,IFCREAL(24.7),$);
#6408=IFCPROPERTYSINGLEVALUE('Category',$,IFCLABEL('Auto si mobilitate'),$);
#6409=IFCPROPERTYSINGLEVALUE('CategoryCode',$,IFCLABEL('C14'),$);
#6410=IFCPROPERTYSINGLEVALUE('Indoor',$,IFCBOOLEAN(.T.),$);
#6411=IFCPROPERTYSINGLEVALUE('Event',$,IFCLABEL('NZEB Expo Bucuresti 2026'),$);
#6412=IFCCARTESIANPOINT((3.6271186440678,3.51864406779661));
#6413=IFCAXIS2PLACEMENT2D(#6412,$);
#6414=IFCRECTANGLEPROFILEDEF(.AREA.,$,#6413,7.25423728813559,7.03728813559322);
#6415=IFCCARTESIANPOINT((0.,0.,0.));
#6416=IFCAXIS2PLACEMENT3D(#6415,$,$);
#6417=IFCDIRECTION((0.,0.,1.));
#6418=IFCEXTRUDEDAREASOLID(#6414,#6416,#6417,0.1);
#6419=IFCSTYLEDITEM(#6418,(#101),$);
#6420=IFCCARTESIANPOINT((3.6271186440678,6.99728813559322));
#6421=IFCAXIS2PLACEMENT2D(#6420,$);
#6422=IFCRECTANGLEPROFILEDEF(.AREA.,$,#6421,7.25423728813559,0.08);
#6423=IFCCARTESIANPOINT((0.,0.,0.1));
#6424=IFCAXIS2PLACEMENT3D(#6423,$,$);
#6425=IFCDIRECTION((0.,0.,1.));
#6426=IFCEXTRUDEDAREASOLID(#6422,#6424,#6425,2.5);
#6427=IFCSTYLEDITEM(#6426,(#32),$);
#6428=IFCCARTESIANPOINT((0.04,5.03728813559322));
#6429=IFCAXIS2PLACEMENT2D(#6428,$);
#6430=IFCRECTANGLEPROFILEDEF(.AREA.,$,#6429,0.08,4.);
#6431=IFCCARTESIANPOINT((0.,0.,0.1));
#6432=IFCAXIS2PLACEMENT3D(#6431,$,$);
#6433=IFCDIRECTION((0.,0.,1.));
#6434=IFCEXTRUDEDAREASOLID(#6430,#6432,#6433,2.5);
#6435=IFCSTYLEDITEM(#6434,(#32),$);
#6436=IFCCARTESIANPOINT((7.21423728813559,5.03728813559322));
#6437=IFCAXIS2PLACEMENT2D(#6436,$);
#6438=IFCRECTANGLEPROFILEDEF(.AREA.,$,#6437,0.08,4.);
#6439=IFCCARTESIANPOINT((0.,0.,0.1));
#6440=IFCAXIS2PLACEMENT3D(#6439,$,$);
#6441=IFCDIRECTION((0.,0.,1.));
#6442=IFCEXTRUDEDAREASOLID(#6438,#6440,#6441,2.5);
#6443=IFCSTYLEDITEM(#6442,(#32),$);
#6444=IFCBUILDINGELEMENTPROXY('3l94fZEK1EiflXBZbXtosn',$,'B1 - DIZAINAR','Stand expozitional generic - DIZAINAR',$,#6454,#6449,$,$);
#6448=IFCSHAPEREPRESENTATION(#11,'Body','SweptSolid',(#6418,#6426,#6434,#6442));
#6449=IFCPRODUCTDEFINITIONSHAPE($,$,(#6448));
#6450=IFCCARTESIANPOINT((159.633898305085,10.9016949152542,0.));
#6451=IFCDIRECTION((0.,0.,1.));
#6452=IFCDIRECTION((1.,0.,0.));
#6453=IFCAXIS2PLACEMENT3D(#6450,#6451,#6452);
#6454=IFCLOCALPLACEMENT(#26,#6453);
#6455=IFCPROPERTYSET('0pDD0I9e9DvuAUPthOmsxA',$,'NZEB_ExhibitorInfo',$,(#6457,#6458,#6459,#6460,#6461,#6462,#6463,#6464,#6465));
#6456=IFCRELDEFINESBYPROPERTIES('0NTQbD5Fv96f8hpTBe5290',$,$,$,(#6444),#6455);
#6457=IFCPROPERTYSINGLEVALUE('CompanyName',$,IFCLABEL('DIZAINAR'),$);
#6458=IFCPROPERTYSINGLEVALUE('StandNumber',$,IFCLABEL('B1'),$);
#6459=IFCPROPERTYSINGLEVALUE('Zone',$,IFCLABEL('ZONA 6'),$);
#6460=IFCPROPERTYSINGLEVALUE('AreaSqm',$,IFCREAL(51.1),$);
#6461=IFCPROPERTYSINGLEVALUE('Category',$,IFCLABEL('Mobilier, design si amenajari interioare'),$);
#6462=IFCPROPERTYSINGLEVALUE('CategoryCode',$,IFCLABEL('C15'),$);
#6463=IFCPROPERTYSINGLEVALUE('Indoor',$,IFCBOOLEAN(.T.),$);
#6464=IFCPROPERTYSINGLEVALUE('Event',$,IFCLABEL('NZEB Expo Bucuresti 2026'),$);
#6465=IFCPROPERTYSINGLEVALUE('Website',$,IFCLABEL('https://www.dizainar.ro'),$);
#6466=IFCCARTESIANPOINT((3.04406779661017,1.49830508474576));
#6467=IFCAXIS2PLACEMENT2D(#6466,$);
#6468=IFCRECTANGLEPROFILEDEF(.AREA.,$,#6467,6.08813559322034,2.99661016949153);
#6469=IFCCARTESIANPOINT((0.,0.,0.));
#6470=IFCAXIS2PLACEMENT3D(#6469,$,$);
#6471=IFCDIRECTION((0.,0.,1.));
#6472=IFCEXTRUDEDAREASOLID(#6468,#6470,#6471,0.1);
#6473=IFCSTYLEDITEM(#6472,(#101),$);
#6474=IFCCARTESIANPOINT((3.04406779661017,2.95661016949153));
#6475=IFCAXIS2PLACEMENT2D(#6474,$);
#6476=IFCRECTANGLEPROFILEDEF(.AREA.,$,#6475,6.08813559322034,0.08);
#6477=IFCCARTESIANPOINT((0.,0.,0.1));
#6478=IFCAXIS2PLACEMENT3D(#6477,$,$);
#6479=IFCDIRECTION((0.,0.,1.));
#6480=IFCEXTRUDEDAREASOLID(#6476,#6478,#6479,2.5);
#6481=IFCSTYLEDITEM(#6480,(#32),$);
#6482=IFCCARTESIANPOINT((0.04,2.09762711864407));
#6483=IFCAXIS2PLACEMENT2D(#6482,$);
#6484=IFCRECTANGLEPROFILEDEF(.AREA.,$,#6483,0.08,1.79796610169492);
#6485=IFCCARTESIANPOINT((0.,0.,0.1));
#6486=IFCAXIS2PLACEMENT3D(#6485,$,$);
#6487=IFCDIRECTION((0.,0.,1.));
#6488=IFCEXTRUDEDAREASOLID(#6484,#6486,#6487,2.5);
#6489=IFCSTYLEDITEM(#6488,(#32),$);
#6490=IFCCARTESIANPOINT((6.04813559322034,2.09762711864407));
#6491=IFCAXIS2PLACEMENT2D(#6490,$);
#6492=IFCRECTANGLEPROFILEDEF(.AREA.,$,#6491,0.08,1.79796610169492);
#6493=IFCCARTESIANPOINT((0.,0.,0.1));
#6494=IFCAXIS2PLACEMENT3D(#6493,$,$);
#6495=IFCDIRECTION((0.,0.,1.));
#6496=IFCEXTRUDEDAREASOLID(#6492,#6494,#6495,2.5);
#6497=IFCSTYLEDITEM(#6496,(#32),$);
#6498=IFCBUILDINGELEMENTPROXY('3Nf1oKvc99MQHeD0BpfRd4',$,'B3 - GCT','Stand expozitional generic - GCT',$,#6508,#6503,$,$);
#6502=IFCSHAPEREPRESENTATION(#11,'Body','SweptSolid',(#6472,#6480,#6488,#6496));
#6503=IFCPRODUCTDEFINITIONSHAPE($,$,(#6502));
#6504=IFCCARTESIANPOINT((153.559322033898,14.928813559322,0.));
#6505=IFCDIRECTION((0.,0.,1.));
#6506=IFCDIRECTION((1.,0.,0.));
#6507=IFCAXIS2PLACEMENT3D(#6504,#6505,#6506);
#6508=IFCLOCALPLACEMENT(#26,#6507);
#6509=IFCPROPERTYSET('1EMRCnr5L9keQ4KBPuPL9K',$,'NZEB_ExhibitorInfo',$,(#6511,#6512,#6513,#6514,#6515,#6516,#6517,#6518));
#6510=IFCRELDEFINESBYPROPERTIES('0mwANnyuDDKx7a1Krgl_rr',$,$,$,(#6498),#6509);
#6511=IFCPROPERTYSINGLEVALUE('CompanyName',$,IFCLABEL('GCT'),$);
#6512=IFCPROPERTYSINGLEVALUE('StandNumber',$,IFCLABEL('B3'),$);
#6513=IFCPROPERTYSINGLEVALUE('Zone',$,IFCLABEL('ZONA 6'),$);
#6514=IFCPROPERTYSINGLEVALUE('AreaSqm',$,IFCREAL(18.2),$);
#6515=IFCPROPERTYSINGLEVALUE('Category',$,IFCLABEL('Produse si servicii pentru constructii (general)'),$);
#6516=IFCPROPERTYSINGLEVALUE('CategoryCode',$,IFCLABEL('C99'),$);
#6517=IFCPROPERTYSINGLEVALUE('Indoor',$,IFCBOOLEAN(.T.),$);
#6518=IFCPROPERTYSINGLEVALUE('Event',$,IFCLABEL('NZEB Expo Bucuresti 2026'),$);
#6519=IFCCARTESIANPOINT((3.04406779661017,2.02033898305085));
#6520=IFCAXIS2PLACEMENT2D(#6519,$);
#6521=IFCRECTANGLEPROFILEDEF(.AREA.,$,#6520,6.08813559322034,4.0406779661017);
#6522=IFCCARTESIANPOINT((0.,0.,0.));
#6523=IFCAXIS2PLACEMENT3D(#6522,$,$);
#6524=IFCDIRECTION((0.,0.,1.));
#6525=IFCEXTRUDEDAREASOLID(#6521,#6523,#6524,0.1);
#6526=IFCSTYLEDITEM(#6525,(#101),$);
#6527=IFCCARTESIANPOINT((3.04406779661017,4.0006779661017));
#6528=IFCAXIS2PLACEMENT2D(#6527,$);
#6529=IFCRECTANGLEPROFILEDEF(.AREA.,$,#6528,6.08813559322034,0.08);
#6530=IFCCARTESIANPOINT((0.,0.,0.1));
#6531=IFCAXIS2PLACEMENT3D(#6530,$,$);
#6532=IFCDIRECTION((0.,0.,1.));
#6533=IFCEXTRUDEDAREASOLID(#6529,#6531,#6532,2.5);
#6534=IFCSTYLEDITEM(#6533,(#32),$);
#6535=IFCCARTESIANPOINT((0.04,2.82847457627119));
#6536=IFCAXIS2PLACEMENT2D(#6535,$);
#6537=IFCRECTANGLEPROFILEDEF(.AREA.,$,#6536,0.08,2.42440677966102);
#6538=IFCCARTESIANPOINT((0.,0.,0.1));
#6539=IFCAXIS2PLACEMENT3D(#6538,$,$);
#6540=IFCDIRECTION((0.,0.,1.));
#6541=IFCEXTRUDEDAREASOLID(#6537,#6539,#6540,2.5);
#6542=IFCSTYLEDITEM(#6541,(#32),$);
#6543=IFCCARTESIANPOINT((6.04813559322034,2.82847457627119));
#6544=IFCAXIS2PLACEMENT2D(#6543,$);
#6545=IFCRECTANGLEPROFILEDEF(.AREA.,$,#6544,0.08,2.42440677966102);
#6546=IFCCARTESIANPOINT((0.,0.,0.1));
#6547=IFCAXIS2PLACEMENT3D(#6546,$,$);
#6548=IFCDIRECTION((0.,0.,1.));
#6549=IFCEXTRUDEDAREASOLID(#6545,#6547,#6548,2.5);
#6550=IFCSTYLEDITEM(#6549,(#32),$);
#6551=IFCBUILDINGELEMENTPROXY('0Kz5p88qLFyPjn9XOYBDlu',$,'B2 - ALUK\X2\00D6\X0\NIGSTAHL','Stand expozitional generic - ALUK\X2\00D6\X0\NIGSTAHL',$,#6561,#6556,$,$);
#6555=IFCSHAPEREPRESENTATION(#11,'Body','SweptSolid',(#6525,#6533,#6541,#6549));
#6556=IFCPRODUCTDEFINITIONSHAPE($,$,(#6555));
#6557=IFCCARTESIANPOINT((153.559322033898,10.8881355932203,0.));
#6558=IFCDIRECTION((0.,0.,1.));
#6559=IFCDIRECTION((1.,0.,0.));
#6560=IFCAXIS2PLACEMENT3D(#6557,#6558,#6559);
#6561=IFCLOCALPLACEMENT(#26,#6560);
#6562=IFCPROPERTYSET('0crLS8KC99WBUZhiD7iL_z',$,'NZEB_ExhibitorInfo',$,(#6564,#6565,#6566,#6567,#6568,#6569,#6570,#6571,#6572));
#6563=IFCRELDEFINESBYPROPERTIES('0vSJfNVeb92fPlnb3xn0Tk',$,$,$,(#6551),#6562);
#6564=IFCPROPERTYSINGLEVALUE('CompanyName',$,IFCLABEL('ALUK\X2\00D6\X0\NIGSTAHL'),$);
#6565=IFCPROPERTYSINGLEVALUE('StandNumber',$,IFCLABEL('B2'),$);
#6566=IFCPROPERTYSINGLEVALUE('Zone',$,IFCLABEL('ZONA 6'),$);
#6567=IFCPROPERTYSINGLEVALUE('AreaSqm',$,IFCREAL(24.6),$);
#6568=IFCPROPERTYSINGLEVALUE('Category',$,IFCLABEL('Ferestre, usi, fatade si tamplarie'),$);
#6569=IFCPROPERTYSINGLEVALUE('CategoryCode',$,IFCLABEL('C02'),$);
#6570=IFCPROPERTYSINGLEVALUE('Indoor',$,IFCBOOLEAN(.T.),$);
#6571=IFCPROPERTYSINGLEVALUE('Event',$,IFCLABEL('NZEB Expo Bucuresti 2026'),$);
#6572=IFCPROPERTYSINGLEVALUE('Website',$,IFCLABEL('https://www.alukoenigstahl.com'),$);
#6573=IFCCARTESIANPOINT((2.06779661016949,2.53559322033898));
#6574=IFCAXIS2PLACEMENT2D(#6573,$);
#6575=IFCRECTANGLEPROFILEDEF(.AREA.,$,#6574,4.13559322033898,5.07118644067797);
#6576=IFCCARTESIANPOINT((0.,0.,0.));
#6577=IFCAXIS2PLACEMENT3D(#6576,$,$);
#6578=IFCDIRECTION((0.,0.,1.));
#6579=IFCEXTRUDEDAREASOLID(#6575,#6577,#6578,0.1);
#6580=IFCSTYLEDITEM(#6579,(#101),$);
#6581=IFCCARTESIANPOINT((2.06779661016949,5.03118644067797));
#6582=IFCAXIS2PLACEMENT2D(#6581,$);
#6583=IFCRECTANGLEPROFILEDEF(.AREA.,$,#6582,4.13559322033898,0.08);
#6584=IFCCARTESIANPOINT((0.,0.,0.1));
#6585=IFCAXIS2PLACEMENT3D(#6584,$,$);
#6586=IFCDIRECTION((0.,0.,1.));
#6587=IFCEXTRUDEDAREASOLID(#6583,#6585,#6586,2.5);
#6588=IFCSTYLEDITEM(#6587,(#32),$);
#6589=IFCCARTESIANPOINT((0.04,3.54983050847458));
#6590=IFCAXIS2PLACEMENT2D(#6589,$);
#6591=IFCRECTANGLEPROFILEDEF(.AREA.,$,#6590,0.08,3.04271186440678);
#6592=IFCCARTESIANPOINT((0.,0.,0.1));
#6593=IFCAXIS2PLACEMENT3D(#6592,$,$);
#6594=IFCDIRECTION((0.,0.,1.));
#6595=IFCEXTRUDEDAREASOLID(#6591,#6593,#6594,2.5);
#6596=IFCSTYLEDITEM(#6595,(#32),$);
#6597=IFCCARTESIANPOINT((4.09559322033898,3.54983050847458));
#6598=IFCAXIS2PLACEMENT2D(#6597,$);
#6599=IFCRECTANGLEPROFILEDEF(.AREA.,$,#6598,0.08,3.04271186440678);
#6600=IFCCARTESIANPOINT((0.,0.,0.1));
#6601=IFCAXIS2PLACEMENT3D(#6600,$,$);
#6602=IFCDIRECTION((0.,0.,1.));
#6603=IFCEXTRUDEDAREASOLID(#6599,#6601,#6602,2.5);
#6604=IFCSTYLEDITEM(#6603,(#32),$);
#6605=IFCBUILDINGELEMENTPROXY('19CAJr6g9DXer7rQeH0XcJ',$,'M0a - ARDBI','Stand expozitional generic - ARDBI',$,#6615,#6610,$,$);
#6609=IFCSHAPEREPRESENTATION(#11,'Body','SweptSolid',(#6579,#6587,#6595,#6603));
#6610=IFCPRODUCTDEFINITIONSHAPE($,$,(#6609));
#6611=IFCCARTESIANPOINT((178.901694915254,1.20677966101696,0.));
#6612=IFCDIRECTION((0.,0.,1.));
#6613=IFCDIRECTION((1.,0.,0.));
#6614=IFCAXIS2PLACEMENT3D(#6611,#6612,#6613);
#6615=IFCLOCALPLACEMENT(#26,#6614);
#6616=IFCPROPERTYSET('0P0$Epxo12qvo4YUp6UmAc',$,'NZEB_ExhibitorInfo',$,(#6618,#6619,#6620,#6621,#6622,#6623,#6624,#6625));
#6617=IFCRELDEFINESBYPROPERTIES('1Ij90IlzHECBLLe$Gen4vz',$,$,$,(#6605),#6616);
#6618=IFCPROPERTYSINGLEVALUE('CompanyName',$,IFCLABEL('ARDBI'),$);
#6619=IFCPROPERTYSINGLEVALUE('StandNumber',$,IFCLABEL('M0a'),$);
#6620=IFCPROPERTYSINGLEVALUE('Zone',$,IFCLABEL('ZONA 6'),$);
#6621=IFCPROPERTYSINGLEVALUE('AreaSqm',$,IFCREAL(21.),$);
#6622=IFCPROPERTYSINGLEVALUE('Category',$,IFCLABEL('Produse si servicii pentru constructii (general)'),$);
#6623=IFCPROPERTYSINGLEVALUE('CategoryCode',$,IFCLABEL('C99'),$);
#6624=IFCPROPERTYSINGLEVALUE('Indoor',$,IFCBOOLEAN(.T.),$);
#6625=IFCPROPERTYSINGLEVALUE('Event',$,IFCLABEL('NZEB Expo Bucuresti 2026'),$);
#6626=IFCCARTESIANPOINT((6.08813559322034,1.51864406779661));
#6627=IFCAXIS2PLACEMENT2D(#6626,$);
#6628=IFCRECTANGLEPROFILEDEF(.AREA.,$,#6627,12.1762711864407,3.03728813559322);
#6629=IFCCARTESIANPOINT((0.,0.,0.));
#6630=IFCAXIS2PLACEMENT3D(#6629,$,$);
#6631=IFCDIRECTION((0.,0.,1.));
#6632=IFCEXTRUDEDAREASOLID(#6628,#6630,#6631,0.1);
#6633=IFCSTYLEDITEM(#6632,(#98),$);
#6634=IFCCARTESIANPOINT((6.08813559322034,2.99728813559322));
#6635=IFCAXIS2PLACEMENT2D(#6634,$);
#6636=IFCRECTANGLEPROFILEDEF(.AREA.,$,#6635,12.1762711864407,0.08);
#6637=IFCCARTESIANPOINT((0.,0.,0.1));
#6638=IFCAXIS2PLACEMENT3D(#6637,$,$);
#6639=IFCDIRECTION((0.,0.,1.));
#6640=IFCEXTRUDEDAREASOLID(#6636,#6638,#6639,2.5);
#6641=IFCSTYLEDITEM(#6640,(#32),$);
#6642=IFCCARTESIANPOINT((0.04,2.12610169491525));
#6643=IFCAXIS2PLACEMENT2D(#6642,$);
#6644=IFCRECTANGLEPROFILEDEF(.AREA.,$,#6643,0.08,1.82237288135593);
#6645=IFCCARTESIANPOINT((0.,0.,0.1));
#6646=IFCAXIS2PLACEMENT3D(#6645,$,$);
#6647=IFCDIRECTION((0.,0.,1.));
#6648=IFCEXTRUDEDAREASOLID(#6644,#6646,#6647,2.5);
#6649=IFCSTYLEDITEM(#6648,(#32),$);
#6650=IFCCARTESIANPOINT((12.1362711864407,2.12610169491525));
#6651=IFCAXIS2PLACEMENT2D(#6650,$);
#6652=IFCRECTANGLEPROFILEDEF(.AREA.,$,#6651,0.08,1.82237288135593);
#6653=IFCCARTESIANPOINT((0.,0.,0.1));
#6654=IFCAXIS2PLACEMENT3D(#6653,$,$);
#6655=IFCDIRECTION((0.,0.,1.));
#6656=IFCEXTRUDEDAREASOLID(#6652,#6654,#6655,2.5);
#6657=IFCSTYLEDITEM(#6656,(#32),$);
#6658=IFCBUILDINGELEMENTPROXY('2b$wg7wVH6CB6w_XEMCbYC',$,'M6 - SEMINEE DEUS','Stand expozitional generic - SEMINEE DEUS',$,#6668,#6663,$,$);
#6662=IFCSHAPEREPRESENTATION(#11,'Body','SweptSolid',(#6632,#6640,#6648,#6656));
#6663=IFCPRODUCTDEFINITIONSHAPE($,$,(#6662));
#6664=IFCCARTESIANPOINT((94.6305084745763,3.56610169491526,0.));
#6665=IFCDIRECTION((0.,0.,1.));
#6666=IFCDIRECTION((1.,0.,0.));
#6667=IFCAXIS2PLACEMENT3D(#6664,#6665,#6666);
#6668=IFCLOCALPLACEMENT(#26,#6667);
#6669=IFCPROPERTYSET('09171B0mH6Lu8mDh479zG6',$,'NZEB_ExhibitorInfo',$,(#6671,#6672,#6673,#6674,#6675,#6676,#6677,#6678));
#6670=IFCRELDEFINESBYPROPERTIES('3EPViPzVj0pfME1wnNsEnD',$,$,$,(#6658),#6669);
#6671=IFCPROPERTYSINGLEVALUE('CompanyName',$,IFCLABEL('SEMINEE DEUS'),$);
#6672=IFCPROPERTYSINGLEVALUE('StandNumber',$,IFCLABEL('M6'),$);
#6673=IFCPROPERTYSINGLEVALUE('Zone',$,IFCLABEL('ZONA 5'),$);
#6674=IFCPROPERTYSINGLEVALUE('AreaSqm',$,IFCREAL(37.),$);
#6675=IFCPROPERTYSINGLEVALUE('Category',$,IFCLABEL('HVAC, incalzire, ventilatie si instalatii'),$);
#6676=IFCPROPERTYSINGLEVALUE('CategoryCode',$,IFCLABEL('C03'),$);
#6677=IFCPROPERTYSINGLEVALUE('Indoor',$,IFCBOOLEAN(.T.),$);
#6678=IFCPROPERTYSINGLEVALUE('Event',$,IFCLABEL('NZEB Expo Bucuresti 2026'),$);
#6679=IFCCARTESIANPOINT((1.01694915254237,3.87118644067797));
#6680=IFCAXIS2PLACEMENT2D(#6679,$);
#6681=IFCRECTANGLEPROFILEDEF(.AREA.,$,#6680,2.03389830508475,7.74237288135593);
#6682=IFCCARTESIANPOINT((0.,0.,0.));
#6683=IFCAXIS2PLACEMENT3D(#6682,$,$);
#6684=IFCDIRECTION((0.,0.,1.));
#6685=IFCEXTRUDEDAREASOLID(#6681,#6683,#6684,0.1);
#6686=IFCSTYLEDITEM(#6685,(#104),$);
#6687=IFCCARTESIANPOINT((1.01694915254237,7.70237288135593));
#6688=IFCAXIS2PLACEMENT2D(#6687,$);
#6689=IFCRECTANGLEPROFILEDEF(.AREA.,$,#6688,2.03389830508475,0.08);
#6690=IFCCARTESIANPOINT((0.,0.,0.1));
#6691=IFCAXIS2PLACEMENT3D(#6690,$,$);
#6692=IFCDIRECTION((0.,0.,1.));
#6693=IFCEXTRUDEDAREASOLID(#6689,#6691,#6692,2.5);
#6694=IFCSTYLEDITEM(#6693,(#32),$);
#6695=IFCCARTESIANPOINT((0.04,5.74237288135593));
#6696=IFCAXIS2PLACEMENT2D(#6695,$);
#6697=IFCRECTANGLEPROFILEDEF(.AREA.,$,#6696,0.08,4.);
#6698=IFCCARTESIANPOINT((0.,0.,0.1));
#6699=IFCAXIS2PLACEMENT3D(#6698,$,$);
#6700=IFCDIRECTION((0.,0.,1.));
#6701=IFCEXTRUDEDAREASOLID(#6697,#6699,#6700,2.5);
#6702=IFCSTYLEDITEM(#6701,(#32),$);
#6703=IFCCARTESIANPOINT((1.99389830508475,5.74237288135593));
#6704=IFCAXIS2PLACEMENT2D(#6703,$);
#6705=IFCRECTANGLEPROFILEDEF(.AREA.,$,#6704,0.08,4.);
#6706=IFCCARTESIANPOINT((0.,0.,0.1));
#6707=IFCAXIS2PLACEMENT3D(#6706,$,$);
#6708=IFCDIRECTION((0.,0.,1.));
#6709=IFCEXTRUDEDAREASOLID(#6705,#6707,#6708,2.5);
#6710=IFCSTYLEDITEM(#6709,(#32),$);
#6711=IFCBUILDINGELEMENTPROXY('1wBaWJpff09htx6Q$18lCI',$,'N6 - DAFCO FENDOOR','Stand expozitional generic - DAFCO FENDOOR',$,#6721,#6716,$,$);
#6715=IFCSHAPEREPRESENTATION(#11,'Body','SweptSolid',(#6685,#6693,#6701,#6709));
#6716=IFCPRODUCTDEFINITIONSHAPE($,$,(#6715));
#6717=IFCCARTESIANPOINT((188.013559322034,38.6847457627119,0.));
#6718=IFCDIRECTION((0.,0.,1.));
#6719=IFCDIRECTION((1.,0.,0.));
#6720=IFCAXIS2PLACEMENT3D(#6717,#6718,#6719);
#6721=IFCLOCALPLACEMENT(#26,#6720);
#6722=IFCPROPERTYSET('0Tle2itjr1EQhvsP4F2guo',$,'NZEB_ExhibitorInfo',$,(#6724,#6725,#6726,#6727,#6728,#6729,#6730,#6731));
#6723=IFCRELDEFINESBYPROPERTIES('2CPDQiVVbBn96iYS$Qh1pd',$,$,$,(#6711),#6722);
#6724=IFCPROPERTYSINGLEVALUE('CompanyName',$,IFCLABEL('DAFCO FENDOOR'),$);
#6725=IFCPROPERTYSINGLEVALUE('StandNumber',$,IFCLABEL('N6'),$);
#6726=IFCPROPERTYSINGLEVALUE('Zone',$,IFCLABEL('ZONA 7'),$);
#6727=IFCPROPERTYSINGLEVALUE('AreaSqm',$,IFCREAL(15.7),$);
#6728=IFCPROPERTYSINGLEVALUE('Category',$,IFCLABEL('Produse si servicii pentru constructii (general)'),$);
#6729=IFCPROPERTYSINGLEVALUE('CategoryCode',$,IFCLABEL('C99'),$);
#6730=IFCPROPERTYSINGLEVALUE('Indoor',$,IFCBOOLEAN(.T.),$);
#6731=IFCPROPERTYSINGLEVALUE('Event',$,IFCLABEL('NZEB Expo Bucuresti 2026'),$);
#6732=IFCCARTESIANPOINT((6.50847457627119,3.56610169491525));
#6733=IFCAXIS2PLACEMENT2D(#6732,$);
#6734=IFCRECTANGLEPROFILEDEF(.AREA.,$,#6733,13.0169491525424,7.13220338983051);
#6735=IFCCARTESIANPOINT((0.,0.,0.));
#6736=IFCAXIS2PLACEMENT3D(#6735,$,$);
#6737=IFCDIRECTION((0.,0.,1.));
#6738=IFCEXTRUDEDAREASOLID(#6734,#6736,#6737,0.1);
#6739=IFCSTYLEDITEM(#6738,(#101),$);
#6740=IFCCARTESIANPOINT((6.50847457627119,7.09220338983051));
#6741=IFCAXIS2PLACEMENT2D(#6740,$);
#6742=IFCRECTANGLEPROFILEDEF(.AREA.,$,#6741,13.0169491525424,0.08);
#6743=IFCCARTESIANPOINT((0.,0.,0.1));
#6744=IFCAXIS2PLACEMENT3D(#6743,$,$);
#6745=IFCDIRECTION((0.,0.,1.));
#6746=IFCEXTRUDEDAREASOLID(#6742,#6744,#6745,2.5);
#6747=IFCSTYLEDITEM(#6746,(#32),$);
#6748=IFCCARTESIANPOINT((0.04,5.13220338983051));
#6749=IFCAXIS2PLACEMENT2D(#6748,$);
#6750=IFCRECTANGLEPROFILEDEF(.AREA.,$,#6749,0.08,4.);
#6751=IFCCARTESIANPOINT((0.,0.,0.1));
#6752=IFCAXIS2PLACEMENT3D(#6751,$,$);
#6753=IFCDIRECTION((0.,0.,1.));
#6754=IFCEXTRUDEDAREASOLID(#6750,#6752,#6753,2.5);
#6755=IFCSTYLEDITEM(#6754,(#32),$);
#6756=IFCCARTESIANPOINT((12.9769491525424,5.13220338983051));
#6757=IFCAXIS2PLACEMENT2D(#6756,$);
#6758=IFCRECTANGLEPROFILEDEF(.AREA.,$,#6757,0.08,4.);
#6759=IFCCARTESIANPOINT((0.,0.,0.1));
#6760=IFCAXIS2PLACEMENT3D(#6759,$,$);
#6761=IFCDIRECTION((0.,0.,1.));
#6762=IFCEXTRUDEDAREASOLID(#6758,#6760,#6761,2.5);
#6763=IFCSTYLEDITEM(#6762,(#32),$);
#6764=IFCBUILDINGELEMENTPROXY('0TW5Ecfq9DI85krgftO9Vp',$,'A4 - BT MAIN PARTNER','Stand expozitional generic - BT MAIN PARTNER',$,#6774,#6769,$,$);
#6768=IFCSHAPEREPRESENTATION(#11,'Body','SweptSolid',(#6738,#6746,#6754,#6762));
#6769=IFCPRODUCTDEFINITIONSHAPE($,$,(#6768));
#6770=IFCCARTESIANPOINT((171.105084745763,10.8610169491525,0.));
#6771=IFCDIRECTION((0.,0.,1.));
#6772=IFCDIRECTION((1.,0.,0.));
#6773=IFCAXIS2PLACEMENT3D(#6770,#6771,#6772);
#6774=IFCLOCALPLACEMENT(#26,#6773);
#6775=IFCPROPERTYSET('0wm_6a70T8vfNMT$p6dwGa',$,'NZEB_ExhibitorInfo',$,(#6777,#6778,#6779,#6780,#6781,#6782,#6783,#6784,#6785));
#6776=IFCRELDEFINESBYPROPERTIES('24EOD3$v5Bfw9zNlgfAJL7',$,$,$,(#6764),#6775);
#6777=IFCPROPERTYSINGLEVALUE('CompanyName',$,IFCLABEL('BT MAIN PARTNER'),$);
#6778=IFCPROPERTYSINGLEVALUE('StandNumber',$,IFCLABEL('A4'),$);
#6779=IFCPROPERTYSINGLEVALUE('Zone',$,IFCLABEL('ZONA 6'),$);
#6780=IFCPROPERTYSINGLEVALUE('AreaSqm',$,IFCREAL(92.8),$);
#6781=IFCPROPERTYSINGLEVALUE('Category',$,IFCLABEL('Servicii financiar-bancare'),$);
#6782=IFCPROPERTYSINGLEVALUE('CategoryCode',$,IFCLABEL('C19'),$);
#6783=IFCPROPERTYSINGLEVALUE('Indoor',$,IFCBOOLEAN(.T.),$);
#6784=IFCPROPERTYSINGLEVALUE('Event',$,IFCLABEL('NZEB Expo Bucuresti 2026'),$);
#6785=IFCPROPERTYSINGLEVALUE('Website',$,IFCLABEL('https://www.bancatransilvania.ro'),$);
#6786=IFCCARTESIANPOINT((3.02372881355932,2.25084745762712));
#6787=IFCAXIS2PLACEMENT2D(#6786,$);
#6788=IFCRECTANGLEPROFILEDEF(.AREA.,$,#6787,6.04745762711864,4.50169491525424);
#6789=IFCCARTESIANPOINT((0.,0.,0.));
#6790=IFCAXIS2PLACEMENT3D(#6789,$,$);
#6791=IFCDIRECTION((0.,0.,1.));
#6792=IFCEXTRUDEDAREASOLID(#6788,#6790,#6791,0.1);
#6793=IFCSTYLEDITEM(#6792,(#104),$);
#6794=IFCCARTESIANPOINT((3.02372881355932,4.46169491525424));
#6795=IFCAXIS2PLACEMENT2D(#6794,$);
#6796=IFCRECTANGLEPROFILEDEF(.AREA.,$,#6795,6.04745762711864,0.08);
#6797=IFCCARTESIANPOINT((0.,0.,0.1));
#6798=IFCAXIS2PLACEMENT3D(#6797,$,$);
#6799=IFCDIRECTION((0.,0.,1.));
#6800=IFCEXTRUDEDAREASOLID(#6796,#6798,#6799,2.5);
#6801=IFCSTYLEDITEM(#6800,(#32),$);
#6802=IFCCARTESIANPOINT((0.04,3.15118644067797));
#6803=IFCAXIS2PLACEMENT2D(#6802,$);
#6804=IFCRECTANGLEPROFILEDEF(.AREA.,$,#6803,0.08,2.70101694915254);
#6805=IFCCARTESIANPOINT((0.,0.,0.1));
#6806=IFCAXIS2PLACEMENT3D(#6805,$,$);
#6807=IFCDIRECTION((0.,0.,1.));
#6808=IFCEXTRUDEDAREASOLID(#6804,#6806,#6807,2.5);
#6809=IFCSTYLEDITEM(#6808,(#32),$);
#6810=IFCCARTESIANPOINT((6.00745762711864,3.15118644067797));
#6811=IFCAXIS2PLACEMENT2D(#6810,$);
#6812=IFCRECTANGLEPROFILEDEF(.AREA.,$,#6811,0.08,2.70101694915254);
#6813=IFCCARTESIANPOINT((0.,0.,0.1));
#6814=IFCAXIS2PLACEMENT3D(#6813,$,$);
#6815=IFCDIRECTION((0.,0.,1.));
#6816=IFCEXTRUDEDAREASOLID(#6812,#6814,#6815,2.5);
#6817=IFCSTYLEDITEM(#6816,(#32),$);
#6818=IFCBUILDINGELEMENTPROXY('07Yfa6MiDBafFkb3PrPZh5',$,'O5 - ZAHARIA CERAMIC','Stand expozitional generic - ZAHARIA CERAMIC',$,#6829,#6823,$,$);
#6822=IFCSHAPEREPRESENTATION(#11,'Body','SweptSolid',(#6792,#6800,#6808,#6816));
#6823=IFCPRODUCTDEFINITIONSHAPE($,$,(#6822));
#6824=IFCRELCONTAINEDINSPATIALSTRUCTURE('0Z1XQWFv9CMvTTHQ4ZXjCP',$,$,$,(#8312,#10390,#10710,#10284,#8365,#10657,#10604,#10178,#8686,#8632,#7885,#7832,#10231,#10551,#10498,#10444,#10125,#10071,#10763,#10337,#6818),#12);
#6825=IFCCARTESIANPOINT((215.525423728814,36.8813559322034,0.));
#6826=IFCDIRECTION((0.,0.,1.));
#6827=IFCDIRECTION((1.,0.,0.));
#6828=IFCAXIS2PLACEMENT3D(#6825,#6826,#6827);
#6829=IFCLOCALPLACEMENT(#20,#6828);
#6830=IFCPROPERTYSET('3JHOFVthrCbPaY40soFgxo',$,'NZEB_ExhibitorInfo',$,(#6832,#6833,#6834,#6835,#6836,#6837,#6838,#6839));
#6831=IFCRELDEFINESBYPROPERTIES('39bTD8RPHDf9ZxZ8m5$GN_',$,$,$,(#6818),#6830);
#6832=IFCPROPERTYSINGLEVALUE('CompanyName',$,IFCLABEL('ZAHARIA CERAMIC'),$);
#6833=IFCPROPERTYSINGLEVALUE('StandNumber',$,IFCLABEL('O5'),$);
#6834=IFCPROPERTYSINGLEVALUE('Zone',$,IFCLABEL('ZONA 7'),$);
#6835=IFCPROPERTYSINGLEVALUE('AreaSqm',$,IFCREAL(27.2),$);
#6836=IFCPROPERTYSINGLEVALUE('Category',$,IFCLABEL('Materiale de constructii'),$);
#6837=IFCPROPERTYSINGLEVALUE('CategoryCode',$,IFCLABEL('C05'),$);
#6838=IFCPROPERTYSINGLEVALUE('Indoor',$,IFCBOOLEAN(.F.),$);
#6839=IFCPROPERTYSINGLEVALUE('Event',$,IFCLABEL('NZEB Expo Bucuresti 2026'),$);
#6840=IFCCARTESIANPOINT((2.61016949152542,2.06101694915254));
#6841=IFCAXIS2PLACEMENT2D(#6840,$);
#6842=IFCRECTANGLEPROFILEDEF(.AREA.,$,#6841,5.22033898305085,4.12203389830508);
#6843=IFCCARTESIANPOINT((0.,0.,0.));
#6844=IFCAXIS2PLACEMENT3D(#6843,$,$);
#6845=IFCDIRECTION((0.,0.,1.));
#6846=IFCEXTRUDEDAREASOLID(#6842,#6844,#6845,0.1);
#6847=IFCSTYLEDITEM(#6846,(#86),$);
#6848=IFCCARTESIANPOINT((2.61016949152542,4.08203389830508));
#6849=IFCAXIS2PLACEMENT2D(#6848,$);
#6850=IFCRECTANGLEPROFILEDEF(.AREA.,$,#6849,5.22033898305085,0.08);
#6851=IFCCARTESIANPOINT((0.,0.,0.1));
#6852=IFCAXIS2PLACEMENT3D(#6851,$,$);
#6853=IFCDIRECTION((0.,0.,1.));
#6854=IFCEXTRUDEDAREASOLID(#6850,#6852,#6853,2.5);
#6855=IFCSTYLEDITEM(#6854,(#32),$);
#6856=IFCCARTESIANPOINT((0.04,2.88542372881356));
#6857=IFCAXIS2PLACEMENT2D(#6856,$);
#6858=IFCRECTANGLEPROFILEDEF(.AREA.,$,#6857,0.08,2.47322033898305);
#6859=IFCCARTESIANPOINT((0.,0.,0.1));
#6860=IFCAXIS2PLACEMENT3D(#6859,$,$);
#6861=IFCDIRECTION((0.,0.,1.));
#6862=IFCEXTRUDEDAREASOLID(#6858,#6860,#6861,2.5);
#6863=IFCSTYLEDITEM(#6862,(#32),$);
#6864=IFCCARTESIANPOINT((5.18033898305085,2.88542372881356));
#6865=IFCAXIS2PLACEMENT2D(#6864,$);
#6866=IFCRECTANGLEPROFILEDEF(.AREA.,$,#6865,0.08,2.47322033898305);
#6867=IFCCARTESIANPOINT((0.,0.,0.1));
#6868=IFCAXIS2PLACEMENT3D(#6867,$,$);
#6869=IFCDIRECTION((0.,0.,1.));
#6870=IFCEXTRUDEDAREASOLID(#6866,#6868,#6869,2.5);
#6871=IFCSTYLEDITEM(#6870,(#32),$);
#6872=IFCBUILDINGELEMENTPROXY('2odfsUSbnCTfJqeTdoE7O8',$,'H11 - KRAFT CAMPUS Asociatia RO Electric','Stand expozitional generic - KRAFT CAMPUS Asociatia RO Electric',$,#6882,#6877,$,$);
#6876=IFCSHAPEREPRESENTATION(#11,'Body','SweptSolid',(#6846,#6854,#6862,#6870));
#6877=IFCPRODUCTDEFINITIONSHAPE($,$,(#6876));
#6878=IFCCARTESIANPOINT((64.2305084745763,71.5661016949153,0.));
#6879=IFCDIRECTION((0.,0.,1.));
#6880=IFCDIRECTION((1.,0.,0.));
#6881=IFCAXIS2PLACEMENT3D(#6878,#6879,#6880);
#6882=IFCLOCALPLACEMENT(#26,#6881);
#6883=IFCPROPERTYSET('0lXYliDUfELAA78Sz4t9iB',$,'NZEB_ExhibitorInfo',$,(#6885,#6886,#6887,#6888,#6889,#6890,#6891,#6892));
#6884=IFCRELDEFINESBYPROPERTIES('1_Zg5A7uDDSQ2wUGGsCeud',$,$,$,(#6872),#6883);
#6885=IFCPROPERTYSINGLEVALUE('CompanyName',$,IFCLABEL('KRAFT CAMPUS Asociatia RO Electric'),$);
#6886=IFCPROPERTYSINGLEVALUE('StandNumber',$,IFCLABEL('H11'),$);
#6887=IFCPROPERTYSINGLEVALUE('Zone',$,IFCLABEL('ZONA 1'),$);
#6888=IFCPROPERTYSINGLEVALUE('AreaSqm',$,IFCREAL(21.5),$);
#6889=IFCPROPERTYSINGLEVALUE('Category',$,IFCLABEL('Educatie, asociatii si ONG'),$);
#6890=IFCPROPERTYSINGLEVALUE('CategoryCode',$,IFCLABEL('C13'),$);
#6891=IFCPROPERTYSINGLEVALUE('Indoor',$,IFCBOOLEAN(.T.),$);
#6892=IFCPROPERTYSINGLEVALUE('Event',$,IFCLABEL('NZEB Expo Bucuresti 2026'),$);
#6893=IFCCARTESIANPOINT((6.63728813559322,3.57966101694915));
#6894=IFCAXIS2PLACEMENT2D(#6893,$);
#6895=IFCRECTANGLEPROFILEDEF(.AREA.,$,#6894,13.2745762711864,7.15932203389831);
#6896=IFCCARTESIANPOINT((0.,0.,0.));
#6897=IFCAXIS2PLACEMENT3D(#6896,$,$);
#6898=IFCDIRECTION((0.,0.,1.));
#6899=IFCEXTRUDEDAREASOLID(#6895,#6897,#6898,0.1);
#6900=IFCSTYLEDITEM(#6899,(#89),$);
#6901=IFCCARTESIANPOINT((6.63728813559322,7.1193220338983));
#6902=IFCAXIS2PLACEMENT2D(#6901,$);
#6903=IFCRECTANGLEPROFILEDEF(.AREA.,$,#6902,13.2745762711864,0.08);
#6904=IFCCARTESIANPOINT((0.,0.,0.1));
#6905=IFCAXIS2PLACEMENT3D(#6904,$,$);
#6906=IFCDIRECTION((0.,0.,1.));
#6907=IFCEXTRUDEDAREASOLID(#6903,#6905,#6906,2.5);
#6908=IFCSTYLEDITEM(#6907,(#32),$);
#6909=IFCCARTESIANPOINT((0.04,5.15932203389831));
#6910=IFCAXIS2PLACEMENT2D(#6909,$);
#6911=IFCRECTANGLEPROFILEDEF(.AREA.,$,#6910,0.08,4.);
#6912=IFCCARTESIANPOINT((0.,0.,0.1));
#6913=IFCAXIS2PLACEMENT3D(#6912,$,$);
#6914=IFCDIRECTION((0.,0.,1.));
#6915=IFCEXTRUDEDAREASOLID(#6911,#6913,#6914,2.5);
#6916=IFCSTYLEDITEM(#6915,(#32),$);
#6917=IFCCARTESIANPOINT((13.2345762711864,5.15932203389831));
#6918=IFCAXIS2PLACEMENT2D(#6917,$);
#6919=IFCRECTANGLEPROFILEDEF(.AREA.,$,#6918,0.08,4.);
#6920=IFCCARTESIANPOINT((0.,0.,0.1));
#6921=IFCAXIS2PLACEMENT3D(#6920,$,$);
#6922=IFCDIRECTION((0.,0.,1.));
#6923=IFCEXTRUDEDAREASOLID(#6919,#6921,#6922,2.5);
#6924=IFCSTYLEDITEM(#6923,(#32),$);
#6925=IFCBUILDINGELEMENTPROXY('1r30qGww57eApWsuZM4xRH',$,'E11 - XELLA','Stand expozitional generic - XELLA',$,#6935,#6930,$,$);
#6929=IFCSHAPEREPRESENTATION(#11,'Body','SweptSolid',(#6899,#6907,#6915,#6923));
#6930=IFCPRODUCTDEFINITIONSHAPE($,$,(#6929));
#6931=IFCCARTESIANPOINT((113.491525423729,57.1525423728814,0.));
#6932=IFCDIRECTION((0.,0.,1.));
#6933=IFCDIRECTION((1.,0.,0.));
#6934=IFCAXIS2PLACEMENT3D(#6931,#6932,#6933);
#6935=IFCLOCALPLACEMENT(#26,#6934);
#6936=IFCPROPERTYSET('2TzfBv3cz9K8UYoM_eWRYD',$,'NZEB_ExhibitorInfo',$,(#6938,#6939,#6940,#6941,#6942,#6943,#6944,#6945,#6946));
#6937=IFCRELDEFINESBYPROPERTIES('04EBNSkFr96gm2V743$ZIS',$,$,$,(#6925),#6936);
#6938=IFCPROPERTYSINGLEVALUE('CompanyName',$,IFCLABEL('XELLA'),$);
#6939=IFCPROPERTYSINGLEVALUE('StandNumber',$,IFCLABEL('E11'),$);
#6940=IFCPROPERTYSINGLEVALUE('Zone',$,IFCLABEL('ZONA 2'),$);
#6941=IFCPROPERTYSINGLEVALUE('AreaSqm',$,IFCREAL(95.),$);
#6942=IFCPROPERTYSINGLEVALUE('Category',$,IFCLABEL('Materiale de constructii'),$);
#6943=IFCPROPERTYSINGLEVALUE('CategoryCode',$,IFCLABEL('C05'),$);
#6944=IFCPROPERTYSINGLEVALUE('Indoor',$,IFCBOOLEAN(.T.),$);
#6945=IFCPROPERTYSINGLEVALUE('Event',$,IFCLABEL('NZEB Expo Bucuresti 2026'),$);
#6946=IFCPROPERTYSINGLEVALUE('Website',$,IFCLABEL('https://www.xella.com'),$);
#6947=IFCCARTESIANPOINT((3.55254237288136,1.49830508474576));
#6948=IFCAXIS2PLACEMENT2D(#6947,$);
#6949=IFCRECTANGLEPROFILEDEF(.AREA.,$,#6948,7.10508474576271,2.99661016949153);
#6950=IFCCARTESIANPOINT((0.,0.,0.));
#6951=IFCAXIS2PLACEMENT3D(#6950,$,$);
#6952=IFCDIRECTION((0.,0.,1.));
#6953=IFCEXTRUDEDAREASOLID(#6949,#6951,#6952,0.1);
#6954=IFCSTYLEDITEM(#6953,(#89),$);
#6955=IFCCARTESIANPOINT((3.55254237288136,2.95661016949153));
#6956=IFCAXIS2PLACEMENT2D(#6955,$);
#6957=IFCRECTANGLEPROFILEDEF(.AREA.,$,#6956,7.10508474576271,0.08);
#6958=IFCCARTESIANPOINT((0.,0.,0.1));
#6959=IFCAXIS2PLACEMENT3D(#6958,$,$);
#6960=IFCDIRECTION((0.,0.,1.));
#6961=IFCEXTRUDEDAREASOLID(#6957,#6959,#6960,2.5);
#6962=IFCSTYLEDITEM(#6961,(#32),$);
#6963=IFCCARTESIANPOINT((0.04,2.09762711864407));
#6964=IFCAXIS2PLACEMENT2D(#6963,$);
#6965=IFCRECTANGLEPROFILEDEF(.AREA.,$,#6964,0.08,1.79796610169492);
#6966=IFCCARTESIANPOINT((0.,0.,0.1));
#6967=IFCAXIS2PLACEMENT3D(#6966,$,$);
#6968=IFCDIRECTION((0.,0.,1.));
#6969=IFCEXTRUDEDAREASOLID(#6965,#6967,#6968,2.5);
#6970=IFCSTYLEDITEM(#6969,(#32),$);
#6971=IFCCARTESIANPOINT((7.06508474576271,2.09762711864407));
#6972=IFCAXIS2PLACEMENT2D(#6971,$);
#6973=IFCRECTANGLEPROFILEDEF(.AREA.,$,#6972,0.08,1.79796610169492);
#6974=IFCCARTESIANPOINT((0.,0.,0.1));
#6975=IFCAXIS2PLACEMENT3D(#6974,$,$);
#6976=IFCDIRECTION((0.,0.,1.));
#6977=IFCEXTRUDEDAREASOLID(#6973,#6975,#6976,2.5);
#6978=IFCSTYLEDITEM(#6977,(#32),$);
#6979=IFCBUILDINGELEMENTPROXY('0e9nP7eEvC_8wnQiKKgtKV',$,'G20 - REGULUS','Stand expozitional generic - REGULUS',$,#6989,#6984,$,$);
#6983=IFCSHAPEREPRESENTATION(#11,'Body','SweptSolid',(#6953,#6961,#6969,#6977));
#6984=IFCPRODUCTDEFINITIONSHAPE($,$,(#6983));
#6985=IFCCARTESIANPOINT((84.7186440677966,60.664406779661,0.));
#6986=IFCDIRECTION((0.,0.,1.));
#6987=IFCDIRECTION((1.,0.,0.));
#6988=IFCAXIS2PLACEMENT3D(#6985,#6986,#6987);
#6989=IFCLOCALPLACEMENT(#26,#6988);
#6990=IFCPROPERTYSET('1SsvHLlX1ECebgGk9NJbFZ',$,'NZEB_ExhibitorInfo',$,(#6992,#6993,#6994,#6995,#6996,#6997,#6998,#6999,#7000));
#6991=IFCRELDEFINESBYPROPERTIES('1MBDDsZRn1hBIz95GLsXLc',$,$,$,(#6979),#6990);
#6992=IFCPROPERTYSINGLEVALUE('CompanyName',$,IFCLABEL('REGULUS'),$);
#6993=IFCPROPERTYSINGLEVALUE('StandNumber',$,IFCLABEL('G20'),$);
#6994=IFCPROPERTYSINGLEVALUE('Zone',$,IFCLABEL('ZONA 2'),$);
#6995=IFCPROPERTYSINGLEVALUE('AreaSqm',$,IFCREAL(21.3),$);
#6996=IFCPROPERTYSINGLEVALUE('Category',$,IFCLABEL('HVAC, incalzire, ventilatie si instalatii'),$);
#6997=IFCPROPERTYSINGLEVALUE('CategoryCode',$,IFCLABEL('C03'),$);
#6998=IFCPROPERTYSINGLEVALUE('Indoor',$,IFCBOOLEAN(.T.),$);
#6999=IFCPROPERTYSINGLEVALUE('Event',$,IFCLABEL('NZEB Expo Bucuresti 2026'),$);
#7000=IFCPROPERTYSINGLEVALUE('Website',$,IFCLABEL('https://www.regulus.cz'),$);
#7001=IFCCARTESIANPOINT((3.55254237288136,2.02033898305085));
#7002=IFCAXIS2PLACEMENT2D(#7001,$);
#7003=IFCRECTANGLEPROFILEDEF(.AREA.,$,#7002,7.10508474576271,4.0406779661017);
#7004=IFCCARTESIANPOINT((0.,0.,0.));
#7005=IFCAXIS2PLACEMENT3D(#7004,$,$);
#7006=IFCDIRECTION((0.,0.,1.));
#7007=IFCEXTRUDEDAREASOLID(#7003,#7005,#7006,0.1);
#7008=IFCSTYLEDITEM(#7007,(#89),$);
#7009=IFCCARTESIANPOINT((3.55254237288136,4.0006779661017));
#7010=IFCAXIS2PLACEMENT2D(#7009,$);
#7011=IFCRECTANGLEPROFILEDEF(.AREA.,$,#7010,7.10508474576271,0.08);
#7012=IFCCARTESIANPOINT((0.,0.,0.1));
#7013=IFCAXIS2PLACEMENT3D(#7012,$,$);
#7014=IFCDIRECTION((0.,0.,1.));
#7015=IFCEXTRUDEDAREASOLID(#7011,#7013,#7014,2.5);
#7016=IFCSTYLEDITEM(#7015,(#32),$);
#7017=IFCCARTESIANPOINT((0.04,2.82847457627119));
#7018=IFCAXIS2PLACEMENT2D(#7017,$);
#7019=IFCRECTANGLEPROFILEDEF(.AREA.,$,#7018,0.08,2.42440677966102);
#7020=IFCCARTESIANPOINT((0.,0.,0.1));
#7021=IFCAXIS2PLACEMENT3D(#7020,$,$);
#7022=IFCDIRECTION((0.,0.,1.));
#7023=IFCEXTRUDEDAREASOLID(#7019,#7021,#7022,2.5);
#7024=IFCSTYLEDITEM(#7023,(#32),$);
#7025=IFCCARTESIANPOINT((7.06508474576271,2.82847457627119));
#7026=IFCAXIS2PLACEMENT2D(#7025,$);
#7027=IFCRECTANGLEPROFILEDEF(.AREA.,$,#7026,0.08,2.42440677966102);
#7028=IFCCARTESIANPOINT((0.,0.,0.1));
#7029=IFCAXIS2PLACEMENT3D(#7028,$,$);
#7030=IFCDIRECTION((0.,0.,1.));
#7031=IFCEXTRUDEDAREASOLID(#7027,#7029,#7030,2.5);
#7032=IFCSTYLEDITEM(#7031,(#32),$);
#7033=IFCBUILDINGELEMENTPROXY('1FaR9Vo1fFgBJg7jwqw8Te',$,'G17 - NPU SOLUTIONS','Stand expozitional generic - NPU SOLUTIONS',$,#7043,#7038,$,$);
#7037=IFCSHAPEREPRESENTATION(#11,'Body','SweptSolid',(#7007,#7015,#7023,#7031));
#7038=IFCPRODUCTDEFINITIONSHAPE($,$,(#7037));
#7039=IFCCARTESIANPOINT((84.7186440677966,56.6237288135593,0.));
#7040=IFCDIRECTION((0.,0.,1.));
#7041=IFCDIRECTION((1.,0.,0.));
#7042=IFCAXIS2PLACEMENT3D(#7039,#7040,#7041);
#7043=IFCLOCALPLACEMENT(#26,#7042);
#7044=IFCPROPERTYSET('31y7kSfy1AxuJsXvWlH_3J',$,'NZEB_ExhibitorInfo',$,(#7046,#7047,#7048,#7049,#7050,#7051,#7052,#7053));
#7045=IFCRELDEFINESBYPROPERTIES('2RU20UluLEiwAnj9VTD2GI',$,$,$,(#7033),#7044);
#7046=IFCPROPERTYSINGLEVALUE('CompanyName',$,IFCLABEL('NPU SOLUTIONS'),$);
#7047=IFCPROPERTYSINGLEVALUE('StandNumber',$,IFCLABEL('G17'),$);
#7048=IFCPROPERTYSINGLEVALUE('Zone',$,IFCLABEL('ZONA 2'),$);
#7049=IFCPROPERTYSINGLEVALUE('AreaSqm',$,IFCREAL(28.7),$);
#7050=IFCPROPERTYSINGLEVALUE('Category',$,IFCLABEL('Produse si servicii pentru constructii (general)'),$);
#7051=IFCPROPERTYSINGLEVALUE('CategoryCode',$,IFCLABEL('C99'),$);
#7052=IFCPROPERTYSINGLEVALUE('Indoor',$,IFCBOOLEAN(.T.),$);
#7053=IFCPROPERTYSINGLEVALUE('Event',$,IFCLABEL('NZEB Expo Bucuresti 2026'),$);
#7054=IFCCARTESIANPOINT((3.04406779661017,1.97966101694915));
#7055=IFCAXIS2PLACEMENT2D(#7054,$);
#7056=IFCRECTANGLEPROFILEDEF(.AREA.,$,#7055,6.08813559322034,3.9593220338983);
#7057=IFCCARTESIANPOINT((0.,0.,0.));
#7058=IFCAXIS2PLACEMENT3D(#7057,$,$);
#7059=IFCDIRECTION((0.,0.,1.));
#7060=IFCEXTRUDEDAREASOLID(#7056,#7058,#7059,0.1);
#7061=IFCSTYLEDITEM(#7060,(#89),$);
#7062=IFCCARTESIANPOINT((3.04406779661017,3.9193220338983));
#7063=IFCAXIS2PLACEMENT2D(#7062,$);
#7064=IFCRECTANGLEPROFILEDEF(.AREA.,$,#7063,6.08813559322034,0.08);
#7065=IFCCARTESIANPOINT((0.,0.,0.1));
#7066=IFCAXIS2PLACEMENT3D(#7065,$,$);
#7067=IFCDIRECTION((0.,0.,1.));
#7068=IFCEXTRUDEDAREASOLID(#7064,#7066,#7067,2.5);
#7069=IFCSTYLEDITEM(#7068,(#32),$);
#7070=IFCCARTESIANPOINT((0.04,2.77152542372881));
#7071=IFCAXIS2PLACEMENT2D(#7070,$);
#7072=IFCRECTANGLEPROFILEDEF(.AREA.,$,#7071,0.08,2.37559322033898);
#7073=IFCCARTESIANPOINT((0.,0.,0.1));
#7074=IFCAXIS2PLACEMENT3D(#7073,$,$);
#7075=IFCDIRECTION((0.,0.,1.));
#7076=IFCEXTRUDEDAREASOLID(#7072,#7074,#7075,2.5);
#7077=IFCSTYLEDITEM(#7076,(#32),$);
#7078=IFCCARTESIANPOINT((6.04813559322034,2.77152542372881));
#7079=IFCAXIS2PLACEMENT2D(#7078,$);
#7080=IFCRECTANGLEPROFILEDEF(.AREA.,$,#7079,0.08,2.37559322033898);
#7081=IFCCARTESIANPOINT((0.,0.,0.1));
#7082=IFCAXIS2PLACEMENT3D(#7081,$,$);
#7083=IFCDIRECTION((0.,0.,1.));
#7084=IFCEXTRUDEDAREASOLID(#7080,#7082,#7083,2.5);
#7085=IFCSTYLEDITEM(#7084,(#32),$);
#7086=IFCBUILDINGELEMENTPROXY('1Qbt5FR_v5KfSeBxgZXl0k',$,'G19 - DEWALT','Stand expozitional generic - DEWALT',$,#7096,#7091,$,$);
#7090=IFCSHAPEREPRESENTATION(#11,'Body','SweptSolid',(#7060,#7068,#7076,#7084));
#7091=IFCPRODUCTDEFINITIONSHAPE($,$,(#7090));
#7092=IFCCARTESIANPOINT((78.6305084745763,59.7016949152542,0.));
#7093=IFCDIRECTION((0.,0.,1.));
#7094=IFCDIRECTION((1.,0.,0.));
#7095=IFCAXIS2PLACEMENT3D(#7092,#7093,#7094);
#7096=IFCLOCALPLACEMENT(#26,#7095);
#7097=IFCPROPERTYSET('3O2Jct1wf1$htOf15$IN_9',$,'NZEB_ExhibitorInfo',$,(#7099,#7100,#7101,#7102,#7103,#7104,#7105,#7106,#7107));
#7098=IFCRELDEFINESBYPROPERTIES('05Z7a4EPf9L9YT$xTLpTId',$,$,$,(#7086),#7097);
#7099=IFCPROPERTYSINGLEVALUE('CompanyName',$,IFCLABEL('DEWALT'),$);
#7100=IFCPROPERTYSINGLEVALUE('StandNumber',$,IFCLABEL('G19'),$);
#7101=IFCPROPERTYSINGLEVALUE('Zone',$,IFCLABEL('ZONA 2'),$);
#7102=IFCPROPERTYSINGLEVALUE('AreaSqm',$,IFCREAL(24.1),$);
#7103=IFCPROPERTYSINGLEVALUE('Category',$,IFCLABEL('Scule, unelte, fixari si echipamente de masura'),$);
#7104=IFCPROPERTYSINGLEVALUE('CategoryCode',$,IFCLABEL('C07'),$);
#7105=IFCPROPERTYSINGLEVALUE('Indoor',$,IFCBOOLEAN(.T.),$);
#7106=IFCPROPERTYSINGLEVALUE('Event',$,IFCLABEL('NZEB Expo Bucuresti 2026'),$);
#7107=IFCPROPERTYSINGLEVALUE('Website',$,IFCLABEL('https://www.dewalt.com'),$);
#7108=IFCCARTESIANPOINT((3.04406779661017,1.53898305084746));
#7109=IFCAXIS2PLACEMENT2D(#7108,$);
#7110=IFCRECTANGLEPROFILEDEF(.AREA.,$,#7109,6.08813559322034,3.07796610169492);
#7111=IFCCARTESIANPOINT((0.,0.,0.));
#7112=IFCAXIS2PLACEMENT3D(#7111,$,$);
#7113=IFCDIRECTION((0.,0.,1.));
#7114=IFCEXTRUDEDAREASOLID(#7110,#7112,#7113,0.1);
#7115=IFCSTYLEDITEM(#7114,(#89),$);
#7116=IFCCARTESIANPOINT((3.04406779661017,3.03796610169492));
#7117=IFCAXIS2PLACEMENT2D(#7116,$);
#7118=IFCRECTANGLEPROFILEDEF(.AREA.,$,#7117,6.08813559322034,0.08);
#7119=IFCCARTESIANPOINT((0.,0.,0.1));
#7120=IFCAXIS2PLACEMENT3D(#7119,$,$);
#7121=IFCDIRECTION((0.,0.,1.));
#7122=IFCEXTRUDEDAREASOLID(#7118,#7120,#7121,2.5);
#7123=IFCSTYLEDITEM(#7122,(#32),$);
#7124=IFCCARTESIANPOINT((0.04,2.15457627118644));
#7125=IFCAXIS2PLACEMENT2D(#7124,$);
#7126=IFCRECTANGLEPROFILEDEF(.AREA.,$,#7125,0.08,1.84677966101695);
#7127=IFCCARTESIANPOINT((0.,0.,0.1));
#7128=IFCAXIS2PLACEMENT3D(#7127,$,$);
#7129=IFCDIRECTION((0.,0.,1.));
#7130=IFCEXTRUDEDAREASOLID(#7126,#7128,#7129,2.5);
#7131=IFCSTYLEDITEM(#7130,(#32),$);
#7132=IFCCARTESIANPOINT((6.04813559322034,2.15457627118644));
#7133=IFCAXIS2PLACEMENT2D(#7132,$);
#7134=IFCRECTANGLEPROFILEDEF(.AREA.,$,#7133,0.08,1.84677966101695);
#7135=IFCCARTESIANPOINT((0.,0.,0.1));
#7136=IFCAXIS2PLACEMENT3D(#7135,$,$);
#7137=IFCDIRECTION((0.,0.,1.));
#7138=IFCEXTRUDEDAREASOLID(#7134,#7136,#7137,2.5);
#7139=IFCSTYLEDITEM(#7138,(#32),$);
#7140=IFCBUILDINGELEMENTPROXY('0LW6Se3l962v4MG_gP5ZVg',$,'G18 - WEDI','Stand expozitional generic - WEDI',$,#7150,#7145,$,$);
#7144=IFCSHAPEREPRESENTATION(#11,'Body','SweptSolid',(#7114,#7122,#7130,#7138));
#7145=IFCPRODUCTDEFINITIONSHAPE($,$,(#7144));
#7146=IFCCARTESIANPOINT((78.6305084745763,56.6237288135593,0.));
#7147=IFCDIRECTION((0.,0.,1.));
#7148=IFCDIRECTION((1.,0.,0.));
#7149=IFCAXIS2PLACEMENT3D(#7146,#7147,#7148);
#7150=IFCLOCALPLACEMENT(#26,#7149);
#7151=IFCPROPERTYSET('1Ms6s2GbD7FxTxg5ORqLzW',$,'NZEB_ExhibitorInfo',$,(#7153,#7154,#7155,#7156,#7157,#7158,#7159,#7160,#7161));
#7152=IFCRELDEFINESBYPROPERTIES('1l6pfxmcrCQQQToNH$UYeR',$,$,$,(#7140),#7151);
#7153=IFCPROPERTYSINGLEVALUE('CompanyName',$,IFCLABEL('WEDI'),$);
#7154=IFCPROPERTYSINGLEVALUE('StandNumber',$,IFCLABEL('G18'),$);
#7155=IFCPROPERTYSINGLEVALUE('Zone',$,IFCLABEL('ZONA 2'),$);
#7156=IFCPROPERTYSINGLEVALUE('AreaSqm',$,IFCREAL(18.7),$);
#7157=IFCPROPERTYSINGLEVALUE('Category',$,IFCLABEL('Materiale de constructii'),$);
#7158=IFCPROPERTYSINGLEVALUE('CategoryCode',$,IFCLABEL('C05'),$);
#7159=IFCPROPERTYSINGLEVALUE('Indoor',$,IFCBOOLEAN(.T.),$);
#7160=IFCPROPERTYSINGLEVALUE('Event',$,IFCLABEL('NZEB Expo Bucuresti 2026'),$);
#7161=IFCPROPERTYSINGLEVALUE('Website',$,IFCLABEL('https://www.wedi.de'),$);
#7162=IFCCARTESIANPOINT((3.2135593220339,3.50508474576271));
#7163=IFCAXIS2PLACEMENT2D(#7162,$);
#7164=IFCRECTANGLEPROFILEDEF(.AREA.,$,#7163,6.4271186440678,7.01016949152542);
#7165=IFCCARTESIANPOINT((0.,0.,0.));
#7166=IFCAXIS2PLACEMENT3D(#7165,$,$);
#7167=IFCDIRECTION((0.,0.,1.));
#7168=IFCEXTRUDEDAREASOLID(#7164,#7166,#7167,0.1);
#7169=IFCSTYLEDITEM(#7168,(#89),$);
#7170=IFCCARTESIANPOINT((3.2135593220339,6.97016949152542));
#7171=IFCAXIS2PLACEMENT2D(#7170,$);
#7172=IFCRECTANGLEPROFILEDEF(.AREA.,$,#7171,6.4271186440678,0.08);
#7173=IFCCARTESIANPOINT((0.,0.,0.1));
#7174=IFCAXIS2PLACEMENT3D(#7173,$,$);
#7175=IFCDIRECTION((0.,0.,1.));
#7176=IFCEXTRUDEDAREASOLID(#7172,#7174,#7175,2.5);
#7177=IFCSTYLEDITEM(#7176,(#32),$);
#7178=IFCCARTESIANPOINT((0.04,5.01016949152542));
#7179=IFCAXIS2PLACEMENT2D(#7178,$);
#7180=IFCRECTANGLEPROFILEDEF(.AREA.,$,#7179,0.08,4.);
#7181=IFCCARTESIANPOINT((0.,0.,0.1));
#7182=IFCAXIS2PLACEMENT3D(#7181,$,$);
#7183=IFCDIRECTION((0.,0.,1.));
#7184=IFCEXTRUDEDAREASOLID(#7180,#7182,#7183,2.5);
#7185=IFCSTYLEDITEM(#7184,(#32),$);
#7186=IFCCARTESIANPOINT((6.3871186440678,5.01016949152542));
#7187=IFCAXIS2PLACEMENT2D(#7186,$);
#7188=IFCRECTANGLEPROFILEDEF(.AREA.,$,#7187,0.08,4.);
#7189=IFCCARTESIANPOINT((0.,0.,0.1));
#7190=IFCAXIS2PLACEMENT3D(#7189,$,$);
#7191=IFCDIRECTION((0.,0.,1.));
#7192=IFCEXTRUDEDAREASOLID(#7188,#7190,#7191,2.5);
#7193=IFCSTYLEDITEM(#7192,(#32),$);
#7194=IFCBUILDINGELEMENTPROXY('1hWCMOWaHC3gQtGiI5jSoK',$,'F17 - METIGLA','Stand expozitional generic - METIGLA',$,#7204,#7199,$,$);
#7198=IFCSHAPEREPRESENTATION(#11,'Body','SweptSolid',(#7168,#7176,#7184,#7192));
#7199=IFCPRODUCTDEFINITIONSHAPE($,$,(#7198));
#7200=IFCCARTESIANPOINT((95.6745762711864,56.6508474576271,0.));
#7201=IFCDIRECTION((0.,0.,1.));
#7202=IFCDIRECTION((1.,0.,0.));
#7203=IFCAXIS2PLACEMENT3D(#7200,#7201,#7202);
#7204=IFCLOCALPLACEMENT(#26,#7203);
#7205=IFCPROPERTYSET('0j$aEhrVj94ByklDSVHZo0',$,'NZEB_ExhibitorInfo',$,(#7207,#7208,#7209,#7210,#7211,#7212,#7213,#7214,#7215));
#7206=IFCRELDEFINESBYPROPERTIES('0j1r6JDs98HRY43tzvwWjc',$,$,$,(#7194),#7205);
#7207=IFCPROPERTYSINGLEVALUE('CompanyName',$,IFCLABEL('METIGLA'),$);
#7208=IFCPROPERTYSINGLEVALUE('StandNumber',$,IFCLABEL('F17'),$);
#7209=IFCPROPERTYSINGLEVALUE('Zone',$,IFCLABEL('ZONA 2'),$);
#7210=IFCPROPERTYSINGLEVALUE('AreaSqm',$,IFCREAL(45.1),$);
#7211=IFCPROPERTYSINGLEVALUE('Category',$,IFCLABEL('Acoperisuri si hidroizolatii'),$);
#7212=IFCPROPERTYSINGLEVALUE('CategoryCode',$,IFCLABEL('C04'),$);
#7213=IFCPROPERTYSINGLEVALUE('Indoor',$,IFCBOOLEAN(.T.),$);
#7214=IFCPROPERTYSINGLEVALUE('Event',$,IFCLABEL('NZEB Expo Bucuresti 2026'),$);
#7215=IFCPROPERTYSINGLEVALUE('Website',$,IFCLABEL('https://www.metigla.ro'),$);
#7216=IFCCARTESIANPOINT((3.52542372881356,1.03050847457627));
#7217=IFCAXIS2PLACEMENT2D(#7216,$);
#7218=IFCRECTANGLEPROFILEDEF(.AREA.,$,#7217,7.05084745762712,2.06101694915254);
#7219=IFCCARTESIANPOINT((0.,0.,0.));
#7220=IFCAXIS2PLACEMENT3D(#7219,$,$);
#7221=IFCDIRECTION((0.,0.,1.));
#7222=IFCEXTRUDEDAREASOLID(#7218,#7220,#7221,0.1);
#7223=IFCSTYLEDITEM(#7222,(#89),$);
#7224=IFCCARTESIANPOINT((3.52542372881356,2.02101694915254));
#7225=IFCAXIS2PLACEMENT2D(#7224,$);
#7226=IFCRECTANGLEPROFILEDEF(.AREA.,$,#7225,7.05084745762712,0.08);
#7227=IFCCARTESIANPOINT((0.,0.,0.1));
#7228=IFCAXIS2PLACEMENT3D(#7227,$,$);
#7229=IFCDIRECTION((0.,0.,1.));
#7230=IFCEXTRUDEDAREASOLID(#7226,#7228,#7229,2.5);
#7231=IFCSTYLEDITEM(#7230,(#32),$);
#7232=IFCCARTESIANPOINT((0.04,1.44271186440678));
#7233=IFCAXIS2PLACEMENT2D(#7232,$);
#7234=IFCRECTANGLEPROFILEDEF(.AREA.,$,#7233,0.08,1.23661016949153);
#7235=IFCCARTESIANPOINT((0.,0.,0.1));
#7236=IFCAXIS2PLACEMENT3D(#7235,$,$);
#7237=IFCDIRECTION((0.,0.,1.));
#7238=IFCEXTRUDEDAREASOLID(#7234,#7236,#7237,2.5);
#7239=IFCSTYLEDITEM(#7238,(#32),$);
#7240=IFCCARTESIANPOINT((7.01084745762712,1.44271186440678));
#7241=IFCAXIS2PLACEMENT2D(#7240,$);
#7242=IFCRECTANGLEPROFILEDEF(.AREA.,$,#7241,0.08,1.23661016949153);
#7243=IFCCARTESIANPOINT((0.,0.,0.1));
#7244=IFCAXIS2PLACEMENT3D(#7243,$,$);
#7245=IFCDIRECTION((0.,0.,1.));
#7246=IFCEXTRUDEDAREASOLID(#7242,#7244,#7245,2.5);
#7247=IFCSTYLEDITEM(#7246,(#32),$);
#7248=IFCBUILDINGELEMENTPROXY('2bf9pHWA1FvQY0u2dyiqKA',$,'E10 - ROMEPS','Stand expozitional generic - ROMEPS',$,#7258,#7253,$,$);
#7252=IFCSHAPEREPRESENTATION(#11,'Body','SweptSolid',(#7222,#7230,#7238,#7246));
#7253=IFCPRODUCTDEFINITIONSHAPE($,$,(#7252));
#7254=IFCCARTESIANPOINT((113.53220338983,62.1694915254237,0.));
#7255=IFCDIRECTION((0.,0.,1.));
#7256=IFCDIRECTION((1.,0.,0.));
#7257=IFCAXIS2PLACEMENT3D(#7254,#7255,#7256);
#7258=IFCLOCALPLACEMENT(#26,#7257);
#7259=IFCPROPERTYSET('1Fb0jTwrL5P95UyB4fNyix',$,'NZEB_ExhibitorInfo',$,(#7261,#7262,#7263,#7264,#7265,#7266,#7267,#7268));
#7260=IFCRELDEFINESBYPROPERTIES('0MBrUaHcb8auORID9_IYnM',$,$,$,(#7248),#7259);
#7261=IFCPROPERTYSINGLEVALUE('CompanyName',$,IFCLABEL('ROMEPS'),$);
#7262=IFCPROPERTYSINGLEVALUE('StandNumber',$,IFCLABEL('E10'),$);
#7263=IFCPROPERTYSINGLEVALUE('Zone',$,IFCLABEL('ZONA 2'),$);
#7264=IFCPROPERTYSINGLEVALUE('AreaSqm',$,IFCREAL(14.5),$);
#7265=IFCPROPERTYSINGLEVALUE('Category',$,IFCLABEL('Izolatii termice si anvelopa cladirii'),$);
#7266=IFCPROPERTYSINGLEVALUE('CategoryCode',$,IFCLABEL('C01'),$);
#7267=IFCPROPERTYSINGLEVALUE('Indoor',$,IFCBOOLEAN(.T.),$);
#7268=IFCPROPERTYSINGLEVALUE('Event',$,IFCLABEL('NZEB Expo Bucuresti 2026'),$);
#7269=IFCCARTESIANPOINT((1.03050847457627,2.49491525423729));
#7270=IFCAXIS2PLACEMENT2D(#7269,$);
#7271=IFCRECTANGLEPROFILEDEF(.AREA.,$,#7270,2.06101694915254,4.98983050847458);
#7272=IFCCARTESIANPOINT((0.,0.,0.));
#7273=IFCAXIS2PLACEMENT3D(#7272,$,$);
#7274=IFCDIRECTION((0.,0.,1.));
#7275=IFCEXTRUDEDAREASOLID(#7271,#7273,#7274,0.1);
#7276=IFCSTYLEDITEM(#7275,(#89),$);
#7277=IFCCARTESIANPOINT((1.03050847457627,4.94983050847458));
#7278=IFCAXIS2PLACEMENT2D(#7277,$);
#7279=IFCRECTANGLEPROFILEDEF(.AREA.,$,#7278,2.06101694915254,0.08);
#7280=IFCCARTESIANPOINT((0.,0.,0.1));
#7281=IFCAXIS2PLACEMENT3D(#7280,$,$);
#7282=IFCDIRECTION((0.,0.,1.));
#7283=IFCEXTRUDEDAREASOLID(#7279,#7281,#7282,2.5);
#7284=IFCSTYLEDITEM(#7283,(#32),$);
#7285=IFCCARTESIANPOINT((0.04,3.4928813559322));
#7286=IFCAXIS2PLACEMENT2D(#7285,$);
#7287=IFCRECTANGLEPROFILEDEF(.AREA.,$,#7286,0.08,2.99389830508475);
#7288=IFCCARTESIANPOINT((0.,0.,0.1));
#7289=IFCAXIS2PLACEMENT3D(#7288,$,$);
#7290=IFCDIRECTION((0.,0.,1.));
#7291=IFCEXTRUDEDAREASOLID(#7287,#7289,#7290,2.5);
#7292=IFCSTYLEDITEM(#7291,(#32),$);
#7293=IFCCARTESIANPOINT((2.02101694915254,3.4928813559322));
#7294=IFCAXIS2PLACEMENT2D(#7293,$);
#7295=IFCRECTANGLEPROFILEDEF(.AREA.,$,#7294,0.08,2.99389830508475);
#7296=IFCCARTESIANPOINT((0.,0.,0.1));
#7297=IFCAXIS2PLACEMENT3D(#7296,$,$);
#7298=IFCDIRECTION((0.,0.,1.));
#7299=IFCEXTRUDEDAREASOLID(#7295,#7297,#7298,2.5);
#7300=IFCSTYLEDITEM(#7299,(#32),$);
#7301=IFCBUILDINGELEMENTPROXY('3cLIx9XDrCjAoPiLFyRuM8',$,'E9 - BARRIER','Stand expozitional generic - BARRIER',$,#7311,#7306,$,$);
#7305=IFCSHAPEREPRESENTATION(#11,'Body','SweptSolid',(#7275,#7283,#7291,#7299));
#7306=IFCPRODUCTDEFINITIONSHAPE($,$,(#7305));
#7307=IFCCARTESIANPOINT((113.477966101695,57.1661016949153,0.));
#7308=IFCDIRECTION((0.,0.,1.));
#7309=IFCDIRECTION((1.,0.,0.));
#7310=IFCAXIS2PLACEMENT3D(#7307,#7308,#7309);
#7311=IFCLOCALPLACEMENT(#26,#7310);
#7312=IFCPROPERTYSET('3VQaCM6kD8kvlF1YiqY9uC',$,'NZEB_ExhibitorInfo',$,(#7314,#7315,#7316,#7317,#7318,#7319,#7320,#7321,#7322));
#7313=IFCRELDEFINESBYPROPERTIES('1p$jN79zPDPPs6iroiXj33',$,$,$,(#7301),#7312);
#7314=IFCPROPERTYSINGLEVALUE('CompanyName',$,IFCLABEL('BARRIER'),$);
#7315=IFCPROPERTYSINGLEVALUE('StandNumber',$,IFCLABEL('E9'),$);
#7316=IFCPROPERTYSINGLEVALUE('Zone',$,IFCLABEL('ZONA 2'),$);
#7317=IFCPROPERTYSINGLEVALUE('AreaSqm',$,IFCREAL(10.3),$);
#7318=IFCPROPERTYSINGLEVALUE('Category',$,IFCLABEL('Ferestre, usi, fatade si tamplarie'),$);
#7319=IFCPROPERTYSINGLEVALUE('CategoryCode',$,IFCLABEL('C02'),$);
#7320=IFCPROPERTYSINGLEVALUE('Indoor',$,IFCBOOLEAN(.T.),$);
#7321=IFCPROPERTYSINGLEVALUE('Event',$,IFCLABEL('NZEB Expo Bucuresti 2026'),$);
#7322=IFCPROPERTYSINGLEVALUE('Website',$,IFCLABEL('https://www.barrier.ro'),$);
#7323=IFCCARTESIANPOINT((2.51525423728814,4.09491525423729));
#7324=IFCAXIS2PLACEMENT2D(#7323,$);
#7325=IFCRECTANGLEPROFILEDEF(.AREA.,$,#7324,5.03050847457627,8.18983050847458);
#7326=IFCCARTESIANPOINT((0.,0.,0.));
#7327=IFCAXIS2PLACEMENT3D(#7326,$,$);
#7328=IFCDIRECTION((0.,0.,1.));
#7329=IFCEXTRUDEDAREASOLID(#7325,#7327,#7328,0.1);
#7330=IFCSTYLEDITEM(#7329,(#92),$);
#7331=IFCCARTESIANPOINT((2.51525423728814,8.14983050847458));
#7332=IFCAXIS2PLACEMENT2D(#7331,$);
#7333=IFCRECTANGLEPROFILEDEF(.AREA.,$,#7332,5.03050847457627,0.08);
#7334=IFCCARTESIANPOINT((0.,0.,0.1));
#7335=IFCAXIS2PLACEMENT3D(#7334,$,$);
#7336=IFCDIRECTION((0.,0.,1.));
#7337=IFCEXTRUDEDAREASOLID(#7333,#7335,#7336,2.5);
#7338=IFCSTYLEDITEM(#7337,(#32),$);
#7339=IFCCARTESIANPOINT((0.04,6.18983050847458));
#7340=IFCAXIS2PLACEMENT2D(#7339,$);
#7341=IFCRECTANGLEPROFILEDEF(.AREA.,$,#7340,0.08,4.);
#7342=IFCCARTESIANPOINT((0.,0.,0.1));
#7343=IFCAXIS2PLACEMENT3D(#7342,$,$);
#7344=IFCDIRECTION((0.,0.,1.));
#7345=IFCEXTRUDEDAREASOLID(#7341,#7343,#7344,2.5);
#7346=IFCSTYLEDITEM(#7345,(#32),$);
#7347=IFCCARTESIANPOINT((4.99050847457627,6.18983050847458));
#7348=IFCAXIS2PLACEMENT2D(#7347,$);
#7349=IFCRECTANGLEPROFILEDEF(.AREA.,$,#7348,0.08,4.);
#7350=IFCCARTESIANPOINT((0.,0.,0.1));
#7351=IFCAXIS2PLACEMENT3D(#7350,$,$);
#7352=IFCDIRECTION((0.,0.,1.));
#7353=IFCEXTRUDEDAREASOLID(#7349,#7351,#7352,2.5);
#7354=IFCSTYLEDITEM(#7353,(#32),$);
#7355=IFCBUILDINGELEMENTPROXY('2plIvFkWb4W9IopUZE98WJ',$,'B20 - CASA AVANTAJ','Stand expozitional generic - CASA AVANTAJ',$,#7365,#7360,$,$);
#7359=IFCSHAPEREPRESENTATION(#11,'Body','SweptSolid',(#7329,#7337,#7345,#7353));
#7360=IFCPRODUCTDEFINITIONSHAPE($,$,(#7359));
#7361=IFCCARTESIANPOINT((152.922033898305,67.5932203389831,0.));
#7362=IFCDIRECTION((0.,0.,1.));
#7363=IFCDIRECTION((1.,0.,0.));
#7364=IFCAXIS2PLACEMENT3D(#7361,#7362,#7363);
#7365=IFCLOCALPLACEMENT(#26,#7364);
#7366=IFCPROPERTYSET('1FROBWtzj03AYFHXXSgiMP',$,'NZEB_ExhibitorInfo',$,(#7368,#7369,#7370,#7371,#7372,#7373,#7374,#7375));
#7367=IFCRELDEFINESBYPROPERTIES('3Vv8A79bDDReMsC9JO_0s0',$,$,$,(#7355),#7366);
#7368=IFCPROPERTYSINGLEVALUE('CompanyName',$,IFCLABEL('CASA AVANTAJ'),$);
#7369=IFCPROPERTYSINGLEVALUE('StandNumber',$,IFCLABEL('B20'),$);
#7370=IFCPROPERTYSINGLEVALUE('Zone',$,IFCLABEL('ZONA 3'),$);
#7371=IFCPROPERTYSINGLEVALUE('AreaSqm',$,IFCREAL(41.2),$);
#7372=IFCPROPERTYSINGLEVALUE('Category',$,IFCLABEL('Produse si servicii pentru constructii (general)'),$);
#7373=IFCPROPERTYSINGLEVALUE('CategoryCode',$,IFCLABEL('C99'),$);
#7374=IFCPROPERTYSINGLEVALUE('Indoor',$,IFCBOOLEAN(.T.),$);
#7375=IFCPROPERTYSINGLEVALUE('Event',$,IFCLABEL('NZEB Expo Bucuresti 2026'),$);
#7376=IFCCARTESIANPOINT((2.13559322033898,4.07457627118644));
#7377=IFCAXIS2PLACEMENT2D(#7376,$);
#7378=IFCRECTANGLEPROFILEDEF(.AREA.,$,#7377,4.27118644067797,8.14915254237288);
#7379=IFCCARTESIANPOINT((0.,0.,0.));
#7380=IFCAXIS2PLACEMENT3D(#7379,$,$);
#7381=IFCDIRECTION((0.,0.,1.));
#7382=IFCEXTRUDEDAREASOLID(#7378,#7380,#7381,0.1);
#7383=IFCSTYLEDITEM(#7382,(#92),$);
#7384=IFCCARTESIANPOINT((2.13559322033898,8.10915254237288));
#7385=IFCAXIS2PLACEMENT2D(#7384,$);
#7386=IFCRECTANGLEPROFILEDEF(.AREA.,$,#7385,4.27118644067797,0.08);
#7387=IFCCARTESIANPOINT((0.,0.,0.1));
#7388=IFCAXIS2PLACEMENT3D(#7387,$,$);
#7389=IFCDIRECTION((0.,0.,1.));
#7390=IFCEXTRUDEDAREASOLID(#7386,#7388,#7389,2.5);
#7391=IFCSTYLEDITEM(#7390,(#32),$);
#7392=IFCCARTESIANPOINT((0.04,6.14915254237288));
#7393=IFCAXIS2PLACEMENT2D(#7392,$);
#7394=IFCRECTANGLEPROFILEDEF(.AREA.,$,#7393,0.08,4.);
#7395=IFCCARTESIANPOINT((0.,0.,0.1));
#7396=IFCAXIS2PLACEMENT3D(#7395,$,$);
#7397=IFCDIRECTION((0.,0.,1.));
#7398=IFCEXTRUDEDAREASOLID(#7394,#7396,#7397,2.5);
#7399=IFCSTYLEDITEM(#7398,(#32),$);
#7400=IFCCARTESIANPOINT((4.23118644067797,6.14915254237288));
#7401=IFCAXIS2PLACEMENT2D(#7400,$);
#7402=IFCRECTANGLEPROFILEDEF(.AREA.,$,#7401,0.08,4.);
#7403=IFCCARTESIANPOINT((0.,0.,0.1));
#7404=IFCAXIS2PLACEMENT3D(#7403,$,$);
#7405=IFCDIRECTION((0.,0.,1.));
#7406=IFCEXTRUDEDAREASOLID(#7402,#7404,#7405,2.5);
#7407=IFCSTYLEDITEM(#7406,(#32),$);
#7408=IFCBUILDINGELEMENTPROXY('14Z79m_zDEFu2bLOjwhJpW',$,'B14 - DIMMER','Stand expozitional generic - DIMMER',$,#7418,#7413,$,$);
#7412=IFCSHAPEREPRESENTATION(#11,'Body','SweptSolid',(#7382,#7390,#7398,#7406));
#7413=IFCPRODUCTDEFINITIONSHAPE($,$,(#7412));
#7414=IFCCARTESIANPOINT((153.667796610169,56.1627118644068,0.));
#7415=IFCDIRECTION((0.,0.,1.));
#7416=IFCDIRECTION((1.,0.,0.));
#7417=IFCAXIS2PLACEMENT3D(#7414,#7415,#7416);
#7418=IFCLOCALPLACEMENT(#26,#7417);
#7419=IFCPROPERTYSET('209SkqObTFhv7sioVTANtM',$,'NZEB_ExhibitorInfo',$,(#7421,#7422,#7423,#7424,#7425,#7426,#7427,#7428));
#7420=IFCRELDEFINESBYPROPERTIES('2tJIQHFzfCKgTWExPRFww$',$,$,$,(#7408),#7419);
#7421=IFCPROPERTYSINGLEVALUE('CompanyName',$,IFCLABEL('DIMMER'),$);
#7422=IFCPROPERTYSINGLEVALUE('StandNumber',$,IFCLABEL('B14'),$);
#7423=IFCPROPERTYSINGLEVALUE('Zone',$,IFCLABEL('ZONA 3'),$);
#7424=IFCPROPERTYSINGLEVALUE('AreaSqm',$,IFCREAL(34.8),$);
#7425=IFCPROPERTYSINGLEVALUE('Category',$,IFCLABEL('Instalatii electrice si smart home'),$);
#7426=IFCPROPERTYSINGLEVALUE('CategoryCode',$,IFCLABEL('C09'),$);
#7427=IFCPROPERTYSINGLEVALUE('Indoor',$,IFCBOOLEAN(.T.),$);
#7428=IFCPROPERTYSINGLEVALUE('Event',$,IFCLABEL('NZEB Expo Bucuresti 2026'),$);
#7429=IFCCARTESIANPOINT((3.51864406779661,2.05423728813559));
#7430=IFCAXIS2PLACEMENT2D(#7429,$);
#7431=IFCRECTANGLEPROFILEDEF(.AREA.,$,#7430,7.03728813559322,4.10847457627119);
#7432=IFCCARTESIANPOINT((0.,0.,0.));
#7433=IFCAXIS2PLACEMENT3D(#7432,$,$);
#7434=IFCDIRECTION((0.,0.,1.));
#7435=IFCEXTRUDEDAREASOLID(#7431,#7433,#7434,0.1);
#7436=IFCSTYLEDITEM(#7435,(#92),$);
#7437=IFCCARTESIANPOINT((3.51864406779661,4.06847457627119));
#7438=IFCAXIS2PLACEMENT2D(#7437,$);
#7439=IFCRECTANGLEPROFILEDEF(.AREA.,$,#7438,7.03728813559322,0.08);
#7440=IFCCARTESIANPOINT((0.,0.,0.1));
#7441=IFCAXIS2PLACEMENT3D(#7440,$,$);
#7442=IFCDIRECTION((0.,0.,1.));
#7443=IFCEXTRUDEDAREASOLID(#7439,#7441,#7442,2.5);
#7444=IFCSTYLEDITEM(#7443,(#32),$);
#7445=IFCCARTESIANPOINT((0.04,2.87593220338983));
#7446=IFCAXIS2PLACEMENT2D(#7445,$);
#7447=IFCRECTANGLEPROFILEDEF(.AREA.,$,#7446,0.08,2.46508474576271);
#7448=IFCCARTESIANPOINT((0.,0.,0.1));
#7449=IFCAXIS2PLACEMENT3D(#7448,$,$);
#7450=IFCDIRECTION((0.,0.,1.));
#7451=IFCEXTRUDEDAREASOLID(#7447,#7449,#7450,2.5);
#7452=IFCSTYLEDITEM(#7451,(#32),$);
#7453=IFCCARTESIANPOINT((6.99728813559322,2.87593220338983));
#7454=IFCAXIS2PLACEMENT2D(#7453,$);
#7455=IFCRECTANGLEPROFILEDEF(.AREA.,$,#7454,0.08,2.46508474576271);
#7456=IFCCARTESIANPOINT((0.,0.,0.1));
#7457=IFCAXIS2PLACEMENT3D(#7456,$,$);
#7458=IFCDIRECTION((0.,0.,1.));
#7459=IFCEXTRUDEDAREASOLID(#7455,#7457,#7458,2.5);
#7460=IFCSTYLEDITEM(#7459,(#32),$);
#7461=IFCBUILDINGELEMENTPROXY('0uVArBq1b6HfjvaLbvoAL9',$,'C19 - RHINO SAFETY','Stand expozitional generic - RHINO SAFETY',$,#7471,#7466,$,$);
#7465=IFCSHAPEREPRESENTATION(#11,'Body','SweptSolid',(#7435,#7443,#7451,#7459));
#7466=IFCPRODUCTDEFINITIONSHAPE($,$,(#7465));
#7467=IFCCARTESIANPOINT((142.738983050847,71.6881355932204,0.));
#7468=IFCDIRECTION((0.,0.,1.));
#7469=IFCDIRECTION((1.,0.,0.));
#7470=IFCAXIS2PLACEMENT3D(#7467,#7468,#7469);
#7471=IFCLOCALPLACEMENT(#26,#7470);
#7472=IFCPROPERTYSET('1IFODhKLnCrASxg07sNU$k',$,'NZEB_ExhibitorInfo',$,(#7474,#7475,#7476,#7477,#7478,#7479,#7480,#7481));
#7473=IFCRELDEFINESBYPROPERTIES('3$QDMgTIzF9x8LU9Tl00oN',$,$,$,(#7461),#7472);
#7474=IFCPROPERTYSINGLEVALUE('CompanyName',$,IFCLABEL('RHINO SAFETY'),$);
#7475=IFCPROPERTYSINGLEVALUE('StandNumber',$,IFCLABEL('C19'),$);
#7476=IFCPROPERTYSINGLEVALUE('Zone',$,IFCLABEL('ZONA 3'),$);
#7477=IFCPROPERTYSINGLEVALUE('AreaSqm',$,IFCREAL(28.9),$);
#7478=IFCPROPERTYSINGLEVALUE('Category',$,IFCLABEL('Scule, unelte, fixari si echipamente de masura'),$);
#7479=IFCPROPERTYSINGLEVALUE('CategoryCode',$,IFCLABEL('C07'),$);
#7480=IFCPROPERTYSINGLEVALUE('Indoor',$,IFCBOOLEAN(.T.),$);
#7481=IFCPROPERTYSINGLEVALUE('Event',$,IFCLABEL('NZEB Expo Bucuresti 2026'),$);
#7482=IFCCARTESIANPOINT((3.51864406779661,2.03389830508475));
#7483=IFCAXIS2PLACEMENT2D(#7482,$);
#7484=IFCRECTANGLEPROFILEDEF(.AREA.,$,#7483,7.03728813559322,4.06779661016949);
#7485=IFCCARTESIANPOINT((0.,0.,0.));
#7486=IFCAXIS2PLACEMENT3D(#7485,$,$);
#7487=IFCDIRECTION((0.,0.,1.));
#7488=IFCEXTRUDEDAREASOLID(#7484,#7486,#7487,0.1);
#7489=IFCSTYLEDITEM(#7488,(#92),$);
#7490=IFCCARTESIANPOINT((3.51864406779661,4.02779661016949));
#7491=IFCAXIS2PLACEMENT2D(#7490,$);
#7492=IFCRECTANGLEPROFILEDEF(.AREA.,$,#7491,7.03728813559322,0.08);
#7493=IFCCARTESIANPOINT((0.,0.,0.1));
#7494=IFCAXIS2PLACEMENT3D(#7493,$,$);
#7495=IFCDIRECTION((0.,0.,1.));
#7496=IFCEXTRUDEDAREASOLID(#7492,#7494,#7495,2.5);
#7497=IFCSTYLEDITEM(#7496,(#32),$);
#7498=IFCCARTESIANPOINT((0.04,2.84745762711864));
#7499=IFCAXIS2PLACEMENT2D(#7498,$);
#7500=IFCRECTANGLEPROFILEDEF(.AREA.,$,#7499,0.08,2.44067796610169);
#7501=IFCCARTESIANPOINT((0.,0.,0.1));
#7502=IFCAXIS2PLACEMENT3D(#7501,$,$);
#7503=IFCDIRECTION((0.,0.,1.));
#7504=IFCEXTRUDEDAREASOLID(#7500,#7502,#7503,2.5);
#7505=IFCSTYLEDITEM(#7504,(#32),$);
#7506=IFCCARTESIANPOINT((6.99728813559322,2.84745762711864));
#7507=IFCAXIS2PLACEMENT2D(#7506,$);
#7508=IFCRECTANGLEPROFILEDEF(.AREA.,$,#7507,0.08,2.44067796610169);
#7509=IFCCARTESIANPOINT((0.,0.,0.1));
#7510=IFCAXIS2PLACEMENT3D(#7509,$,$);
#7511=IFCDIRECTION((0.,0.,1.));
#7512=IFCEXTRUDEDAREASOLID(#7508,#7510,#7511,2.5);
#7513=IFCSTYLEDITEM(#7512,(#32),$);
#7514=IFCBUILDINGELEMENTPROXY('2rCeed9yL8Juj0u9fWHF_I',$,'C15 - UNIPREST','Stand expozitional generic - UNIPREST',$,#7524,#7519,$,$);
#7518=IFCSHAPEREPRESENTATION(#11,'Body','SweptSolid',(#7488,#7496,#7504,#7512));
#7519=IFCPRODUCTDEFINITIONSHAPE($,$,(#7518));
#7520=IFCCARTESIANPOINT((142.64406779661,60.2440677966102,0.));
#7521=IFCDIRECTION((0.,0.,1.));
#7522=IFCDIRECTION((1.,0.,0.));
#7523=IFCAXIS2PLACEMENT3D(#7520,#7521,#7522);
#7524=IFCLOCALPLACEMENT(#26,#7523);
#7525=IFCPROPERTYSET('1nDOhIe3LFfeQQ4gcRJN1P',$,'NZEB_ExhibitorInfo',$,(#7527,#7528,#7529,#7530,#7531,#7532,#7533,#7534));
#7526=IFCRELDEFINESBYPROPERTIES('15R$$e0Sz6du03xoHHRMqx',$,$,$,(#7514),#7525);
#7527=IFCPROPERTYSINGLEVALUE('CompanyName',$,IFCLABEL('UNIPREST'),$);
#7528=IFCPROPERTYSINGLEVALUE('StandNumber',$,IFCLABEL('C15'),$);
#7529=IFCPROPERTYSINGLEVALUE('Zone',$,IFCLABEL('ZONA 3'),$);
#7530=IFCPROPERTYSINGLEVALUE('AreaSqm',$,IFCREAL(28.6),$);
#7531=IFCPROPERTYSINGLEVALUE('Category',$,IFCLABEL('HVAC, incalzire, ventilatie si instalatii'),$);
#7532=IFCPROPERTYSINGLEVALUE('CategoryCode',$,IFCLABEL('C03'),$);
#7533=IFCPROPERTYSINGLEVALUE('Indoor',$,IFCBOOLEAN(.T.),$);
#7534=IFCPROPERTYSINGLEVALUE('Event',$,IFCLABEL('NZEB Expo Bucuresti 2026'),$);
#7535=IFCCARTESIANPOINT((3.29491525423729,2.00677966101695));
#7536=IFCAXIS2PLACEMENT2D(#7535,$);
#7537=IFCRECTANGLEPROFILEDEF(.AREA.,$,#7536,6.58983050847458,4.0135593220339);
#7538=IFCCARTESIANPOINT((0.,0.,0.));
#7539=IFCAXIS2PLACEMENT3D(#7538,$,$);
#7540=IFCDIRECTION((0.,0.,1.));
#7541=IFCEXTRUDEDAREASOLID(#7537,#7539,#7540,0.1);
#7542=IFCSTYLEDITEM(#7541,(#89),$);
#7543=IFCCARTESIANPOINT((3.29491525423729,3.9735593220339));
#7544=IFCAXIS2PLACEMENT2D(#7543,$);
#7545=IFCRECTANGLEPROFILEDEF(.AREA.,$,#7544,6.58983050847458,0.08);
#7546=IFCCARTESIANPOINT((0.,0.,0.1));
#7547=IFCAXIS2PLACEMENT3D(#7546,$,$);
#7548=IFCDIRECTION((0.,0.,1.));
#7549=IFCEXTRUDEDAREASOLID(#7545,#7547,#7548,2.5);
#7550=IFCSTYLEDITEM(#7549,(#32),$);
#7551=IFCCARTESIANPOINT((0.04,2.80949152542373));
#7552=IFCAXIS2PLACEMENT2D(#7551,$);
#7553=IFCRECTANGLEPROFILEDEF(.AREA.,$,#7552,0.08,2.40813559322034);
#7554=IFCCARTESIANPOINT((0.,0.,0.1));
#7555=IFCAXIS2PLACEMENT3D(#7554,$,$);
#7556=IFCDIRECTION((0.,0.,1.));
#7557=IFCEXTRUDEDAREASOLID(#7553,#7555,#7556,2.5);
#7558=IFCSTYLEDITEM(#7557,(#32),$);
#7559=IFCCARTESIANPOINT((6.54983050847458,2.80949152542373));
#7560=IFCAXIS2PLACEMENT2D(#7559,$);
#7561=IFCRECTANGLEPROFILEDEF(.AREA.,$,#7560,0.08,2.40813559322034);
#7562=IFCCARTESIANPOINT((0.,0.,0.1));
#7563=IFCAXIS2PLACEMENT3D(#7562,$,$);
#7564=IFCDIRECTION((0.,0.,1.));
#7565=IFCEXTRUDEDAREASOLID(#7561,#7563,#7564,2.5);
#7566=IFCSTYLEDITEM(#7565,(#32),$);
#7567=IFCBUILDINGELEMENTPROXY('3Aw9Rntf9FJQpAPtb5MdK6',$,'G24 - KRAFT CAMPUS','Stand expozitional generic - KRAFT CAMPUS',$,#7577,#7572,$,$);
#7571=IFCSHAPEREPRESENTATION(#11,'Body','SweptSolid',(#7541,#7549,#7557,#7565));
#7572=IFCPRODUCTDEFINITIONSHAPE($,$,(#7571));
#7573=IFCCARTESIANPOINT((84.8813559322034,71.6745762711864,0.));
#7574=IFCDIRECTION((0.,0.,1.));
#7575=IFCDIRECTION((1.,0.,0.));
#7576=IFCAXIS2PLACEMENT3D(#7573,#7574,#7575);
#7577=IFCLOCALPLACEMENT(#26,#7576);
#7578=IFCPROPERTYSET('0_useNw7LEku4gSabJjcSU',$,'NZEB_ExhibitorInfo',$,(#7580,#7581,#7582,#7583,#7584,#7585,#7586,#7587));
#7579=IFCRELDEFINESBYPROPERTIES('18nPkmn7n7hxKVxYgKTXPs',$,$,$,(#7567),#7578);
#7580=IFCPROPERTYSINGLEVALUE('CompanyName',$,IFCLABEL('KRAFT CAMPUS'),$);
#7581=IFCPROPERTYSINGLEVALUE('StandNumber',$,IFCLABEL('G24'),$);
#7582=IFCPROPERTYSINGLEVALUE('Zone',$,IFCLABEL('ZONA 2'),$);
#7583=IFCPROPERTYSINGLEVALUE('AreaSqm',$,IFCREAL(26.4),$);
#7584=IFCPROPERTYSINGLEVALUE('Category',$,IFCLABEL('Educatie, asociatii si ONG'),$);
#7585=IFCPROPERTYSINGLEVALUE('CategoryCode',$,IFCLABEL('C13'),$);
#7586=IFCPROPERTYSINGLEVALUE('Indoor',$,IFCBOOLEAN(.T.),$);
#7587=IFCPROPERTYSINGLEVALUE('Event',$,IFCLABEL('NZEB Expo Bucuresti 2026'),$);
#7588=IFCCARTESIANPOINT((2.43389830508475,2.14915254237288));
#7589=IFCAXIS2PLACEMENT2D(#7588,$);
#7590=IFCRECTANGLEPROFILEDEF(.AREA.,$,#7589,4.86779661016949,4.29830508474576);
#7591=IFCCARTESIANPOINT((0.,0.,0.));
#7592=IFCAXIS2PLACEMENT3D(#7591,$,$);
#7593=IFCDIRECTION((0.,0.,1.));
#7594=IFCEXTRUDEDAREASOLID(#7590,#7592,#7593,0.1);
#7595=IFCSTYLEDITEM(#7594,(#89),$);
#7596=IFCCARTESIANPOINT((2.43389830508475,4.25830508474576));
#7597=IFCAXIS2PLACEMENT2D(#7596,$);
#7598=IFCRECTANGLEPROFILEDEF(.AREA.,$,#7597,4.86779661016949,0.08);
#7599=IFCCARTESIANPOINT((0.,0.,0.1));
#7600=IFCAXIS2PLACEMENT3D(#7599,$,$);
#7601=IFCDIRECTION((0.,0.,1.));
#7602=IFCEXTRUDEDAREASOLID(#7598,#7600,#7601,2.5);
#7603=IFCSTYLEDITEM(#7602,(#32),$);
#7604=IFCCARTESIANPOINT((0.04,3.00881355932203));
#7605=IFCAXIS2PLACEMENT2D(#7604,$);
#7606=IFCRECTANGLEPROFILEDEF(.AREA.,$,#7605,0.08,2.57898305084746);
#7607=IFCCARTESIANPOINT((0.,0.,0.1));
#7608=IFCAXIS2PLACEMENT3D(#7607,$,$);
#7609=IFCDIRECTION((0.,0.,1.));
#7610=IFCEXTRUDEDAREASOLID(#7606,#7608,#7609,2.5);
#7611=IFCSTYLEDITEM(#7610,(#32),$);
#7612=IFCCARTESIANPOINT((4.82779661016949,3.00881355932203));
#7613=IFCAXIS2PLACEMENT2D(#7612,$);
#7614=IFCRECTANGLEPROFILEDEF(.AREA.,$,#7613,0.08,2.57898305084746);
#7615=IFCCARTESIANPOINT((0.,0.,0.1));
#7616=IFCAXIS2PLACEMENT3D(#7615,$,$);
#7617=IFCDIRECTION((0.,0.,1.));
#7618=IFCEXTRUDEDAREASOLID(#7614,#7616,#7617,2.5);
#7619=IFCSTYLEDITEM(#7618,(#32),$);
#7620=IFCBUILDINGELEMENTPROXY('2cWnMT8MX6uAtkn_ibBhXA',$,'F19 - KRAFT CAMPUS Coldea','Stand expozitional generic - KRAFT CAMPUS Coldea',$,#7630,#7625,$,$);
#7624=IFCSHAPEREPRESENTATION(#11,'Body','SweptSolid',(#7594,#7602,#7610,#7618));
#7625=IFCPRODUCTDEFINITIONSHAPE($,$,(#7624));
#7626=IFCCARTESIANPOINT((104.352542372881,67.5525423728814,0.));
#7627=IFCDIRECTION((0.,0.,1.));
#7628=IFCDIRECTION((1.,0.,0.));
#7629=IFCAXIS2PLACEMENT3D(#7626,#7627,#7628);
#7630=IFCLOCALPLACEMENT(#26,#7629);
#7631=IFCPROPERTYSET('3bS7Op7_L3r9nABRxoHrWJ',$,'NZEB_ExhibitorInfo',$,(#7633,#7634,#7635,#7636,#7637,#7638,#7639,#7640));
#7632=IFCRELDEFINESBYPROPERTIES('0wpOJbwR9EfwsIAj9Hl3Gu',$,$,$,(#7620),#7631);
#7633=IFCPROPERTYSINGLEVALUE('CompanyName',$,IFCLABEL('KRAFT CAMPUS Coldea'),$);
#7634=IFCPROPERTYSINGLEVALUE('StandNumber',$,IFCLABEL('F19'),$);
#7635=IFCPROPERTYSINGLEVALUE('Zone',$,IFCLABEL('ZONA 2'),$);
#7636=IFCPROPERTYSINGLEVALUE('AreaSqm',$,IFCREAL(20.9),$);
#7637=IFCPROPERTYSINGLEVALUE('Category',$,IFCLABEL('Educatie, asociatii si ONG'),$);
#7638=IFCPROPERTYSINGLEVALUE('CategoryCode',$,IFCLABEL('C13'),$);
#7639=IFCPROPERTYSINGLEVALUE('Indoor',$,IFCBOOLEAN(.T.),$);
#7640=IFCPROPERTYSINGLEVALUE('Event',$,IFCLABEL('NZEB Expo Bucuresti 2026'),$);
#7641=IFCCARTESIANPOINT((6.63728813559322,4.00677966101695));
#7642=IFCAXIS2PLACEMENT2D(#7641,$);
#7643=IFCRECTANGLEPROFILEDEF(.AREA.,$,#7642,13.2745762711864,8.0135593220339);
#7644=IFCCARTESIANPOINT((0.,0.,0.));
#7645=IFCAXIS2PLACEMENT3D(#7644,$,$);
#7646=IFCDIRECTION((0.,0.,1.));
#7647=IFCEXTRUDEDAREASOLID(#7643,#7645,#7646,0.1);
#7648=IFCSTYLEDITEM(#7647,(#89),$);
#7649=IFCCARTESIANPOINT((6.63728813559322,7.9735593220339));
#7650=IFCAXIS2PLACEMENT2D(#7649,$);
#7651=IFCRECTANGLEPROFILEDEF(.AREA.,$,#7650,13.2745762711864,0.08);
#7652=IFCCARTESIANPOINT((0.,0.,0.1));
#7653=IFCAXIS2PLACEMENT3D(#7652,$,$);
#7654=IFCDIRECTION((0.,0.,1.));
#7655=IFCEXTRUDEDAREASOLID(#7651,#7653,#7654,2.5);
#7656=IFCSTYLEDITEM(#7655,(#32),$);
#7657=IFCCARTESIANPOINT((0.04,6.0135593220339));
#7658=IFCAXIS2PLACEMENT2D(#7657,$);
#7659=IFCRECTANGLEPROFILEDEF(.AREA.,$,#7658,0.08,4.);
#7660=IFCCARTESIANPOINT((0.,0.,0.1));
#7661=IFCAXIS2PLACEMENT3D(#7660,$,$);
#7662=IFCDIRECTION((0.,0.,1.));
#7663=IFCEXTRUDEDAREASOLID(#7659,#7661,#7662,2.5);
#7664=IFCSTYLEDITEM(#7663,(#32),$);
#7665=IFCCARTESIANPOINT((13.2345762711864,6.0135593220339));
#7666=IFCAXIS2PLACEMENT2D(#7665,$);
#7667=IFCRECTANGLEPROFILEDEF(.AREA.,$,#7666,0.08,4.);
#7668=IFCCARTESIANPOINT((0.,0.,0.1));
#7669=IFCAXIS2PLACEMENT3D(#7668,$,$);
#7670=IFCDIRECTION((0.,0.,1.));
#7671=IFCEXTRUDEDAREASOLID(#7667,#7669,#7670,2.5);
#7672=IFCSTYLEDITEM(#7671,(#32),$);
#7673=IFCBUILDINGELEMENTPROXY('1Q$z80MpP0H9edeV28gKwS',$,'E14 - HUBUL LEMMNULUI','Stand expozitional generic - HUBUL LEMMNULUI',$,#7683,#7678,$,$);
#7677=IFCSHAPEREPRESENTATION(#11,'Body','SweptSolid',(#7647,#7655,#7663,#7671));
#7678=IFCPRODUCTDEFINITIONSHAPE($,$,(#7677));
#7679=IFCCARTESIANPOINT((113.505084745763,67.6745762711864,0.));
#7680=IFCDIRECTION((0.,0.,1.));
#7681=IFCDIRECTION((1.,0.,0.));
#7682=IFCAXIS2PLACEMENT3D(#7679,#7680,#7681);
#7683=IFCLOCALPLACEMENT(#26,#7682);
#7684=IFCPROPERTYSET('2g1Adk0dfFhOpuMaxj27GK',$,'NZEB_ExhibitorInfo',$,(#7686,#7687,#7688,#7689,#7690,#7691,#7692,#7693));
#7685=IFCRELDEFINESBYPROPERTIES('15f9rGVx9A3x0A2CE2gow0',$,$,$,(#7673),#7684);
#7686=IFCPROPERTYSINGLEVALUE('CompanyName',$,IFCLABEL('HUBUL LEMMNULUI'),$);
#7687=IFCPROPERTYSINGLEVALUE('StandNumber',$,IFCLABEL('E14'),$);
#7688=IFCPROPERTYSINGLEVALUE('Zone',$,IFCLABEL('ZONA 2'),$);
#7689=IFCPROPERTYSINGLEVALUE('AreaSqm',$,IFCREAL(106.4),$);
#7690=IFCPROPERTYSINGLEVALUE('Category',$,IFCLABEL('Constructii si structuri din lemn'),$);
#7691=IFCPROPERTYSINGLEVALUE('CategoryCode',$,IFCLABEL('C22'),$);
#7692=IFCPROPERTYSINGLEVALUE('Indoor',$,IFCBOOLEAN(.T.),$);
#7693=IFCPROPERTYSINGLEVALUE('Event',$,IFCLABEL('NZEB Expo Bucuresti 2026'),$);
#7694=IFCCARTESIANPOINT((3.51864406779661,4.10169491525424));
#7695=IFCAXIS2PLACEMENT2D(#7694,$);
#7696=IFCRECTANGLEPROFILEDEF(.AREA.,$,#7695,7.03728813559322,8.20338983050847);
#7697=IFCCARTESIANPOINT((0.,0.,0.));
#7698=IFCAXIS2PLACEMENT3D(#7697,$,$);
#7699=IFCDIRECTION((0.,0.,1.));
#7700=IFCEXTRUDEDAREASOLID(#7696,#7698,#7699,0.1);
#7701=IFCSTYLEDITEM(#7700,(#92),$);
#7702=IFCCARTESIANPOINT((3.51864406779661,8.16338983050847));
#7703=IFCAXIS2PLACEMENT2D(#7702,$);
#7704=IFCRECTANGLEPROFILEDEF(.AREA.,$,#7703,7.03728813559322,0.08);
#7705=IFCCARTESIANPOINT((0.,0.,0.1));
#7706=IFCAXIS2PLACEMENT3D(#7705,$,$);
#7707=IFCDIRECTION((0.,0.,1.));
#7708=IFCEXTRUDEDAREASOLID(#7704,#7706,#7707,2.5);
#7709=IFCSTYLEDITEM(#7708,(#32),$);
#7710=IFCCARTESIANPOINT((0.04,6.20338983050847));
#7711=IFCAXIS2PLACEMENT2D(#7710,$);
#7712=IFCRECTANGLEPROFILEDEF(.AREA.,$,#7711,0.08,4.);
#7713=IFCCARTESIANPOINT((0.,0.,0.1));
#7714=IFCAXIS2PLACEMENT3D(#7713,$,$);
#7715=IFCDIRECTION((0.,0.,1.));
#7716=IFCEXTRUDEDAREASOLID(#7712,#7714,#7715,2.5);
#7717=IFCSTYLEDITEM(#7716,(#32),$);
#7718=IFCCARTESIANPOINT((6.99728813559322,6.20338983050847));
#7719=IFCAXIS2PLACEMENT2D(#7718,$);
#7720=IFCRECTANGLEPROFILEDEF(.AREA.,$,#7719,0.08,4.);
#7721=IFCCARTESIANPOINT((0.,0.,0.1));
#7722=IFCAXIS2PLACEMENT3D(#7721,$,$);
#7723=IFCDIRECTION((0.,0.,1.));
#7724=IFCEXTRUDEDAREASOLID(#7720,#7722,#7723,2.5);
#7725=IFCSTYLEDITEM(#7724,(#32),$);
#7726=IFCBUILDINGELEMENTPROXY('1PEfgma5jFoByo3tFU75kt',$,'D19 - GLULAM','Stand expozitional generic - GLULAM',$,#7736,#7731,$,$);
#7730=IFCSHAPEREPRESENTATION(#11,'Body','SweptSolid',(#7700,#7708,#7716,#7724));
#7731=IFCPRODUCTDEFINITIONSHAPE($,$,(#7730));
#7732=IFCCARTESIANPOINT((131.566101694915,67.5389830508475,0.));
#7733=IFCDIRECTION((0.,0.,1.));
#7734=IFCDIRECTION((1.,0.,0.));
#7735=IFCAXIS2PLACEMENT3D(#7732,#7733,#7734);
#7736=IFCLOCALPLACEMENT(#26,#7735);
#7737=IFCPROPERTYSET('0qrSlBdrP6mfOTQtU8FMdJ',$,'NZEB_ExhibitorInfo',$,(#7739,#7740,#7741,#7742,#7743,#7744,#7745,#7746));
#7738=IFCRELDEFINESBYPROPERTIES('0MWH9amMT0f8tdeBAx0mE0',$,$,$,(#7726),#7737);
#7739=IFCPROPERTYSINGLEVALUE('CompanyName',$,IFCLABEL('GLULAM'),$);
#7740=IFCPROPERTYSINGLEVALUE('StandNumber',$,IFCLABEL('D19'),$);
#7741=IFCPROPERTYSINGLEVALUE('Zone',$,IFCLABEL('ZONA 3'),$);
#7742=IFCPROPERTYSINGLEVALUE('AreaSqm',$,IFCREAL(57.7),$);
#7743=IFCPROPERTYSINGLEVALUE('Category',$,IFCLABEL('Constructii si structuri din lemn'),$);
#7744=IFCPROPERTYSINGLEVALUE('CategoryCode',$,IFCLABEL('C22'),$);
#7745=IFCPROPERTYSINGLEVALUE('Indoor',$,IFCBOOLEAN(.T.),$);
#7746=IFCPROPERTYSINGLEVALUE('Event',$,IFCLABEL('NZEB Expo Bucuresti 2026'),$);
#7747=IFCCARTESIANPOINT((1.75593220338983,2.03389830508475));
#7748=IFCAXIS2PLACEMENT2D(#7747,$);
#7749=IFCRECTANGLEPROFILEDEF(.AREA.,$,#7748,3.51186440677966,4.06779661016949);
#7750=IFCCARTESIANPOINT((0.,0.,0.));
#7751=IFCAXIS2PLACEMENT3D(#7750,$,$);
#7752=IFCDIRECTION((0.,0.,1.));
#7753=IFCEXTRUDEDAREASOLID(#7749,#7751,#7752,0.1);
#7754=IFCSTYLEDITEM(#7753,(#92),$);
#7755=IFCCARTESIANPOINT((1.75593220338983,4.02779661016949));
#7756=IFCAXIS2PLACEMENT2D(#7755,$);
#7757=IFCRECTANGLEPROFILEDEF(.AREA.,$,#7756,3.51186440677966,0.08);
#7758=IFCCARTESIANPOINT((0.,0.,0.1));
#7759=IFCAXIS2PLACEMENT3D(#7758,$,$);
#7760=IFCDIRECTION((0.,0.,1.));
#7761=IFCEXTRUDEDAREASOLID(#7757,#7759,#7760,2.5);
#7762=IFCSTYLEDITEM(#7761,(#32),$);
#7763=IFCCARTESIANPOINT((0.04,2.84745762711864));
#7764=IFCAXIS2PLACEMENT2D(#7763,$);
#7765=IFCRECTANGLEPROFILEDEF(.AREA.,$,#7764,0.08,2.44067796610169);
#7766=IFCCARTESIANPOINT((0.,0.,0.1));
#7767=IFCAXIS2PLACEMENT3D(#7766,$,$);
#7768=IFCDIRECTION((0.,0.,1.));
#7769=IFCEXTRUDEDAREASOLID(#7765,#7767,#7768,2.5);
#7770=IFCSTYLEDITEM(#7769,(#32),$);
#7771=IFCCARTESIANPOINT((3.47186440677966,2.84745762711864));
#7772=IFCAXIS2PLACEMENT2D(#7771,$);
#7773=IFCRECTANGLEPROFILEDEF(.AREA.,$,#7772,0.08,2.44067796610169);
#7774=IFCCARTESIANPOINT((0.,0.,0.1));
#7775=IFCAXIS2PLACEMENT3D(#7774,$,$);
#7776=IFCDIRECTION((0.,0.,1.));
#7777=IFCEXTRUDEDAREASOLID(#7773,#7775,#7776,2.5);
#7778=IFCSTYLEDITEM(#7777,(#32),$);
#7779=IFCBUILDINGELEMENTPROXY('1iIpMHu8P3hBhyFZRYBo9P',$,'D15 - STADTMEISTER','Stand expozitional generic - STADTMEISTER',$,#7789,#7784,$,$);
#7783=IFCSHAPEREPRESENTATION(#11,'Body','SweptSolid',(#7753,#7761,#7769,#7777));
#7784=IFCPRODUCTDEFINITIONSHAPE($,$,(#7783));
#7785=IFCCARTESIANPOINT((135.077966101695,60.2440677966102,0.));
#7786=IFCDIRECTION((0.,0.,1.));
#7787=IFCDIRECTION((1.,0.,0.));
#7788=IFCAXIS2PLACEMENT3D(#7785,#7786,#7787);
#7789=IFCLOCALPLACEMENT(#26,#7788);
#7790=IFCPROPERTYSET('0Ca_HFdPv5ixwWAK8gHBgm',$,'NZEB_ExhibitorInfo',$,(#7792,#7793,#7794,#7795,#7796,#7797,#7798,#7799));
#7791=IFCRELDEFINESBYPROPERTIES('3pg_OhbObCfOm6wEi$u6xk',$,$,$,(#7779),#7790);
#7792=IFCPROPERTYSINGLEVALUE('CompanyName',$,IFCLABEL('STADTMEISTER'),$);
#7793=IFCPROPERTYSINGLEVALUE('StandNumber',$,IFCLABEL('D15'),$);
#7794=IFCPROPERTYSINGLEVALUE('Zone',$,IFCLABEL('ZONA 3'),$);
#7795=IFCPROPERTYSINGLEVALUE('AreaSqm',$,IFCREAL(14.3),$);
#7796=IFCPROPERTYSINGLEVALUE('Category',$,IFCLABEL('Produse si servicii pentru constructii (general)'),$);
#7797=IFCPROPERTYSINGLEVALUE('CategoryCode',$,IFCLABEL('C99'),$);
#7798=IFCPROPERTYSINGLEVALUE('Indoor',$,IFCBOOLEAN(.T.),$);
#7799=IFCPROPERTYSINGLEVALUE('Event',$,IFCLABEL('NZEB Expo Bucuresti 2026'),$);
#7800=IFCCARTESIANPOINT((9.10508474576271,6.10847457627119));
#7801=IFCAXIS2PLACEMENT2D(#7800,$);
#7802=IFCRECTANGLEPROFILEDEF(.AREA.,$,#7801,18.2101694915254,12.2169491525424);
#7803=IFCCARTESIANPOINT((0.,0.,0.));
#7804=IFCAXIS2PLACEMENT3D(#7803,$,$);
#7805=IFCDIRECTION((0.,0.,1.));
#7806=IFCEXTRUDEDAREASOLID(#7802,#7804,#7805,0.1);
#7807=IFCSTYLEDITEM(#7806,(#104),$);
#7808=IFCCARTESIANPOINT((9.10508474576271,12.1769491525424));
#7809=IFCAXIS2PLACEMENT2D(#7808,$);
#7810=IFCRECTANGLEPROFILEDEF(.AREA.,$,#7809,18.2101694915254,0.08);
#7811=IFCCARTESIANPOINT((0.,0.,0.1));
#7812=IFCAXIS2PLACEMENT3D(#7811,$,$);
#7813=IFCDIRECTION((0.,0.,1.));
#7814=IFCEXTRUDEDAREASOLID(#7810,#7812,#7813,2.5);
#7815=IFCSTYLEDITEM(#7814,(#32),$);
#7816=IFCCARTESIANPOINT((0.04,10.2169491525424));
#7817=IFCAXIS2PLACEMENT2D(#7816,$);
#7818=IFCRECTANGLEPROFILEDEF(.AREA.,$,#7817,0.08,4.);
#7819=IFCCARTESIANPOINT((0.,0.,0.1));
#7820=IFCAXIS2PLACEMENT3D(#7819,$,$);
#7821=IFCDIRECTION((0.,0.,1.));
#7822=IFCEXTRUDEDAREASOLID(#7818,#7820,#7821,2.5);
#7823=IFCSTYLEDITEM(#7822,(#32),$);
#7824=IFCCARTESIANPOINT((18.1701694915254,10.2169491525424));
#7825=IFCAXIS2PLACEMENT2D(#7824,$);
#7826=IFCRECTANGLEPROFILEDEF(.AREA.,$,#7825,0.08,4.);
#7827=IFCCARTESIANPOINT((0.,0.,0.1));
#7828=IFCAXIS2PLACEMENT3D(#7827,$,$);
#7829=IFCDIRECTION((0.,0.,1.));
#7830=IFCEXTRUDEDAREASOLID(#7826,#7828,#7829,2.5);
#7831=IFCSTYLEDITEM(#7830,(#32),$);
#7832=IFCBUILDINGELEMENTPROXY('2TqclTF8H4VRftsVTUlKYm',$,'O2 - BIG STORE','Stand expozitional generic - BIG STORE',$,#7842,#7837,$,$);
#7836=IFCSHAPEREPRESENTATION(#11,'Body','SweptSolid',(#7806,#7814,#7822,#7830));
#7837=IFCPRODUCTDEFINITIONSHAPE($,$,(#7836));
#7838=IFCCARTESIANPOINT((237.938983050847,37.8440677966102,0.));
#7839=IFCDIRECTION((0.,0.,1.));
#7840=IFCDIRECTION((1.,0.,0.));
#7841=IFCAXIS2PLACEMENT3D(#7838,#7839,#7840);
#7842=IFCLOCALPLACEMENT(#20,#7841);
#7843=IFCPROPERTYSET('2CdYneY3H7wOOCEck1A1NC',$,'NZEB_ExhibitorInfo',$,(#7845,#7846,#7847,#7848,#7849,#7850,#7851,#7852));
#7844=IFCRELDEFINESBYPROPERTIES('0vl0Yk4456$gNYk5MuHaPB',$,$,$,(#7832),#7843);
#7845=IFCPROPERTYSINGLEVALUE('CompanyName',$,IFCLABEL('BIG STORE'),$);
#7846=IFCPROPERTYSINGLEVALUE('StandNumber',$,IFCLABEL('O2'),$);
#7847=IFCPROPERTYSINGLEVALUE('Zone',$,IFCLABEL('ZONA 7'),$);
#7848=IFCPROPERTYSINGLEVALUE('AreaSqm',$,IFCREAL(222.5),$);
#7849=IFCPROPERTYSINGLEVALUE('Category',$,IFCLABEL('Produse si servicii pentru constructii (general)'),$);
#7850=IFCPROPERTYSINGLEVALUE('CategoryCode',$,IFCLABEL('C99'),$);
#7851=IFCPROPERTYSINGLEVALUE('Indoor',$,IFCBOOLEAN(.F.),$);
#7852=IFCPROPERTYSINGLEVALUE('Event',$,IFCLABEL('NZEB Expo Bucuresti 2026'),$);
#7853=IFCCARTESIANPOINT((2.3864406779661,3.72203389830508));
#7854=IFCAXIS2PLACEMENT2D(#7853,$);
#7855=IFCRECTANGLEPROFILEDEF(.AREA.,$,#7854,4.7728813559322,7.44406779661017);
#7856=IFCCARTESIANPOINT((0.,0.,0.));
#7857=IFCAXIS2PLACEMENT3D(#7856,$,$);
#7858=IFCDIRECTION((0.,0.,1.));
#7859=IFCEXTRUDEDAREASOLID(#7855,#7857,#7858,0.1);
#7860=IFCSTYLEDITEM(#7859,(#104),$);
#7861=IFCCARTESIANPOINT((2.3864406779661,7.40406779661017));
#7862=IFCAXIS2PLACEMENT2D(#7861,$);
#7863=IFCRECTANGLEPROFILEDEF(.AREA.,$,#7862,4.7728813559322,0.08);
#7864=IFCCARTESIANPOINT((0.,0.,0.1));
#7865=IFCAXIS2PLACEMENT3D(#7864,$,$);
#7866=IFCDIRECTION((0.,0.,1.));
#7867=IFCEXTRUDEDAREASOLID(#7863,#7865,#7866,2.5);
#7868=IFCSTYLEDITEM(#7867,(#32),$);
#7869=IFCCARTESIANPOINT((0.04,5.44406779661017));
#7870=IFCAXIS2PLACEMENT2D(#7869,$);
#7871=IFCRECTANGLEPROFILEDEF(.AREA.,$,#7870,0.08,4.);
#7872=IFCCARTESIANPOINT((0.,0.,0.1));
#7873=IFCAXIS2PLACEMENT3D(#7872,$,$);
#7874=IFCDIRECTION((0.,0.,1.));
#7875=IFCEXTRUDEDAREASOLID(#7871,#7873,#7874,2.5);
#7876=IFCSTYLEDITEM(#7875,(#32),$);
#7877=IFCCARTESIANPOINT((4.7328813559322,5.44406779661017));
#7878=IFCAXIS2PLACEMENT2D(#7877,$);
#7879=IFCRECTANGLEPROFILEDEF(.AREA.,$,#7878,0.08,4.);
#7880=IFCCARTESIANPOINT((0.,0.,0.1));
#7881=IFCAXIS2PLACEMENT3D(#7880,$,$);
#7882=IFCDIRECTION((0.,0.,1.));
#7883=IFCEXTRUDEDAREASOLID(#7879,#7881,#7882,2.5);
#7884=IFCSTYLEDITEM(#7883,(#32),$);
#7885=IFCBUILDINGELEMENTPROXY('1lVzlGQwT1cPlXKLaG_US0',$,'O6a - SPA JOY','Stand expozitional generic - SPA JOY',$,#7895,#7890,$,$);
#7889=IFCSHAPEREPRESENTATION(#11,'Body','SweptSolid',(#7859,#7867,#7875,#7883));
#7890=IFCPRODUCTDEFINITIONSHAPE($,$,(#7889));
#7891=IFCCARTESIANPOINT((229.003389830508,36.4338983050848,0.));
#7892=IFCDIRECTION((0.,0.,1.));
#7893=IFCDIRECTION((1.,0.,0.));
#7894=IFCAXIS2PLACEMENT3D(#7891,#7892,#7893);
#7895=IFCLOCALPLACEMENT(#20,#7894);
#7896=IFCPROPERTYSET('0vRjuEzvX41BPOiC1wrBmL',$,'NZEB_ExhibitorInfo',$,(#7898,#7899,#7900,#7901,#7902,#7903,#7904,#7905));
#7897=IFCRELDEFINESBYPROPERTIES('1YXFi8pSHDa8JsLk1wNZbK',$,$,$,(#7885),#7896);
#7898=IFCPROPERTYSINGLEVALUE('CompanyName',$,IFCLABEL('SPA JOY'),$);
#7899=IFCPROPERTYSINGLEVALUE('StandNumber',$,IFCLABEL('O6a'),$);
#7900=IFCPROPERTYSINGLEVALUE('Zone',$,IFCLABEL('ZONA 7'),$);
#7901=IFCPROPERTYSINGLEVALUE('AreaSqm',$,IFCREAL(35.5),$);
#7902=IFCPROPERTYSINGLEVALUE('Category',$,IFCLABEL('Gradina, peisagistica si exterior'),$);
#7903=IFCPROPERTYSINGLEVALUE('CategoryCode',$,IFCLABEL('C16'),$);
#7904=IFCPROPERTYSINGLEVALUE('Indoor',$,IFCBOOLEAN(.F.),$);
#7905=IFCPROPERTYSINGLEVALUE('Event',$,IFCLABEL('NZEB Expo Bucuresti 2026'),$);
#7906=IFCCARTESIANPOINT((3.51864406779661,2.02033898305085));
#7907=IFCAXIS2PLACEMENT2D(#7906,$);
#7908=IFCRECTANGLEPROFILEDEF(.AREA.,$,#7907,7.03728813559322,4.0406779661017);
#7909=IFCCARTESIANPOINT((0.,0.,0.));
#7910=IFCAXIS2PLACEMENT3D(#7909,$,$);
#7911=IFCDIRECTION((0.,0.,1.));
#7912=IFCEXTRUDEDAREASOLID(#7908,#7910,#7911,0.1);
#7913=IFCSTYLEDITEM(#7912,(#92),$);
#7914=IFCCARTESIANPOINT((3.51864406779661,4.0006779661017));
#7915=IFCAXIS2PLACEMENT2D(#7914,$);
#7916=IFCRECTANGLEPROFILEDEF(.AREA.,$,#7915,7.03728813559322,0.08);
#7917=IFCCARTESIANPOINT((0.,0.,0.1));
#7918=IFCAXIS2PLACEMENT3D(#7917,$,$);
#7919=IFCDIRECTION((0.,0.,1.));
#7920=IFCEXTRUDEDAREASOLID(#7916,#7918,#7919,2.5);
#7921=IFCSTYLEDITEM(#7920,(#32),$);
#7922=IFCCARTESIANPOINT((0.04,2.82847457627119));
#7923=IFCAXIS2PLACEMENT2D(#7922,$);
#7924=IFCRECTANGLEPROFILEDEF(.AREA.,$,#7923,0.08,2.42440677966102);
#7925=IFCCARTESIANPOINT((0.,0.,0.1));
#7926=IFCAXIS2PLACEMENT3D(#7925,$,$);
#7927=IFCDIRECTION((0.,0.,1.));
#7928=IFCEXTRUDEDAREASOLID(#7924,#7926,#7927,2.5);
#7929=IFCSTYLEDITEM(#7928,(#32),$);
#7930=IFCCARTESIANPOINT((6.99728813559322,2.82847457627119));
#7931=IFCAXIS2PLACEMENT2D(#7930,$);
#7932=IFCRECTANGLEPROFILEDEF(.AREA.,$,#7931,0.08,2.42440677966102);
#7933=IFCCARTESIANPOINT((0.,0.,0.1));
#7934=IFCAXIS2PLACEMENT3D(#7933,$,$);
#7935=IFCDIRECTION((0.,0.,1.));
#7936=IFCEXTRUDEDAREASOLID(#7932,#7934,#7935,2.5);
#7937=IFCSTYLEDITEM(#7936,(#32),$);
#7938=IFCBUILDINGELEMENTPROXY('3znXJGlgj29fKgMOCB6oyr',$,'C12 - STERCHELE GROUP','Stand expozitional generic - STERCHELE GROUP',$,#7948,#7943,$,$);
#7942=IFCSHAPEREPRESENTATION(#11,'Body','SweptSolid',(#7912,#7920,#7928,#7936));
#7943=IFCPRODUCTDEFINITIONSHAPE($,$,(#7942));
#7944=IFCCARTESIANPOINT((142.64406779661,56.1898305084746,0.));
#7945=IFCDIRECTION((0.,0.,1.));
#7946=IFCDIRECTION((1.,0.,0.));
#7947=IFCAXIS2PLACEMENT3D(#7944,#7945,#7946);
#7948=IFCLOCALPLACEMENT(#26,#7947);
#7949=IFCPROPERTYSET('0jvMGoKq1AKBzEUWVufRxQ',$,'NZEB_ExhibitorInfo',$,(#7951,#7952,#7953,#7954,#7955,#7956,#7957,#7958));
#7950=IFCRELDEFINESBYPROPERTIES('2m0VsvGZf8GAZcDWErb8zx',$,$,$,(#7938),#7949);
#7951=IFCPROPERTYSINGLEVALUE('CompanyName',$,IFCLABEL('STERCHELE GROUP'),$);
#7952=IFCPROPERTYSINGLEVALUE('StandNumber',$,IFCLABEL('C12'),$);
#7953=IFCPROPERTYSINGLEVALUE('Zone',$,IFCLABEL('ZONA 3'),$);
#7954=IFCPROPERTYSINGLEVALUE('AreaSqm',$,IFCREAL(28.4),$);
#7955=IFCPROPERTYSINGLEVALUE('Category',$,IFCLABEL('Produse si servicii pentru constructii (general)'),$);
#7956=IFCPROPERTYSINGLEVALUE('CategoryCode',$,IFCLABEL('C99'),$);
#7957=IFCPROPERTYSINGLEVALUE('Indoor',$,IFCBOOLEAN(.T.),$);
#7958=IFCPROPERTYSINGLEVALUE('Event',$,IFCLABEL('NZEB Expo Bucuresti 2026'),$);
#7959=IFCCARTESIANPOINT((1.99322033898305,2.03389830508475));
#7960=IFCAXIS2PLACEMENT2D(#7959,$);
#7961=IFCRECTANGLEPROFILEDEF(.AREA.,$,#7960,3.9864406779661,4.06779661016949);
#7962=IFCCARTESIANPOINT((0.,0.,0.));
#7963=IFCAXIS2PLACEMENT3D(#7962,$,$);
#7964=IFCDIRECTION((0.,0.,1.));
#7965=IFCEXTRUDEDAREASOLID(#7961,#7963,#7964,0.1);
#7966=IFCSTYLEDITEM(#7965,(#92),$);
#7967=IFCCARTESIANPOINT((1.99322033898305,4.02779661016949));
#7968=IFCAXIS2PLACEMENT2D(#7967,$);
#7969=IFCRECTANGLEPROFILEDEF(.AREA.,$,#7968,3.9864406779661,0.08);
#7970=IFCCARTESIANPOINT((0.,0.,0.1));
#7971=IFCAXIS2PLACEMENT3D(#7970,$,$);
#7972=IFCDIRECTION((0.,0.,1.));
#7973=IFCEXTRUDEDAREASOLID(#7969,#7971,#7972,2.5);
#7974=IFCSTYLEDITEM(#7973,(#32),$);
#7975=IFCCARTESIANPOINT((0.04,2.84745762711864));
#7976=IFCAXIS2PLACEMENT2D(#7975,$);
#7977=IFCRECTANGLEPROFILEDEF(.AREA.,$,#7976,0.08,2.44067796610169);
#7978=IFCCARTESIANPOINT((0.,0.,0.1));
#7979=IFCAXIS2PLACEMENT3D(#7978,$,$);
#7980=IFCDIRECTION((0.,0.,1.));
#7981=IFCEXTRUDEDAREASOLID(#7977,#7979,#7980,2.5);
#7982=IFCSTYLEDITEM(#7981,(#32),$);
#7983=IFCCARTESIANPOINT((3.9464406779661,2.84745762711864));
#7984=IFCAXIS2PLACEMENT2D(#7983,$);
#7985=IFCRECTANGLEPROFILEDEF(.AREA.,$,#7984,0.08,2.44067796610169);
#7986=IFCCARTESIANPOINT((0.,0.,0.1));
#7987=IFCAXIS2PLACEMENT3D(#7986,$,$);
#7988=IFCDIRECTION((0.,0.,1.));
#7989=IFCEXTRUDEDAREASOLID(#7985,#7987,#7988,2.5);
#7990=IFCSTYLEDITEM(#7989,(#32),$);
#7991=IFCBUILDINGELEMENTPROXY('0IVG38lI9FTuy8Yppm9WSp',$,'C17 - ISOMAT','Stand expozitional generic - ISOMAT',$,#8001,#7996,$,$);
#7995=IFCSHAPEREPRESENTATION(#11,'Body','SweptSolid',(#7965,#7973,#7981,#7989));
#7996=IFCPRODUCTDEFINITIONSHAPE($,$,(#7995));
#7997=IFCCARTESIANPOINT((142.738983050847,67.5525423728814,0.));
#7998=IFCDIRECTION((0.,0.,1.));
#7999=IFCDIRECTION((1.,0.,0.));
#8000=IFCAXIS2PLACEMENT3D(#7997,#7998,#7999);
#8001=IFCLOCALPLACEMENT(#26,#8000);
#8002=IFCPROPERTYSET('2Zrb4R9KP34g3K$V5BWqoa',$,'NZEB_ExhibitorInfo',$,(#8004,#8005,#8006,#8007,#8008,#8009,#8010,#8011,#8012));
#8003=IFCRELDEFINESBYPROPERTIES('1TEUwnwOD7ugI73JyJxQi5',$,$,$,(#7991),#8002);
#8004=IFCPROPERTYSINGLEVALUE('CompanyName',$,IFCLABEL('ISOMAT'),$);
#8005=IFCPROPERTYSINGLEVALUE('StandNumber',$,IFCLABEL('C17'),$);
#8006=IFCPROPERTYSINGLEVALUE('Zone',$,IFCLABEL('ZONA 3'),$);
#8007=IFCPROPERTYSINGLEVALUE('AreaSqm',$,IFCREAL(16.2),$);
#8008=IFCPROPERTYSINGLEVALUE('Category',$,IFCLABEL('Chimie pentru constructii (adezivi, spume, etansari)'),$);
#8009=IFCPROPERTYSINGLEVALUE('CategoryCode',$,IFCLABEL('C06'),$);
#8010=IFCPROPERTYSINGLEVALUE('Indoor',$,IFCBOOLEAN(.T.),$);
#8011=IFCPROPERTYSINGLEVALUE('Event',$,IFCLABEL('NZEB Expo Bucuresti 2026'),$);
#8012=IFCPROPERTYSINGLEVALUE('Website',$,IFCLABEL('https://www.isomat.eu'),$);
#8013=IFCCARTESIANPOINT((1.52542372881356,2.03389830508475));
#8014=IFCAXIS2PLACEMENT2D(#8013,$);
#8015=IFCRECTANGLEPROFILEDEF(.AREA.,$,#8014,3.05084745762712,4.06779661016949);
#8016=IFCCARTESIANPOINT((0.,0.,0.));
#8017=IFCAXIS2PLACEMENT3D(#8016,$,$);
#8018=IFCDIRECTION((0.,0.,1.));
#8019=IFCEXTRUDEDAREASOLID(#8015,#8017,#8018,0.1);
#8020=IFCSTYLEDITEM(#8019,(#92),$);
#8021=IFCCARTESIANPOINT((1.52542372881356,4.02779661016949));
#8022=IFCAXIS2PLACEMENT2D(#8021,$);
#8023=IFCRECTANGLEPROFILEDEF(.AREA.,$,#8022,3.05084745762712,0.08);
#8024=IFCCARTESIANPOINT((0.,0.,0.1));
#8025=IFCAXIS2PLACEMENT3D(#8024,$,$);
#8026=IFCDIRECTION((0.,0.,1.));
#8027=IFCEXTRUDEDAREASOLID(#8023,#8025,#8026,2.5);
#8028=IFCSTYLEDITEM(#8027,(#32),$);
#8029=IFCCARTESIANPOINT((0.04,2.84745762711864));
#8030=IFCAXIS2PLACEMENT2D(#8029,$);
#8031=IFCRECTANGLEPROFILEDEF(.AREA.,$,#8030,0.08,2.44067796610169);
#8032=IFCCARTESIANPOINT((0.,0.,0.1));
#8033=IFCAXIS2PLACEMENT3D(#8032,$,$);
#8034=IFCDIRECTION((0.,0.,1.));
#8035=IFCEXTRUDEDAREASOLID(#8031,#8033,#8034,2.5);
#8036=IFCSTYLEDITEM(#8035,(#32),$);
#8037=IFCCARTESIANPOINT((3.01084745762712,2.84745762711864));
#8038=IFCAXIS2PLACEMENT2D(#8037,$);
#8039=IFCRECTANGLEPROFILEDEF(.AREA.,$,#8038,0.08,2.44067796610169);
#8040=IFCCARTESIANPOINT((0.,0.,0.1));
#8041=IFCAXIS2PLACEMENT3D(#8040,$,$);
#8042=IFCDIRECTION((0.,0.,1.));
#8043=IFCEXTRUDEDAREASOLID(#8039,#8041,#8042,2.5);
#8044=IFCSTYLEDITEM(#8043,(#32),$);
#8045=IFCBUILDINGELEMENTPROXY('1NdTKp9XT4rAkTHr2uBrGd',$,'C16 - PENOSIL','Stand expozitional generic - PENOSIL',$,#8055,#8050,$,$);
#8049=IFCSHAPEREPRESENTATION(#11,'Body','SweptSolid',(#8019,#8027,#8035,#8043));
#8050=IFCPRODUCTDEFINITIONSHAPE($,$,(#8049));
#8051=IFCCARTESIANPOINT((146.725423728814,67.5525423728814,0.));
#8052=IFCDIRECTION((0.,0.,1.));
#8053=IFCDIRECTION((1.,0.,0.));
#8054=IFCAXIS2PLACEMENT3D(#8051,#8052,#8053);
#8055=IFCLOCALPLACEMENT(#26,#8054);
#8056=IFCPROPERTYSET('2f_2yjTuP9DgWBE5SzRvBe',$,'NZEB_ExhibitorInfo',$,(#8058,#8059,#8060,#8061,#8062,#8063,#8064,#8065,#8066));
#8057=IFCRELDEFINESBYPROPERTIES('1NMPKtHwz8qRghVVSHVJHv',$,$,$,(#8045),#8056);
#8058=IFCPROPERTYSINGLEVALUE('CompanyName',$,IFCLABEL('PENOSIL'),$);
#8059=IFCPROPERTYSINGLEVALUE('StandNumber',$,IFCLABEL('C16'),$);
#8060=IFCPROPERTYSINGLEVALUE('Zone',$,IFCLABEL('ZONA 3'),$);
#8061=IFCPROPERTYSINGLEVALUE('AreaSqm',$,IFCREAL(12.4),$);
#8062=IFCPROPERTYSINGLEVALUE('Category',$,IFCLABEL('Chimie pentru constructii (adezivi, spume, etansari)'),$);
#8063=IFCPROPERTYSINGLEVALUE('CategoryCode',$,IFCLABEL('C06'),$);
#8064=IFCPROPERTYSINGLEVALUE('Indoor',$,IFCBOOLEAN(.T.),$);
#8065=IFCPROPERTYSINGLEVALUE('Event',$,IFCLABEL('NZEB Expo Bucuresti 2026'),$);
#8066=IFCPROPERTYSINGLEVALUE('Website',$,IFCLABEL('https://penosil.com'),$);
#8067=IFCCARTESIANPOINT((3.29491525423729,2.06779661016949));
#8068=IFCAXIS2PLACEMENT2D(#8067,$);
#8069=IFCRECTANGLEPROFILEDEF(.AREA.,$,#8068,6.58983050847458,4.13559322033898);
#8070=IFCCARTESIANPOINT((0.,0.,0.));
#8071=IFCAXIS2PLACEMENT3D(#8070,$,$);
#8072=IFCDIRECTION((0.,0.,1.));
#8073=IFCEXTRUDEDAREASOLID(#8069,#8071,#8072,0.1);
#8074=IFCSTYLEDITEM(#8073,(#89),$);
#8075=IFCCARTESIANPOINT((3.29491525423729,4.09559322033898));
#8076=IFCAXIS2PLACEMENT2D(#8075,$);
#8077=IFCRECTANGLEPROFILEDEF(.AREA.,$,#8076,6.58983050847458,0.08);
#8078=IFCCARTESIANPOINT((0.,0.,0.1));
#8079=IFCAXIS2PLACEMENT3D(#8078,$,$);
#8080=IFCDIRECTION((0.,0.,1.));
#8081=IFCEXTRUDEDAREASOLID(#8077,#8079,#8080,2.5);
#8082=IFCSTYLEDITEM(#8081,(#32),$);
#8083=IFCCARTESIANPOINT((0.04,2.89491525423729));
#8084=IFCAXIS2PLACEMENT2D(#8083,$);
#8085=IFCRECTANGLEPROFILEDEF(.AREA.,$,#8084,0.08,2.48135593220339);
#8086=IFCCARTESIANPOINT((0.,0.,0.1));
#8087=IFCAXIS2PLACEMENT3D(#8086,$,$);
#8088=IFCDIRECTION((0.,0.,1.));
#8089=IFCEXTRUDEDAREASOLID(#8085,#8087,#8088,2.5);
#8090=IFCSTYLEDITEM(#8089,(#32),$);
#8091=IFCCARTESIANPOINT((6.54983050847458,2.89491525423729));
#8092=IFCAXIS2PLACEMENT2D(#8091,$);
#8093=IFCRECTANGLEPROFILEDEF(.AREA.,$,#8092,0.08,2.48135593220339);
#8094=IFCCARTESIANPOINT((0.,0.,0.1));
#8095=IFCAXIS2PLACEMENT3D(#8094,$,$);
#8096=IFCDIRECTION((0.,0.,1.));
#8097=IFCEXTRUDEDAREASOLID(#8093,#8095,#8096,2.5);
#8098=IFCSTYLEDITEM(#8097,(#32),$);
#8099=IFCBUILDINGELEMENTPROXY('2xGGVmxSLA5hE06qZQFIBs',$,'G21 - KRAFT CAMPUS +Kirman','Stand expozitional generic - KRAFT CAMPUS +Kirman',$,#8109,#8104,$,$);
#8103=IFCSHAPEREPRESENTATION(#11,'Body','SweptSolid',(#8073,#8081,#8089,#8097));
#8104=IFCPRODUCTDEFINITIONSHAPE($,$,(#8103));
#8105=IFCCARTESIANPOINT((84.8949152542373,67.5389830508475,0.));
#8106=IFCDIRECTION((0.,0.,1.));
#8107=IFCDIRECTION((1.,0.,0.));
#8108=IFCAXIS2PLACEMENT3D(#8105,#8106,#8107);
#8109=IFCLOCALPLACEMENT(#26,#8108);
#8110=IFCPROPERTYSET('1HP544ChDB9wdfRAQ6zwx0',$,'NZEB_ExhibitorInfo',$,(#8112,#8113,#8114,#8115,#8116,#8117,#8118,#8119));
#8111=IFCRELDEFINESBYPROPERTIES('2en7Xp0zXDzxOimMI4$C_C',$,$,$,(#8099),#8110);
#8112=IFCPROPERTYSINGLEVALUE('CompanyName',$,IFCLABEL('KRAFT CAMPUS +Kirman'),$);
#8113=IFCPROPERTYSINGLEVALUE('StandNumber',$,IFCLABEL('G21'),$);
#8114=IFCPROPERTYSINGLEVALUE('Zone',$,IFCLABEL('ZONA 2'),$);
#8115=IFCPROPERTYSINGLEVALUE('AreaSqm',$,IFCREAL(27.3),$);
#8116=IFCPROPERTYSINGLEVALUE('Category',$,IFCLABEL('Educatie, asociatii si ONG'),$);
#8117=IFCPROPERTYSINGLEVALUE('CategoryCode',$,IFCLABEL('C13'),$);
#8118=IFCPROPERTYSINGLEVALUE('Indoor',$,IFCBOOLEAN(.T.),$);
#8119=IFCPROPERTYSINGLEVALUE('Event',$,IFCLABEL('NZEB Expo Bucuresti 2026'),$);
#8120=IFCCARTESIANPOINT((3.29491525423729,2.06779661016949));
#8121=IFCAXIS2PLACEMENT2D(#8120,$);
#8122=IFCRECTANGLEPROFILEDEF(.AREA.,$,#8121,6.58983050847458,4.13559322033898);
#8123=IFCCARTESIANPOINT((0.,0.,0.));
#8124=IFCAXIS2PLACEMENT3D(#8123,$,$);
#8125=IFCDIRECTION((0.,0.,1.));
#8126=IFCEXTRUDEDAREASOLID(#8122,#8124,#8125,0.1);
#8127=IFCSTYLEDITEM(#8126,(#89),$);
#8128=IFCCARTESIANPOINT((3.29491525423729,4.09559322033898));
#8129=IFCAXIS2PLACEMENT2D(#8128,$);
#8130=IFCRECTANGLEPROFILEDEF(.AREA.,$,#8129,6.58983050847458,0.08);
#8131=IFCCARTESIANPOINT((0.,0.,0.1));
#8132=IFCAXIS2PLACEMENT3D(#8131,$,$);
#8133=IFCDIRECTION((0.,0.,1.));
#8134=IFCEXTRUDEDAREASOLID(#8130,#8132,#8133,2.5);
#8135=IFCSTYLEDITEM(#8134,(#32),$);
#8136=IFCCARTESIANPOINT((0.04,2.89491525423729));
#8137=IFCAXIS2PLACEMENT2D(#8136,$);
#8138=IFCRECTANGLEPROFILEDEF(.AREA.,$,#8137,0.08,2.48135593220339);
#8139=IFCCARTESIANPOINT((0.,0.,0.1));
#8140=IFCAXIS2PLACEMENT3D(#8139,$,$);
#8141=IFCDIRECTION((0.,0.,1.));
#8142=IFCEXTRUDEDAREASOLID(#8138,#8140,#8141,2.5);
#8143=IFCSTYLEDITEM(#8142,(#32),$);
#8144=IFCCARTESIANPOINT((6.54983050847458,2.89491525423729));
#8145=IFCAXIS2PLACEMENT2D(#8144,$);
#8146=IFCRECTANGLEPROFILEDEF(.AREA.,$,#8145,0.08,2.48135593220339);
#8147=IFCCARTESIANPOINT((0.,0.,0.1));
#8148=IFCAXIS2PLACEMENT3D(#8147,$,$);
#8149=IFCDIRECTION((0.,0.,1.));
#8150=IFCEXTRUDEDAREASOLID(#8146,#8148,#8149,2.5);
#8151=IFCSTYLEDITEM(#8150,(#32),$);
#8152=IFCBUILDINGELEMENTPROXY('05PFeB_Sv3JAk0M1vXvZ7y',$,'G22 - KRAFT CAMPUS +BDM Systems','Stand expozitional generic - KRAFT CAMPUS +BDM Systems',$,#8162,#8157,$,$);
#8156=IFCSHAPEREPRESENTATION(#11,'Body','SweptSolid',(#8126,#8134,#8142,#8150));
#8157=IFCPRODUCTDEFINITIONSHAPE($,$,(#8156));
#8158=IFCCARTESIANPOINT((78.2915254237288,67.5389830508475,0.));
#8159=IFCDIRECTION((0.,0.,1.));
#8160=IFCDIRECTION((1.,0.,0.));
#8161=IFCAXIS2PLACEMENT3D(#8158,#8159,#8160);
#8162=IFCLOCALPLACEMENT(#26,#8161);
#8163=IFCPROPERTYSET('1iGpolaSz51QqFeviYxyIn',$,'NZEB_ExhibitorInfo',$,(#8165,#8166,#8167,#8168,#8169,#8170,#8171,#8172));
#8164=IFCRELDEFINESBYPROPERTIES('1OSL6kfmTDChfkrbn9Evwt',$,$,$,(#8152),#8163);
#8165=IFCPROPERTYSINGLEVALUE('CompanyName',$,IFCLABEL('KRAFT CAMPUS +BDM Systems'),$);
#8166=IFCPROPERTYSINGLEVALUE('StandNumber',$,IFCLABEL('G22'),$);
#8167=IFCPROPERTYSINGLEVALUE('Zone',$,IFCLABEL('ZONA 2'),$);
#8168=IFCPROPERTYSINGLEVALUE('AreaSqm',$,IFCREAL(27.3),$);
#8169=IFCPROPERTYSINGLEVALUE('Category',$,IFCLABEL('Educatie, asociatii si ONG'),$);
#8170=IFCPROPERTYSINGLEVALUE('CategoryCode',$,IFCLABEL('C13'),$);
#8171=IFCPROPERTYSINGLEVALUE('Indoor',$,IFCBOOLEAN(.T.),$);
#8172=IFCPROPERTYSINGLEVALUE('Event',$,IFCLABEL('NZEB Expo Bucuresti 2026'),$);
#8173=IFCCARTESIANPOINT((6.59661016949152,2.0135593220339));
#8174=IFCAXIS2PLACEMENT2D(#8173,$);
#8175=IFCRECTANGLEPROFILEDEF(.AREA.,$,#8174,13.193220338983,4.0271186440678);
#8176=IFCCARTESIANPOINT((0.,0.,0.));
#8177=IFCAXIS2PLACEMENT3D(#8176,$,$);
#8178=IFCDIRECTION((0.,0.,1.));
#8179=IFCEXTRUDEDAREASOLID(#8175,#8177,#8178,0.1);
#8180=IFCSTYLEDITEM(#8179,(#89),$);
#8181=IFCCARTESIANPOINT((6.59661016949152,3.9871186440678));
#8182=IFCAXIS2PLACEMENT2D(#8181,$);
#8183=IFCRECTANGLEPROFILEDEF(.AREA.,$,#8182,13.193220338983,0.08);
#8184=IFCCARTESIANPOINT((0.,0.,0.1));
#8185=IFCAXIS2PLACEMENT3D(#8184,$,$);
#8186=IFCDIRECTION((0.,0.,1.));
#8187=IFCEXTRUDEDAREASOLID(#8183,#8185,#8186,2.5);
#8188=IFCSTYLEDITEM(#8187,(#32),$);
#8189=IFCCARTESIANPOINT((0.04,2.81898305084746));
#8190=IFCAXIS2PLACEMENT2D(#8189,$);
#8191=IFCRECTANGLEPROFILEDEF(.AREA.,$,#8190,0.08,2.41627118644068);
#8192=IFCCARTESIANPOINT((0.,0.,0.1));
#8193=IFCAXIS2PLACEMENT3D(#8192,$,$);
#8194=IFCDIRECTION((0.,0.,1.));
#8195=IFCEXTRUDEDAREASOLID(#8191,#8193,#8194,2.5);
#8196=IFCSTYLEDITEM(#8195,(#32),$);
#8197=IFCCARTESIANPOINT((13.153220338983,2.81898305084746));
#8198=IFCAXIS2PLACEMENT2D(#8197,$);
#8199=IFCRECTANGLEPROFILEDEF(.AREA.,$,#8198,0.08,2.41627118644068);
#8200=IFCCARTESIANPOINT((0.,0.,0.1));
#8201=IFCAXIS2PLACEMENT3D(#8200,$,$);
#8202=IFCDIRECTION((0.,0.,1.));
#8203=IFCEXTRUDEDAREASOLID(#8199,#8201,#8202,2.5);
#8204=IFCSTYLEDITEM(#8203,(#32),$);
#8205=IFCBUILDINGELEMENTPROXY('3QX7EFEIHCfPI6yvudGDPr',$,'G23 - KRAFT CAMPUS + ZECAPH','Stand expozitional generic - KRAFT CAMPUS + ZECAPH',$,#8215,#8210,$,$);
#8209=IFCSHAPEREPRESENTATION(#11,'Body','SweptSolid',(#8179,#8187,#8195,#8203));
#8210=IFCPRODUCTDEFINITIONSHAPE($,$,(#8209));
#8211=IFCCARTESIANPOINT((78.2915254237288,71.6610169491525,0.));
#8212=IFCDIRECTION((0.,0.,1.));
#8213=IFCDIRECTION((1.,0.,0.));
#8214=IFCAXIS2PLACEMENT3D(#8211,#8212,#8213);
#8215=IFCLOCALPLACEMENT(#26,#8214);
#8216=IFCPROPERTYSET('3EQwbBYaX4RwtfXOID86qn',$,'NZEB_ExhibitorInfo',$,(#8218,#8219,#8220,#8221,#8222,#8223,#8224,#8225));
#8217=IFCRELDEFINESBYPROPERTIES('2TrQ7cLx9Ctg3v4PuH301Q',$,$,$,(#8205),#8216);
#8218=IFCPROPERTYSINGLEVALUE('CompanyName',$,IFCLABEL('KRAFT CAMPUS + ZECAPH'),$);
#8219=IFCPROPERTYSINGLEVALUE('StandNumber',$,IFCLABEL('G23'),$);
#8220=IFCPROPERTYSINGLEVALUE('Zone',$,IFCLABEL('ZONA 2'),$);
#8221=IFCPROPERTYSINGLEVALUE('AreaSqm',$,IFCREAL(53.1),$);
#8222=IFCPROPERTYSINGLEVALUE('Category',$,IFCLABEL('Educatie, asociatii si ONG'),$);
#8223=IFCPROPERTYSINGLEVALUE('CategoryCode',$,IFCLABEL('C13'),$);
#8224=IFCPROPERTYSINGLEVALUE('Indoor',$,IFCBOOLEAN(.T.),$);
#8225=IFCPROPERTYSINGLEVALUE('Event',$,IFCLABEL('NZEB Expo Bucuresti 2026'),$);
#8226=IFCCARTESIANPOINT((2.54237288135593,1.72203389830508));
#8227=IFCAXIS2PLACEMENT2D(#8226,$);
#8228=IFCRECTANGLEPROFILEDEF(.AREA.,$,#8227,5.08474576271186,3.44406779661017);
#8229=IFCCARTESIANPOINT((0.,0.,0.));
#8230=IFCAXIS2PLACEMENT3D(#8229,$,$);
#8231=IFCDIRECTION((0.,0.,1.));
#8232=IFCEXTRUDEDAREASOLID(#8228,#8230,#8231,0.1);
#8233=IFCSTYLEDITEM(#8232,(#86),$);
#8234=IFCCARTESIANPOINT((2.54237288135593,3.40406779661017));
#8235=IFCAXIS2PLACEMENT2D(#8234,$);
#8236=IFCRECTANGLEPROFILEDEF(.AREA.,$,#8235,5.08474576271186,0.08);
#8237=IFCCARTESIANPOINT((0.,0.,0.1));
#8238=IFCAXIS2PLACEMENT3D(#8237,$,$);
#8239=IFCDIRECTION((0.,0.,1.));
#8240=IFCEXTRUDEDAREASOLID(#8236,#8238,#8239,2.5);
#8241=IFCSTYLEDITEM(#8240,(#32),$);
#8242=IFCCARTESIANPOINT((0.04,2.41084745762712));
#8243=IFCAXIS2PLACEMENT2D(#8242,$);
#8244=IFCRECTANGLEPROFILEDEF(.AREA.,$,#8243,0.08,2.0664406779661);
#8245=IFCCARTESIANPOINT((0.,0.,0.1));
#8246=IFCAXIS2PLACEMENT3D(#8245,$,$);
#8247=IFCDIRECTION((0.,0.,1.));
#8248=IFCEXTRUDEDAREASOLID(#8244,#8246,#8247,2.5);
#8249=IFCSTYLEDITEM(#8248,(#32),$);
#8250=IFCCARTESIANPOINT((5.04474576271186,2.41084745762712));
#8251=IFCAXIS2PLACEMENT2D(#8250,$);
#8252=IFCRECTANGLEPROFILEDEF(.AREA.,$,#8251,0.08,2.0664406779661);
#8253=IFCCARTESIANPOINT((0.,0.,0.1));
#8254=IFCAXIS2PLACEMENT3D(#8253,$,$);
#8255=IFCDIRECTION((0.,0.,1.));
#8256=IFCEXTRUDEDAREASOLID(#8252,#8254,#8255,2.5);
#8257=IFCSTYLEDITEM(#8256,(#32),$);
#8258=IFCBUILDINGELEMENTPROXY('1$Xbs5aFXC2fsjvGHPjI8u',$,'H9a - GERARD','Stand expozitional generic - GERARD',$,#8268,#8263,$,$);
#8262=IFCSHAPEREPRESENTATION(#11,'Body','SweptSolid',(#8232,#8240,#8248,#8256));
#8263=IFCPRODUCTDEFINITIONSHAPE($,$,(#8262));
#8264=IFCCARTESIANPOINT((64.2576271186441,56.5016949152542,0.));
#8265=IFCDIRECTION((0.,0.,1.));
#8266=IFCDIRECTION((1.,0.,0.));
#8267=IFCAXIS2PLACEMENT3D(#8264,#8265,#8266);
#8268=IFCLOCALPLACEMENT(#26,#8267);
#8269=IFCPROPERTYSET('3Pv5IRy7b7Dumwy155sBI_',$,'NZEB_ExhibitorInfo',$,(#8271,#8272,#8273,#8274,#8275,#8276,#8277,#8278,#8279));
#8270=IFCRELDEFINESBYPROPERTIES('3RemEPX4PBDhl9gNVyGP4k',$,$,$,(#8258),#8269);
#8271=IFCPROPERTYSINGLEVALUE('CompanyName',$,IFCLABEL('GERARD'),$);
#8272=IFCPROPERTYSINGLEVALUE('StandNumber',$,IFCLABEL('H9a'),$);
#8273=IFCPROPERTYSINGLEVALUE('Zone',$,IFCLABEL('ZONA 1'),$);
#8274=IFCPROPERTYSINGLEVALUE('AreaSqm',$,IFCREAL(17.5),$);
#8275=IFCPROPERTYSINGLEVALUE('Category',$,IFCLABEL('Acoperisuri si hidroizolatii'),$);
#8276=IFCPROPERTYSINGLEVALUE('CategoryCode',$,IFCLABEL('C04'),$);
#8277=IFCPROPERTYSINGLEVALUE('Indoor',$,IFCBOOLEAN(.T.),$);
#8278=IFCPROPERTYSINGLEVALUE('Event',$,IFCLABEL('NZEB Expo Bucuresti 2026'),$);
#8279=IFCPROPERTYSINGLEVALUE('Website',$,IFCLABEL('https://www.gerardroofs.eu'),$);
#8280=IFCCARTESIANPOINT((2.02033898305085,3.63389830508475));
#8281=IFCAXIS2PLACEMENT2D(#8280,$);
#8282=IFCRECTANGLEPROFILEDEF(.AREA.,$,#8281,4.0406779661017,7.26779661016949);
#8283=IFCCARTESIANPOINT((0.,0.,0.));
#8284=IFCAXIS2PLACEMENT3D(#8283,$,$);
#8285=IFCDIRECTION((0.,0.,1.));
#8286=IFCEXTRUDEDAREASOLID(#8282,#8284,#8285,0.1);
#8287=IFCSTYLEDITEM(#8286,(#104),$);
#8288=IFCCARTESIANPOINT((2.02033898305085,7.22779661016949));
#8289=IFCAXIS2PLACEMENT2D(#8288,$);
#8290=IFCRECTANGLEPROFILEDEF(.AREA.,$,#8289,4.0406779661017,0.08);
#8291=IFCCARTESIANPOINT((0.,0.,0.1));
#8292=IFCAXIS2PLACEMENT3D(#8291,$,$);
#8293=IFCDIRECTION((0.,0.,1.));
#8294=IFCEXTRUDEDAREASOLID(#8290,#8292,#8293,2.5);
#8295=IFCSTYLEDITEM(#8294,(#32),$);
#8296=IFCCARTESIANPOINT((0.04,5.26779661016949));
#8297=IFCAXIS2PLACEMENT2D(#8296,$);
#8298=IFCRECTANGLEPROFILEDEF(.AREA.,$,#8297,0.08,4.);
#8299=IFCCARTESIANPOINT((0.,0.,0.1));
#8300=IFCAXIS2PLACEMENT3D(#8299,$,$);
#8301=IFCDIRECTION((0.,0.,1.));
#8302=IFCEXTRUDEDAREASOLID(#8298,#8300,#8301,2.5);
#8303=IFCSTYLEDITEM(#8302,(#32),$);
#8304=IFCCARTESIANPOINT((4.0006779661017,5.26779661016949));
#8305=IFCAXIS2PLACEMENT2D(#8304,$);
#8306=IFCRECTANGLEPROFILEDEF(.AREA.,$,#8305,0.08,4.);
#8307=IFCCARTESIANPOINT((0.,0.,0.1));
#8308=IFCAXIS2PLACEMENT3D(#8307,$,$);
#8309=IFCDIRECTION((0.,0.,1.));
#8310=IFCEXTRUDEDAREASOLID(#8306,#8308,#8309,2.5);
#8311=IFCSTYLEDITEM(#8310,(#32),$);
#8312=IFCBUILDINGELEMENTPROXY('1puqbwPOLAS8lbm4ViCX9S',$,'O6b - HEXANN','Stand expozitional generic - HEXANN',$,#8322,#8317,$,$);
#8316=IFCSHAPEREPRESENTATION(#11,'Body','SweptSolid',(#8286,#8294,#8302,#8310));
#8317=IFCPRODUCTDEFINITIONSHAPE($,$,(#8316));
#8318=IFCCARTESIANPOINT((215.498305084746,41.4101694915254,0.));
#8319=IFCDIRECTION((0.,0.,1.));
#8320=IFCDIRECTION((1.,0.,0.));
#8321=IFCAXIS2PLACEMENT3D(#8318,#8319,#8320);
#8322=IFCLOCALPLACEMENT(#20,#8321);
#8323=IFCPROPERTYSET('1gSw4NGNb99RU$R2FqYAjX',$,'NZEB_ExhibitorInfo',$,(#8325,#8326,#8327,#8328,#8329,#8330,#8331,#8332));
#8324=IFCRELDEFINESBYPROPERTIES('0w3E7QrQH5DfNJTFXDJCXl',$,$,$,(#8312),#8323);
#8325=IFCPROPERTYSINGLEVALUE('CompanyName',$,IFCLABEL('HEXANN'),$);
#8326=IFCPROPERTYSINGLEVALUE('StandNumber',$,IFCLABEL('O6b'),$);
#8327=IFCPROPERTYSINGLEVALUE('Zone',$,IFCLABEL('ZONA 7'),$);
#8328=IFCPROPERTYSINGLEVALUE('AreaSqm',$,IFCREAL(29.4),$);
#8329=IFCPROPERTYSINGLEVALUE('Category',$,IFCLABEL('Produse si servicii pentru constructii (general)'),$);
#8330=IFCPROPERTYSINGLEVALUE('CategoryCode',$,IFCLABEL('C99'),$);
#8331=IFCPROPERTYSINGLEVALUE('Indoor',$,IFCBOOLEAN(.F.),$);
#8332=IFCPROPERTYSINGLEVALUE('Event',$,IFCLABEL('NZEB Expo Bucuresti 2026'),$);
#8333=IFCCARTESIANPOINT((4.60338983050848,2.3864406779661));
#8334=IFCAXIS2PLACEMENT2D(#8333,$);
#8335=IFCRECTANGLEPROFILEDEF(.AREA.,$,#8334,9.20677966101695,4.7728813559322);
#8336=IFCCARTESIANPOINT((0.,0.,0.));
#8337=IFCAXIS2PLACEMENT3D(#8336,$,$);
#8338=IFCDIRECTION((0.,0.,1.));
#8339=IFCEXTRUDEDAREASOLID(#8335,#8337,#8338,0.1);
#8340=IFCSTYLEDITEM(#8339,(#104),$);
#8341=IFCCARTESIANPOINT((4.60338983050848,4.7328813559322));
#8342=IFCAXIS2PLACEMENT2D(#8341,$);
#8343=IFCRECTANGLEPROFILEDEF(.AREA.,$,#8342,9.20677966101695,0.08);
#8344=IFCCARTESIANPOINT((0.,0.,0.1));
#8345=IFCAXIS2PLACEMENT3D(#8344,$,$);
#8346=IFCDIRECTION((0.,0.,1.));
#8347=IFCEXTRUDEDAREASOLID(#8343,#8345,#8346,2.5);
#8348=IFCSTYLEDITEM(#8347,(#32),$);
#8349=IFCCARTESIANPOINT((0.04,3.34101694915254));
#8350=IFCAXIS2PLACEMENT2D(#8349,$);
#8351=IFCRECTANGLEPROFILEDEF(.AREA.,$,#8350,0.08,2.86372881355932);
#8352=IFCCARTESIANPOINT((0.,0.,0.1));
#8353=IFCAXIS2PLACEMENT3D(#8352,$,$);
#8354=IFCDIRECTION((0.,0.,1.));
#8355=IFCEXTRUDEDAREASOLID(#8351,#8353,#8354,2.5);
#8356=IFCSTYLEDITEM(#8355,(#32),$);
#8357=IFCCARTESIANPOINT((9.16677966101695,3.34101694915254));
#8358=IFCAXIS2PLACEMENT2D(#8357,$);
#8359=IFCRECTANGLEPROFILEDEF(.AREA.,$,#8358,0.08,2.86372881355932);
#8360=IFCCARTESIANPOINT((0.,0.,0.1));
#8361=IFCAXIS2PLACEMENT3D(#8360,$,$);
#8362=IFCDIRECTION((0.,0.,1.));
#8363=IFCEXTRUDEDAREASOLID(#8359,#8361,#8362,2.5);
#8364=IFCSTYLEDITEM(#8363,(#32),$);
#8365=IFCBUILDINGELEMENTPROXY('2EJvz4pWX2rvudQ3ky2fOT',$,'O6 - MAKITA','Stand expozitional generic - MAKITA',$,#8375,#8370,$,$);
#8369=IFCSHAPEREPRESENTATION(#11,'Body','SweptSolid',(#8339,#8347,#8355,#8363));
#8370=IFCPRODUCTDEFINITIONSHAPE($,$,(#8369));
#8371=IFCCARTESIANPOINT((224.583050847458,52.3525423728814,0.));
#8372=IFCDIRECTION((0.,0.,1.));
#8373=IFCDIRECTION((1.,0.,0.));
#8374=IFCAXIS2PLACEMENT3D(#8371,#8372,#8373);
#8375=IFCLOCALPLACEMENT(#20,#8374);
#8376=IFCPROPERTYSET('0B5R87rLX8zBtI7HFIDsb5',$,'NZEB_ExhibitorInfo',$,(#8378,#8379,#8380,#8381,#8382,#8383,#8384,#8385,#8386));
#8377=IFCRELDEFINESBYPROPERTIES('2DI4K5j8bFlh9vuYnga1l$',$,$,$,(#8365),#8376);
#8378=IFCPROPERTYSINGLEVALUE('CompanyName',$,IFCLABEL('MAKITA'),$);
#8379=IFCPROPERTYSINGLEVALUE('StandNumber',$,IFCLABEL('O6'),$);
#8380=IFCPROPERTYSINGLEVALUE('Zone',$,IFCLABEL('ZONA 7'),$);
#8381=IFCPROPERTYSINGLEVALUE('AreaSqm',$,IFCREAL(43.9),$);
#8382=IFCPROPERTYSINGLEVALUE('Category',$,IFCLABEL('Scule, unelte, fixari si echipamente de masura'),$);
#8383=IFCPROPERTYSINGLEVALUE('CategoryCode',$,IFCLABEL('C07'),$);
#8384=IFCPROPERTYSINGLEVALUE('Indoor',$,IFCBOOLEAN(.F.),$);
#8385=IFCPROPERTYSINGLEVALUE('Event',$,IFCLABEL('NZEB Expo Bucuresti 2026'),$);
#8386=IFCPROPERTYSINGLEVALUE('Website',$,IFCLABEL('https://www.makita.ro'),$);
#8387=IFCCARTESIANPOINT((1.75593220338983,2.03389830508475));
#8388=IFCAXIS2PLACEMENT2D(#8387,$);
#8389=IFCRECTANGLEPROFILEDEF(.AREA.,$,#8388,3.51186440677966,4.06779661016949);
#8390=IFCCARTESIANPOINT((0.,0.,0.));
#8391=IFCAXIS2PLACEMENT3D(#8390,$,$);
#8392=IFCDIRECTION((0.,0.,1.));
#8393=IFCEXTRUDEDAREASOLID(#8389,#8391,#8392,0.1);
#8394=IFCSTYLEDITEM(#8393,(#92),$);
#8395=IFCCARTESIANPOINT((1.75593220338983,4.02779661016949));
#8396=IFCAXIS2PLACEMENT2D(#8395,$);
#8397=IFCRECTANGLEPROFILEDEF(.AREA.,$,#8396,3.51186440677966,0.08);
#8398=IFCCARTESIANPOINT((0.,0.,0.1));
#8399=IFCAXIS2PLACEMENT3D(#8398,$,$);
#8400=IFCDIRECTION((0.,0.,1.));
#8401=IFCEXTRUDEDAREASOLID(#8397,#8399,#8400,2.5);
#8402=IFCSTYLEDITEM(#8401,(#32),$);
#8403=IFCCARTESIANPOINT((0.04,2.84745762711864));
#8404=IFCAXIS2PLACEMENT2D(#8403,$);
#8405=IFCRECTANGLEPROFILEDEF(.AREA.,$,#8404,0.08,2.44067796610169);
#8406=IFCCARTESIANPOINT((0.,0.,0.1));
#8407=IFCAXIS2PLACEMENT3D(#8406,$,$);
#8408=IFCDIRECTION((0.,0.,1.));
#8409=IFCEXTRUDEDAREASOLID(#8405,#8407,#8408,2.5);
#8410=IFCSTYLEDITEM(#8409,(#32),$);
#8411=IFCCARTESIANPOINT((3.47186440677966,2.84745762711864));
#8412=IFCAXIS2PLACEMENT2D(#8411,$);
#8413=IFCRECTANGLEPROFILEDEF(.AREA.,$,#8412,0.08,2.44067796610169);
#8414=IFCCARTESIANPOINT((0.,0.,0.1));
#8415=IFCAXIS2PLACEMENT3D(#8414,$,$);
#8416=IFCDIRECTION((0.,0.,1.));
#8417=IFCEXTRUDEDAREASOLID(#8413,#8415,#8416,2.5);
#8418=IFCSTYLEDITEM(#8417,(#32),$);
#8419=IFCBUILDINGELEMENTPROXY('27Ue5PZVPFm8wQkUpxYfzA',$,'D14 - EJOT','Stand expozitional generic - EJOT',$,#8429,#8424,$,$);
#8423=IFCSHAPEREPRESENTATION(#11,'Body','SweptSolid',(#8393,#8401,#8409,#8417));
#8424=IFCPRODUCTDEFINITIONSHAPE($,$,(#8423));
#8425=IFCCARTESIANPOINT((131.566101694915,60.2305084745763,0.));
#8426=IFCDIRECTION((0.,0.,1.));
#8427=IFCDIRECTION((1.,0.,0.));
#8428=IFCAXIS2PLACEMENT3D(#8425,#8426,#8427);
#8429=IFCLOCALPLACEMENT(#26,#8428);
#8430=IFCPROPERTYSET('1p$t7CtGzAHOCI1fR9_1ch',$,'NZEB_ExhibitorInfo',$,(#8432,#8433,#8434,#8435,#8436,#8437,#8438,#8439,#8440));
#8431=IFCRELDEFINESBYPROPERTIES('3KRwJtR2L5ru5WE39L30Im',$,$,$,(#8419),#8430);
#8432=IFCPROPERTYSINGLEVALUE('CompanyName',$,IFCLABEL('EJOT'),$);
#8433=IFCPROPERTYSINGLEVALUE('StandNumber',$,IFCLABEL('D14'),$);
#8434=IFCPROPERTYSINGLEVALUE('Zone',$,IFCLABEL('ZONA 3'),$);
#8435=IFCPROPERTYSINGLEVALUE('AreaSqm',$,IFCREAL(14.3),$);
#8436=IFCPROPERTYSINGLEVALUE('Category',$,IFCLABEL('Scule, unelte, fixari si echipamente de masura'),$);
#8437=IFCPROPERTYSINGLEVALUE('CategoryCode',$,IFCLABEL('C07'),$);
#8438=IFCPROPERTYSINGLEVALUE('Indoor',$,IFCBOOLEAN(.T.),$);
#8439=IFCPROPERTYSINGLEVALUE('Event',$,IFCLABEL('NZEB Expo Bucuresti 2026'),$);
#8440=IFCPROPERTYSINGLEVALUE('Website',$,IFCLABEL('https://www.ejot.com'),$);
#8441=IFCCARTESIANPOINT((1.75593220338983,2.05423728813559));
#8442=IFCAXIS2PLACEMENT2D(#8441,$);
#8443=IFCRECTANGLEPROFILEDEF(.AREA.,$,#8442,3.51186440677966,4.10847457627119);
#8444=IFCCARTESIANPOINT((0.,0.,0.));
#8445=IFCAXIS2PLACEMENT3D(#8444,$,$);
#8446=IFCDIRECTION((0.,0.,1.));
#8447=IFCEXTRUDEDAREASOLID(#8443,#8445,#8446,0.1);
#8448=IFCSTYLEDITEM(#8447,(#92),$);
#8449=IFCCARTESIANPOINT((1.75593220338983,4.06847457627119));
#8450=IFCAXIS2PLACEMENT2D(#8449,$);
#8451=IFCRECTANGLEPROFILEDEF(.AREA.,$,#8450,3.51186440677966,0.08);
#8452=IFCCARTESIANPOINT((0.,0.,0.1));
#8453=IFCAXIS2PLACEMENT3D(#8452,$,$);
#8454=IFCDIRECTION((0.,0.,1.));
#8455=IFCEXTRUDEDAREASOLID(#8451,#8453,#8454,2.5);
#8456=IFCSTYLEDITEM(#8455,(#32),$);
#8457=IFCCARTESIANPOINT((0.04,2.87593220338983));
#8458=IFCAXIS2PLACEMENT2D(#8457,$);
#8459=IFCRECTANGLEPROFILEDEF(.AREA.,$,#8458,0.08,2.46508474576271);
#8460=IFCCARTESIANPOINT((0.,0.,0.1));
#8461=IFCAXIS2PLACEMENT3D(#8460,$,$);
#8462=IFCDIRECTION((0.,0.,1.));
#8463=IFCEXTRUDEDAREASOLID(#8459,#8461,#8462,2.5);
#8464=IFCSTYLEDITEM(#8463,(#32),$);
#8465=IFCCARTESIANPOINT((3.47186440677966,2.87593220338983));
#8466=IFCAXIS2PLACEMENT2D(#8465,$);
#8467=IFCRECTANGLEPROFILEDEF(.AREA.,$,#8466,0.08,2.46508474576271);
#8468=IFCCARTESIANPOINT((0.,0.,0.1));
#8469=IFCAXIS2PLACEMENT3D(#8468,$,$);
#8470=IFCDIRECTION((0.,0.,1.));
#8471=IFCEXTRUDEDAREASOLID(#8467,#8469,#8470,2.5);
#8472=IFCSTYLEDITEM(#8471,(#32),$);
#8473=IFCBUILDINGELEMENTPROXY('2kHS4Zcvv9HekDa3M$MTDA',$,'D12 - ROOF POWER HUB','Stand expozitional generic - ROOF POWER HUB',$,#8483,#8478,$,$);
#8477=IFCSHAPEREPRESENTATION(#11,'Body','SweptSolid',(#8447,#8455,#8463,#8471));
#8478=IFCPRODUCTDEFINITIONSHAPE($,$,(#8477));
#8479=IFCCARTESIANPOINT((135.077966101695,56.1220338983051,0.));
#8480=IFCDIRECTION((0.,0.,1.));
#8481=IFCDIRECTION((1.,0.,0.));
#8482=IFCAXIS2PLACEMENT3D(#8479,#8480,#8481);
#8483=IFCLOCALPLACEMENT(#26,#8482);
#8484=IFCPROPERTYSET('26qo_UjebA6x99SsRWFcsH',$,'NZEB_ExhibitorInfo',$,(#8486,#8487,#8488,#8489,#8490,#8491,#8492,#8493));
#8485=IFCRELDEFINESBYPROPERTIES('04SAc6yRz9cBmicDcHenT2',$,$,$,(#8473),#8484);
#8486=IFCPROPERTYSINGLEVALUE('CompanyName',$,IFCLABEL('ROOF POWER HUB'),$);
#8487=IFCPROPERTYSINGLEVALUE('StandNumber',$,IFCLABEL('D12'),$);
#8488=IFCPROPERTYSINGLEVALUE('Zone',$,IFCLABEL('ZONA 3'),$);
#8489=IFCPROPERTYSINGLEVALUE('AreaSqm',$,IFCREAL(14.4),$);
#8490=IFCPROPERTYSINGLEVALUE('Category',$,IFCLABEL('Energie regenerabila si fotovoltaice'),$);
#8491=IFCPROPERTYSINGLEVALUE('CategoryCode',$,IFCLABEL('C08'),$);
#8492=IFCPROPERTYSINGLEVALUE('Indoor',$,IFCBOOLEAN(.T.),$);
#8493=IFCPROPERTYSINGLEVALUE('Event',$,IFCLABEL('NZEB Expo Bucuresti 2026'),$);
#8494=IFCCARTESIANPOINT((1.75593220338983,2.05423728813559));
#8495=IFCAXIS2PLACEMENT2D(#8494,$);
#8496=IFCRECTANGLEPROFILEDEF(.AREA.,$,#8495,3.51186440677966,4.10847457627119);
#8497=IFCCARTESIANPOINT((0.,0.,0.));
#8498=IFCAXIS2PLACEMENT3D(#8497,$,$);
#8499=IFCDIRECTION((0.,0.,1.));
#8500=IFCEXTRUDEDAREASOLID(#8496,#8498,#8499,0.1);
#8501=IFCSTYLEDITEM(#8500,(#92),$);
#8502=IFCCARTESIANPOINT((1.75593220338983,4.06847457627119));
#8503=IFCAXIS2PLACEMENT2D(#8502,$);
#8504=IFCRECTANGLEPROFILEDEF(.AREA.,$,#8503,3.51186440677966,0.08);
#8505=IFCCARTESIANPOINT((0.,0.,0.1));
#8506=IFCAXIS2PLACEMENT3D(#8505,$,$);
#8507=IFCDIRECTION((0.,0.,1.));
#8508=IFCEXTRUDEDAREASOLID(#8504,#8506,#8507,2.5);
#8509=IFCSTYLEDITEM(#8508,(#32),$);
#8510=IFCCARTESIANPOINT((0.04,2.87593220338983));
#8511=IFCAXIS2PLACEMENT2D(#8510,$);
#8512=IFCRECTANGLEPROFILEDEF(.AREA.,$,#8511,0.08,2.46508474576271);
#8513=IFCCARTESIANPOINT((0.,0.,0.1));
#8514=IFCAXIS2PLACEMENT3D(#8513,$,$);
#8515=IFCDIRECTION((0.,0.,1.));
#8516=IFCEXTRUDEDAREASOLID(#8512,#8514,#8515,2.5);
#8517=IFCSTYLEDITEM(#8516,(#32),$);
#8518=IFCCARTESIANPOINT((3.47186440677966,2.87593220338983));
#8519=IFCAXIS2PLACEMENT2D(#8518,$);
#8520=IFCRECTANGLEPROFILEDEF(.AREA.,$,#8519,0.08,2.46508474576271);
#8521=IFCCARTESIANPOINT((0.,0.,0.1));
#8522=IFCAXIS2PLACEMENT3D(#8521,$,$);
#8523=IFCDIRECTION((0.,0.,1.));
#8524=IFCEXTRUDEDAREASOLID(#8520,#8522,#8523,2.5);
#8525=IFCSTYLEDITEM(#8524,(#32),$);
#8526=IFCBUILDINGELEMENTPROXY('2T28oFoe5CyRhBnEklTxBh',$,'D13 - ADWISERS PROFESSIONAL CONSULTING','Stand expozitional generic - ADWISERS PROFESSIONAL CONSULTING',$,#8536,#8531,$,$);
#8530=IFCSHAPEREPRESENTATION(#11,'Body','SweptSolid',(#8500,#8508,#8516,#8524));
#8531=IFCPRODUCTDEFINITIONSHAPE($,$,(#8530));
#8532=IFCCARTESIANPOINT((131.566101694915,56.1220338983051,0.));
#8533=IFCDIRECTION((0.,0.,1.));
#8534=IFCDIRECTION((1.,0.,0.));
#8535=IFCAXIS2PLACEMENT3D(#8532,#8533,#8534);
#8536=IFCLOCALPLACEMENT(#26,#8535);
#8537=IFCPROPERTYSET('07zy62x8T5VArS6o$_NQrT',$,'NZEB_ExhibitorInfo',$,(#8539,#8540,#8541,#8542,#8543,#8544,#8545,#8546));
#8538=IFCRELDEFINESBYPROPERTIES('3fDcOI42X1ARRJARHyLho$',$,$,$,(#8526),#8537);
#8539=IFCPROPERTYSINGLEVALUE('CompanyName',$,IFCLABEL('ADWISERS PROFESSIONAL CONSULTING'),$);
#8540=IFCPROPERTYSINGLEVALUE('StandNumber',$,IFCLABEL('D13'),$);
#8541=IFCPROPERTYSINGLEVALUE('Zone',$,IFCLABEL('ZONA 3'),$);
#8542=IFCPROPERTYSINGLEVALUE('AreaSqm',$,IFCREAL(14.4),$);
#8543=IFCPROPERTYSINGLEVALUE('Category',$,IFCLABEL('Arhitectura, inginerie si antreprenoriat constructii'),$);
#8544=IFCPROPERTYSINGLEVALUE('CategoryCode',$,IFCLABEL('C12'),$);
#8545=IFCPROPERTYSINGLEVALUE('Indoor',$,IFCBOOLEAN(.T.),$);
#8546=IFCPROPERTYSINGLEVALUE('Event',$,IFCLABEL('NZEB Expo Bucuresti 2026'),$);
#8547=IFCCARTESIANPOINT((2.58983050847458,1.76949152542373));
#8548=IFCAXIS2PLACEMENT2D(#8547,$);
#8549=IFCRECTANGLEPROFILEDEF(.AREA.,$,#8548,5.17966101694915,3.53898305084746);
#8550=IFCCARTESIANPOINT((0.,0.,0.));
#8551=IFCAXIS2PLACEMENT3D(#8550,$,$);
#8552=IFCDIRECTION((0.,0.,1.));
#8553=IFCEXTRUDEDAREASOLID(#8549,#8551,#8552,0.1);
#8554=IFCSTYLEDITEM(#8553,(#86),$);
#8555=IFCCARTESIANPOINT((2.58983050847458,3.49898305084746));
#8556=IFCAXIS2PLACEMENT2D(#8555,$);
#8557=IFCRECTANGLEPROFILEDEF(.AREA.,$,#8556,5.17966101694915,0.08);
#8558=IFCCARTESIANPOINT((0.,0.,0.1));
#8559=IFCAXIS2PLACEMENT3D(#8558,$,$);
#8560=IFCDIRECTION((0.,0.,1.));
#8561=IFCEXTRUDEDAREASOLID(#8557,#8559,#8560,2.5);
#8562=IFCSTYLEDITEM(#8561,(#32),$);
#8563=IFCCARTESIANPOINT((0.04,2.47728813559322));
#8564=IFCAXIS2PLACEMENT2D(#8563,$);
#8565=IFCRECTANGLEPROFILEDEF(.AREA.,$,#8564,0.08,2.12338983050847);
#8566=IFCCARTESIANPOINT((0.,0.,0.1));
#8567=IFCAXIS2PLACEMENT3D(#8566,$,$);
#8568=IFCDIRECTION((0.,0.,1.));
#8569=IFCEXTRUDEDAREASOLID(#8565,#8567,#8568,2.5);
#8570=IFCSTYLEDITEM(#8569,(#32),$);
#8571=IFCCARTESIANPOINT((5.13966101694915,2.47728813559322));
#8572=IFCAXIS2PLACEMENT2D(#8571,$);
#8573=IFCRECTANGLEPROFILEDEF(.AREA.,$,#8572,0.08,2.12338983050847);
#8574=IFCCARTESIANPOINT((0.,0.,0.1));
#8575=IFCAXIS2PLACEMENT3D(#8574,$,$);
#8576=IFCDIRECTION((0.,0.,1.));
#8577=IFCEXTRUDEDAREASOLID(#8573,#8575,#8576,2.5);
#8578=IFCSTYLEDITEM(#8577,(#32),$);
#8579=IFCBUILDINGELEMENTPROXY('23lsSIE1L4ohHrOiyGMm_8',$,'H7a - METAWEALTH','Stand expozitional generic - METAWEALTH',$,#8589,#8584,$,$);
#8583=IFCSHAPEREPRESENTATION(#11,'Body','SweptSolid',(#8553,#8561,#8569,#8577));
#8584=IFCPRODUCTDEFINITIONSHAPE($,$,(#8583));
#8585=IFCCARTESIANPOINT((64.3661016949153,45.1525423728814,0.));
#8586=IFCDIRECTION((0.,0.,1.));
#8587=IFCDIRECTION((1.,0.,0.));
#8588=IFCAXIS2PLACEMENT3D(#8585,#8586,#8587);
#8589=IFCLOCALPLACEMENT(#26,#8588);
#8590=IFCPROPERTYSET('3hZz2D28bBpfgzVjD7CE30',$,'NZEB_ExhibitorInfo',$,(#8592,#8593,#8594,#8595,#8596,#8597,#8598,#8599));
#8591=IFCRELDEFINESBYPROPERTIES('1NGda_xsb4KO_A_82CYLeo',$,$,$,(#8579),#8590);
#8592=IFCPROPERTYSINGLEVALUE('CompanyName',$,IFCLABEL('METAWEALTH'),$);
#8593=IFCPROPERTYSINGLEVALUE('StandNumber',$,IFCLABEL('H7a'),$);
#8594=IFCPROPERTYSINGLEVALUE('Zone',$,IFCLABEL('ZONA 1'),$);
#8595=IFCPROPERTYSINGLEVALUE('AreaSqm',$,IFCREAL(18.3),$);
#8596=IFCPROPERTYSINGLEVALUE('Category',$,IFCLABEL('Dezvoltare imobiliara'),$);
#8597=IFCPROPERTYSINGLEVALUE('CategoryCode',$,IFCLABEL('C11'),$);
#8598=IFCPROPERTYSINGLEVALUE('Indoor',$,IFCBOOLEAN(.T.),$);
#8599=IFCPROPERTYSINGLEVALUE('Event',$,IFCLABEL('NZEB Expo Bucuresti 2026'),$);
#8600=IFCCARTESIANPOINT((1.62033898305085,5.53898305084746));
#8601=IFCAXIS2PLACEMENT2D(#8600,$);
#8602=IFCRECTANGLEPROFILEDEF(.AREA.,$,#8601,3.24067796610169,11.0779661016949);
#8603=IFCCARTESIANPOINT((0.,0.,0.));
#8604=IFCAXIS2PLACEMENT3D(#8603,$,$);
#8605=IFCDIRECTION((0.,0.,1.));
#8606=IFCEXTRUDEDAREASOLID(#8602,#8604,#8605,0.1);
#8607=IFCSTYLEDITEM(#8606,(#104),$);
#8608=IFCCARTESIANPOINT((1.62033898305085,11.0379661016949));
#8609=IFCAXIS2PLACEMENT2D(#8608,$);
#8610=IFCRECTANGLEPROFILEDEF(.AREA.,$,#8609,3.24067796610169,0.08);
#8611=IFCCARTESIANPOINT((0.,0.,0.1));
#8612=IFCAXIS2PLACEMENT3D(#8611,$,$);
#8613=IFCDIRECTION((0.,0.,1.));
#8614=IFCEXTRUDEDAREASOLID(#8610,#8612,#8613,2.5);
#8615=IFCSTYLEDITEM(#8614,(#32),$);
#8616=IFCCARTESIANPOINT((0.04,9.07796610169492));
#8617=IFCAXIS2PLACEMENT2D(#8616,$);
#8618=IFCRECTANGLEPROFILEDEF(.AREA.,$,#8617,0.08,4.);
#8619=IFCCARTESIANPOINT((0.,0.,0.1));
#8620=IFCAXIS2PLACEMENT3D(#8619,$,$);
#8621=IFCDIRECTION((0.,0.,1.));
#8622=IFCEXTRUDEDAREASOLID(#8618,#8620,#8621,2.5);
#8623=IFCSTYLEDITEM(#8622,(#32),$);
#8624=IFCCARTESIANPOINT((3.20067796610169,9.07796610169492));
#8625=IFCAXIS2PLACEMENT2D(#8624,$);
#8626=IFCRECTANGLEPROFILEDEF(.AREA.,$,#8625,0.08,4.);
#8627=IFCCARTESIANPOINT((0.,0.,0.1));
#8628=IFCAXIS2PLACEMENT3D(#8627,$,$);
#8629=IFCDIRECTION((0.,0.,1.));
#8630=IFCEXTRUDEDAREASOLID(#8626,#8628,#8629,2.5);
#8631=IFCSTYLEDITEM(#8630,(#32),$);
#8632=IFCBUILDINGELEMENTPROXY('0MNOVHKWv1GuEIr80gzIB1',$,'O11 - CRIANO EXIM','Stand expozitional generic - CRIANO EXIM',$,#8642,#8637,$,$);
#8636=IFCSHAPEREPRESENTATION(#11,'Body','SweptSolid',(#8606,#8614,#8622,#8630));
#8637=IFCPRODUCTDEFINITIONSHAPE($,$,(#8636));
#8638=IFCCARTESIANPOINT((215.471186440678,25.7627118644068,0.));
#8639=IFCDIRECTION((0.,0.,1.));
#8640=IFCDIRECTION((1.,0.,0.));
#8641=IFCAXIS2PLACEMENT3D(#8638,#8639,#8640);
#8642=IFCLOCALPLACEMENT(#20,#8641);
#8643=IFCPROPERTYSET('2oxz29YujBMuEHiULWRVnq',$,'NZEB_ExhibitorInfo',$,(#8645,#8646,#8647,#8648,#8649,#8650,#8651,#8652,#8653));
#8644=IFCRELDEFINESBYPROPERTIES('0SCp0wpar9mgZTe4lJ5lFD',$,$,$,(#8632),#8643);
#8645=IFCPROPERTYSINGLEVALUE('CompanyName',$,IFCLABEL('CRIANO EXIM'),$);
#8646=IFCPROPERTYSINGLEVALUE('StandNumber',$,IFCLABEL('O11'),$);
#8647=IFCPROPERTYSINGLEVALUE('Zone',$,IFCLABEL('ZONA 7'),$);
#8648=IFCPROPERTYSINGLEVALUE('AreaSqm',$,IFCREAL(35.9),$);
#8649=IFCPROPERTYSINGLEVALUE('Category',$,IFCLABEL('Materiale de constructii'),$);
#8650=IFCPROPERTYSINGLEVALUE('CategoryCode',$,IFCLABEL('C05'),$);
#8651=IFCPROPERTYSINGLEVALUE('Indoor',$,IFCBOOLEAN(.F.),$);
#8652=IFCPROPERTYSINGLEVALUE('Event',$,IFCLABEL('NZEB Expo Bucuresti 2026'),$);
#8653=IFCPROPERTYSINGLEVALUE('Website',$,IFCLABEL('https://www.criano.ro'),$);
#8654=IFCCARTESIANPOINT((1.50508474576271,1.50508474576271));
#8655=IFCAXIS2PLACEMENT2D(#8654,$);
#8656=IFCRECTANGLEPROFILEDEF(.AREA.,$,#8655,3.01016949152542,3.01016949152542);
#8657=IFCCARTESIANPOINT((0.,0.,0.));
#8658=IFCAXIS2PLACEMENT3D(#8657,$,$);
#8659=IFCDIRECTION((0.,0.,1.));
#8660=IFCEXTRUDEDAREASOLID(#8656,#8658,#8659,0.1);
#8661=IFCSTYLEDITEM(#8660,(#104),$);
#8662=IFCCARTESIANPOINT((1.50508474576271,2.97016949152542));
#8663=IFCAXIS2PLACEMENT2D(#8662,$);
#8664=IFCRECTANGLEPROFILEDEF(.AREA.,$,#8663,3.01016949152542,0.08);
#8665=IFCCARTESIANPOINT((0.,0.,0.1));
#8666=IFCAXIS2PLACEMENT3D(#8665,$,$);
#8667=IFCDIRECTION((0.,0.,1.));
#8668=IFCEXTRUDEDAREASOLID(#8664,#8666,#8667,2.5);
#8669=IFCSTYLEDITEM(#8668,(#32),$);
#8670=IFCCARTESIANPOINT((0.04,2.1071186440678));
#8671=IFCAXIS2PLACEMENT2D(#8670,$);
#8672=IFCRECTANGLEPROFILEDEF(.AREA.,$,#8671,0.08,1.80610169491525);
#8673=IFCCARTESIANPOINT((0.,0.,0.1));
#8674=IFCAXIS2PLACEMENT3D(#8673,$,$);
#8675=IFCDIRECTION((0.,0.,1.));
#8676=IFCEXTRUDEDAREASOLID(#8672,#8674,#8675,2.5);
#8677=IFCSTYLEDITEM(#8676,(#32),$);
#8678=IFCCARTESIANPOINT((2.97016949152542,2.1071186440678));
#8679=IFCAXIS2PLACEMENT2D(#8678,$);
#8680=IFCRECTANGLEPROFILEDEF(.AREA.,$,#8679,0.08,1.80610169491525);
#8681=IFCCARTESIANPOINT((0.,0.,0.1));
#8682=IFCAXIS2PLACEMENT3D(#8681,$,$);
#8683=IFCDIRECTION((0.,0.,1.));
#8684=IFCEXTRUDEDAREASOLID(#8680,#8682,#8683,2.5);
#8685=IFCSTYLEDITEM(#8684,(#32),$);
#8686=IFCBUILDINGELEMENTPROXY('0lOBQx8jb0EPYi2t5$JAYw',$,'O12 - CABANE SUCEVITA','Stand expozitional generic - CABANE SUCEVITA',$,#8696,#8691,$,$);
#8690=IFCSHAPEREPRESENTATION(#11,'Body','SweptSolid',(#8660,#8668,#8676,#8684));
#8691=IFCPRODUCTDEFINITIONSHAPE($,$,(#8690));
#8692=IFCCARTESIANPOINT((237.830508474576,54.2101694915254,0.));
#8693=IFCDIRECTION((0.,0.,1.));
#8694=IFCDIRECTION((1.,0.,0.));
#8695=IFCAXIS2PLACEMENT3D(#8692,#8693,#8694);
#8696=IFCLOCALPLACEMENT(#20,#8695);
#8697=IFCPROPERTYSET('04y51ci4LC4e8PUZHc$eqr',$,'NZEB_ExhibitorInfo',$,(#8699,#8700,#8701,#8702,#8703,#8704,#8705,#8706));
#8698=IFCRELDEFINESBYPROPERTIES('1cFleDGZ17sgadQNXsgrXn',$,$,$,(#8686),#8697);
#8699=IFCPROPERTYSINGLEVALUE('CompanyName',$,IFCLABEL('CABANE SUCEVITA'),$);
#8700=IFCPROPERTYSINGLEVALUE('StandNumber',$,IFCLABEL('O12'),$);
#8701=IFCPROPERTYSINGLEVALUE('Zone',$,IFCLABEL('ZONA 7'),$);
#8702=IFCPROPERTYSINGLEVALUE('AreaSqm',$,IFCREAL(9.1),$);
#8703=IFCPROPERTYSINGLEVALUE('Category',$,IFCLABEL('Constructii si structuri din lemn'),$);
#8704=IFCPROPERTYSINGLEVALUE('CategoryCode',$,IFCLABEL('C22'),$);
#8705=IFCPROPERTYSINGLEVALUE('Indoor',$,IFCBOOLEAN(.F.),$);
#8706=IFCPROPERTYSINGLEVALUE('Event',$,IFCLABEL('NZEB Expo Bucuresti 2026'),$);
#8707=IFCCARTESIANPOINT((1.47796610169492,3.09830508474576));
#8708=IFCAXIS2PLACEMENT2D(#8707,$);
#8709=IFCRECTANGLEPROFILEDEF(.AREA.,$,#8708,2.95593220338983,6.19661016949153);
#8710=IFCCARTESIANPOINT((0.,0.,0.));
#8711=IFCAXIS2PLACEMENT3D(#8710,$,$);
#8712=IFCDIRECTION((0.,0.,1.));
#8713=IFCEXTRUDEDAREASOLID(#8709,#8711,#8712,0.1);
#8714=IFCSTYLEDITEM(#8713,(#86),$);
#8715=IFCCARTESIANPOINT((1.47796610169492,6.15661016949153));
#8716=IFCAXIS2PLACEMENT2D(#8715,$);
#8717=IFCRECTANGLEPROFILEDEF(.AREA.,$,#8716,2.95593220338983,0.08);
#8718=IFCCARTESIANPOINT((0.,0.,0.1));
#8719=IFCAXIS2PLACEMENT3D(#8718,$,$);
#8720=IFCDIRECTION((0.,0.,1.));
#8721=IFCEXTRUDEDAREASOLID(#8717,#8719,#8720,2.5);
#8722=IFCSTYLEDITEM(#8721,(#32),$);
#8723=IFCCARTESIANPOINT((0.04,4.33762711864407));
#8724=IFCAXIS2PLACEMENT2D(#8723,$);
#8725=IFCRECTANGLEPROFILEDEF(.AREA.,$,#8724,0.08,3.71796610169492);
#8726=IFCCARTESIANPOINT((0.,0.,0.1));
#8727=IFCAXIS2PLACEMENT3D(#8726,$,$);
#8728=IFCDIRECTION((0.,0.,1.));
#8729=IFCEXTRUDEDAREASOLID(#8725,#8727,#8728,2.5);
#8730=IFCSTYLEDITEM(#8729,(#32),$);
#8731=IFCCARTESIANPOINT((2.91593220338983,4.33762711864407));
#8732=IFCAXIS2PLACEMENT2D(#8731,$);
#8733=IFCRECTANGLEPROFILEDEF(.AREA.,$,#8732,0.08,3.71796610169492);
#8734=IFCCARTESIANPOINT((0.,0.,0.1));
#8735=IFCAXIS2PLACEMENT3D(#8734,$,$);
#8736=IFCDIRECTION((0.,0.,1.));
#8737=IFCEXTRUDEDAREASOLID(#8733,#8735,#8736,2.5);
#8738=IFCSTYLEDITEM(#8737,(#32),$);
#8739=IFCBUILDINGELEMENTPROXY('1YOsM4brH0BgNt0hiovhyX',$,'Quadratum','Stand expozitional generic - Quadratum',$,#8749,#8744,$,$);
#8743=IFCSHAPEREPRESENTATION(#11,'Body','SweptSolid',(#8713,#8721,#8729,#8737));
#8744=IFCPRODUCTDEFINITIONSHAPE($,$,(#8743));
#8745=IFCCARTESIANPOINT((22.4813559322034,49.071186440678,0.));
#8746=IFCDIRECTION((0.,0.,1.));
#8747=IFCDIRECTION((1.,0.,0.));
#8748=IFCAXIS2PLACEMENT3D(#8745,#8746,#8747);
#8749=IFCLOCALPLACEMENT(#26,#8748);
#8750=IFCPROPERTYSET('12tpRk0Z18t8DMrzb7ZHjh',$,'NZEB_ExhibitorInfo',$,(#8752,#8753,#8754,#8755,#8756,#8757,#8758,#8759));
#8751=IFCRELDEFINESBYPROPERTIES('1NqeFiKejDruO6Tygl6x6n',$,$,$,(#8739),#8750);
#8752=IFCPROPERTYSINGLEVALUE('CompanyName',$,IFCLABEL('Quadratum'),$);
#8753=IFCPROPERTYSINGLEVALUE('StandNumber',$,IFCLABEL(''),$);
#8754=IFCPROPERTYSINGLEVALUE('Zone',$,IFCLABEL('ZONA 1'),$);
#8755=IFCPROPERTYSINGLEVALUE('AreaSqm',$,IFCREAL(18.3),$);
#8756=IFCPROPERTYSINGLEVALUE('Category',$,IFCLABEL('Produse si servicii pentru constructii (general)'),$);
#8757=IFCPROPERTYSINGLEVALUE('CategoryCode',$,IFCLABEL('C99'),$);
#8758=IFCPROPERTYSINGLEVALUE('Indoor',$,IFCBOOLEAN(.T.),$);
#8759=IFCPROPERTYSINGLEVALUE('Event',$,IFCLABEL('NZEB Expo Bucuresti 2026'),$);
#8760=IFCCARTESIANPOINT((2.53559322033898,1.50508474576271));
#8761=IFCAXIS2PLACEMENT2D(#8760,$);
#8762=IFCRECTANGLEPROFILEDEF(.AREA.,$,#8761,5.07118644067797,3.01016949152542);
#8763=IFCCARTESIANPOINT((0.,0.,0.));
#8764=IFCAXIS2PLACEMENT3D(#8763,$,$);
#8765=IFCDIRECTION((0.,0.,1.));
#8766=IFCEXTRUDEDAREASOLID(#8762,#8764,#8765,0.1);
#8767=IFCSTYLEDITEM(#8766,(#86),$);
#8768=IFCCARTESIANPOINT((2.53559322033898,2.97016949152542));
#8769=IFCAXIS2PLACEMENT2D(#8768,$);
#8770=IFCRECTANGLEPROFILEDEF(.AREA.,$,#8769,5.07118644067797,0.08);
#8771=IFCCARTESIANPOINT((0.,0.,0.1));
#8772=IFCAXIS2PLACEMENT3D(#8771,$,$);
#8773=IFCDIRECTION((0.,0.,1.));
#8774=IFCEXTRUDEDAREASOLID(#8770,#8772,#8773,2.5);
#8775=IFCSTYLEDITEM(#8774,(#32),$);
#8776=IFCCARTESIANPOINT((0.04,2.1071186440678));
#8777=IFCAXIS2PLACEMENT2D(#8776,$);
#8778=IFCRECTANGLEPROFILEDEF(.AREA.,$,#8777,0.08,1.80610169491525);
#8779=IFCCARTESIANPOINT((0.,0.,0.1));
#8780=IFCAXIS2PLACEMENT3D(#8779,$,$);
#8781=IFCDIRECTION((0.,0.,1.));
#8782=IFCEXTRUDEDAREASOLID(#8778,#8780,#8781,2.5);
#8783=IFCSTYLEDITEM(#8782,(#32),$);
#8784=IFCCARTESIANPOINT((5.03118644067797,2.1071186440678));
#8785=IFCAXIS2PLACEMENT2D(#8784,$);
#8786=IFCRECTANGLEPROFILEDEF(.AREA.,$,#8785,0.08,1.80610169491525);
#8787=IFCCARTESIANPOINT((0.,0.,0.1));
#8788=IFCAXIS2PLACEMENT3D(#8787,$,$);
#8789=IFCDIRECTION((0.,0.,1.));
#8790=IFCEXTRUDEDAREASOLID(#8786,#8788,#8789,2.5);
#8791=IFCSTYLEDITEM(#8790,(#32),$);
#8792=IFCBUILDINGELEMENTPROXY('0HdVNmgrn2wO$j56ib_06d',$,'DEPANERO','Stand expozitional generic - DEPANERO',$,#8802,#8797,$,$);
#8796=IFCSHAPEREPRESENTATION(#11,'Body','SweptSolid',(#8766,#8774,#8782,#8790));
#8797=IFCPRODUCTDEFINITIONSHAPE($,$,(#8796));
#8798=IFCCARTESIANPOINT((25.4372881355932,49.071186440678,0.));
#8799=IFCDIRECTION((0.,0.,1.));
#8800=IFCDIRECTION((1.,0.,0.));
#8801=IFCAXIS2PLACEMENT3D(#8798,#8799,#8800);
#8802=IFCLOCALPLACEMENT(#26,#8801);
#8803=IFCPROPERTYSET('3LRGWhICn2AQS2J3si$dO6',$,'NZEB_ExhibitorInfo',$,(#8805,#8806,#8807,#8808,#8809,#8810,#8811,#8812));
#8804=IFCRELDEFINESBYPROPERTIES('3LcBI9LU18ieqxjc3NOMEI',$,$,$,(#8792),#8803);
#8805=IFCPROPERTYSINGLEVALUE('CompanyName',$,IFCLABEL('DEPANERO'),$);
#8806=IFCPROPERTYSINGLEVALUE('StandNumber',$,IFCLABEL(''),$);
#8807=IFCPROPERTYSINGLEVALUE('Zone',$,IFCLABEL('ZONA 1'),$);
#8808=IFCPROPERTYSINGLEVALUE('AreaSqm',$,IFCREAL(15.3),$);
#8809=IFCPROPERTYSINGLEVALUE('Category',$,IFCLABEL('Produse si servicii pentru constructii (general)'),$);
#8810=IFCPROPERTYSINGLEVALUE('CategoryCode',$,IFCLABEL('C99'),$);
#8811=IFCPROPERTYSINGLEVALUE('Indoor',$,IFCBOOLEAN(.T.),$);
#8812=IFCPROPERTYSINGLEVALUE('Event',$,IFCLABEL('NZEB Expo Bucuresti 2026'),$);
#8813=IFCCARTESIANPOINT((4.,3.04406779661017));
#8814=IFCAXIS2PLACEMENT2D(#8813,$);
#8815=IFCRECTANGLEPROFILEDEF(.AREA.,$,#8814,8.,6.08813559322034);
#8816=IFCCARTESIANPOINT((0.,0.,0.));
#8817=IFCAXIS2PLACEMENT3D(#8816,$,$);
#8818=IFCDIRECTION((0.,0.,1.));
#8819=IFCEXTRUDEDAREASOLID(#8815,#8817,#8818,0.1);
#8820=IFCSTYLEDITEM(#8819,(#86),$);
#8821=IFCCARTESIANPOINT((4.,6.04813559322034));
#8822=IFCAXIS2PLACEMENT2D(#8821,$);
#8823=IFCRECTANGLEPROFILEDEF(.AREA.,$,#8822,8.,0.08);
#8824=IFCCARTESIANPOINT((0.,0.,0.1));
#8825=IFCAXIS2PLACEMENT3D(#8824,$,$);
#8826=IFCDIRECTION((0.,0.,1.));
#8827=IFCEXTRUDEDAREASOLID(#8823,#8825,#8826,2.5);
#8828=IFCSTYLEDITEM(#8827,(#32),$);
#8829=IFCCARTESIANPOINT((0.04,4.26169491525424));
#8830=IFCAXIS2PLACEMENT2D(#8829,$);
#8831=IFCRECTANGLEPROFILEDEF(.AREA.,$,#8830,0.08,3.6528813559322);
#8832=IFCCARTESIANPOINT((0.,0.,0.1));
#8833=IFCAXIS2PLACEMENT3D(#8832,$,$);
#8834=IFCDIRECTION((0.,0.,1.));
#8835=IFCEXTRUDEDAREASOLID(#8831,#8833,#8834,2.5);
#8836=IFCSTYLEDITEM(#8835,(#32),$);
#8837=IFCCARTESIANPOINT((7.96,4.26169491525424));
#8838=IFCAXIS2PLACEMENT2D(#8837,$);
#8839=IFCRECTANGLEPROFILEDEF(.AREA.,$,#8838,0.08,3.6528813559322);
#8840=IFCCARTESIANPOINT((0.,0.,0.1));
#8841=IFCAXIS2PLACEMENT3D(#8840,$,$);
#8842=IFCDIRECTION((0.,0.,1.));
#8843=IFCEXTRUDEDAREASOLID(#8839,#8841,#8842,2.5);
#8844=IFCSTYLEDITEM(#8843,(#32),$);
#8845=IFCBUILDINGELEMENTPROXY('3NtrdnwuTA6uPgBQANIy4v',$,'LEVIATAN','Stand expozitional generic - LEVIATAN',$,#8855,#8850,$,$);
#8849=IFCSHAPEREPRESENTATION(#11,'Body','SweptSolid',(#8819,#8827,#8835,#8843));
#8850=IFCPRODUCTDEFINITIONSHAPE($,$,(#8849));
#8851=IFCCARTESIANPOINT((22.4813559322034,38.7525423728814,0.));
#8852=IFCDIRECTION((0.,0.,1.));
#8853=IFCDIRECTION((1.,0.,0.));
#8854=IFCAXIS2PLACEMENT3D(#8851,#8852,#8853);
#8855=IFCLOCALPLACEMENT(#26,#8854);
#8856=IFCPROPERTYSET('0S0S9AO1b59gIMRRGVeG3G',$,'NZEB_ExhibitorInfo',$,(#8858,#8859,#8860,#8861,#8862,#8863,#8864,#8865));
#8857=IFCRELDEFINESBYPROPERTIES('3tKf42NnLFkBLsyR6mKzJ$',$,$,$,(#8845),#8856);
#8858=IFCPROPERTYSINGLEVALUE('CompanyName',$,IFCLABEL('LEVIATAN'),$);
#8859=IFCPROPERTYSINGLEVALUE('StandNumber',$,IFCLABEL(''),$);
#8860=IFCPROPERTYSINGLEVALUE('Zone',$,IFCLABEL('ZONA 1'),$);
#8861=IFCPROPERTYSINGLEVALUE('AreaSqm',$,IFCREAL(48.7),$);
#8862=IFCPROPERTYSINGLEVALUE('Category',$,IFCLABEL('Arhitectura, inginerie si antreprenoriat constructii'),$);
#8863=IFCPROPERTYSINGLEVALUE('CategoryCode',$,IFCLABEL('C12'),$);
#8864=IFCPROPERTYSINGLEVALUE('Indoor',$,IFCBOOLEAN(.T.),$);
#8865=IFCPROPERTYSINGLEVALUE('Event',$,IFCLABEL('NZEB Expo Bucuresti 2026'),$);
#8866=IFCCARTESIANPOINT((4.0406779661017,2.05423728813559));
#8867=IFCAXIS2PLACEMENT2D(#8866,$);
#8868=IFCRECTANGLEPROFILEDEF(.AREA.,$,#8867,8.08135593220339,4.10847457627119);
#8869=IFCCARTESIANPOINT((0.,0.,0.));
#8870=IFCAXIS2PLACEMENT3D(#8869,$,$);
#8871=IFCDIRECTION((0.,0.,1.));
#8872=IFCEXTRUDEDAREASOLID(#8868,#8870,#8871,0.1);
#8873=IFCSTYLEDITEM(#8872,(#86),$);
#8874=IFCCARTESIANPOINT((4.0406779661017,4.06847457627119));
#8875=IFCAXIS2PLACEMENT2D(#8874,$);
#8876=IFCRECTANGLEPROFILEDEF(.AREA.,$,#8875,8.08135593220339,0.08);
#8877=IFCCARTESIANPOINT((0.,0.,0.1));
#8878=IFCAXIS2PLACEMENT3D(#8877,$,$);
#8879=IFCDIRECTION((0.,0.,1.));
#8880=IFCEXTRUDEDAREASOLID(#8876,#8878,#8879,2.5);
#8881=IFCSTYLEDITEM(#8880,(#32),$);
#8882=IFCCARTESIANPOINT((0.04,2.87593220338983));
#8883=IFCAXIS2PLACEMENT2D(#8882,$);
#8884=IFCRECTANGLEPROFILEDEF(.AREA.,$,#8883,0.08,2.46508474576271);
#8885=IFCCARTESIANPOINT((0.,0.,0.1));
#8886=IFCAXIS2PLACEMENT3D(#8885,$,$);
#8887=IFCDIRECTION((0.,0.,1.));
#8888=IFCEXTRUDEDAREASOLID(#8884,#8886,#8887,2.5);
#8889=IFCSTYLEDITEM(#8888,(#32),$);
#8890=IFCCARTESIANPOINT((8.04135593220339,2.87593220338983));
#8891=IFCAXIS2PLACEMENT2D(#8890,$);
#8892=IFCRECTANGLEPROFILEDEF(.AREA.,$,#8891,0.08,2.46508474576271);
#8893=IFCCARTESIANPOINT((0.,0.,0.1));
#8894=IFCAXIS2PLACEMENT3D(#8893,$,$);
#8895=IFCDIRECTION((0.,0.,1.));
#8896=IFCEXTRUDEDAREASOLID(#8892,#8894,#8895,2.5);
#8897=IFCSTYLEDITEM(#8896,(#32),$);
#8898=IFCBUILDINGELEMENTPROXY('1cKWEf79n9Hvmu283Mb9sp',$,'FPSC Cluster TEC CSC CAIR','Stand expozitional generic - FPSC Cluster TEC CSC CAIR',$,#8908,#8903,$,$);
#8902=IFCSHAPEREPRESENTATION(#11,'Body','SweptSolid',(#8872,#8880,#8888,#8896));
#8903=IFCPRODUCTDEFINITIONSHAPE($,$,(#8902));
#8904=IFCCARTESIANPOINT((22.5220338983051,58.2372881355932,0.));
#8905=IFCDIRECTION((0.,0.,1.));
#8906=IFCDIRECTION((1.,0.,0.));
#8907=IFCAXIS2PLACEMENT3D(#8904,#8905,#8906);
#8908=IFCLOCALPLACEMENT(#26,#8907);
#8909=IFCPROPERTYSET('2CpfJLEXb5OOkvhtT$mG_Y',$,'NZEB_ExhibitorInfo',$,(#8911,#8912,#8913,#8914,#8915,#8916,#8917,#8918));
#8910=IFCRELDEFINESBYPROPERTIES('2jnhN$rk1AZgtUWXYDvCIY',$,$,$,(#8898),#8909);
#8911=IFCPROPERTYSINGLEVALUE('CompanyName',$,IFCLABEL('FPSC Cluster TEC CSC CAIR'),$);
#8912=IFCPROPERTYSINGLEVALUE('StandNumber',$,IFCLABEL(''),$);
#8913=IFCPROPERTYSINGLEVALUE('Zone',$,IFCLABEL('ZONA 1'),$);
#8914=IFCPROPERTYSINGLEVALUE('AreaSqm',$,IFCREAL(33.2),$);
#8915=IFCPROPERTYSINGLEVALUE('Category',$,IFCLABEL('Educatie, asociatii si ONG'),$);
#8916=IFCPROPERTYSINGLEVALUE('CategoryCode',$,IFCLABEL('C13'),$);
#8917=IFCPROPERTYSINGLEVALUE('Indoor',$,IFCBOOLEAN(.T.),$);
#8918=IFCPROPERTYSINGLEVALUE('Event',$,IFCLABEL('NZEB Expo Bucuresti 2026'),$);
#8919=IFCCARTESIANPOINT((2.48135593220339,1.51186440677966));
#8920=IFCAXIS2PLACEMENT2D(#8919,$);
#8921=IFCRECTANGLEPROFILEDEF(.AREA.,$,#8920,4.96271186440678,3.02372881355932);
#8922=IFCCARTESIANPOINT((0.,0.,0.));
#8923=IFCAXIS2PLACEMENT3D(#8922,$,$);
#8924=IFCDIRECTION((0.,0.,1.));
#8925=IFCEXTRUDEDAREASOLID(#8921,#8923,#8924,0.1);
#8926=IFCSTYLEDITEM(#8925,(#95),$);
#8927=IFCCARTESIANPOINT((2.48135593220339,2.98372881355932));
#8928=IFCAXIS2PLACEMENT2D(#8927,$);
#8929=IFCRECTANGLEPROFILEDEF(.AREA.,$,#8928,4.96271186440678,0.08);
#8930=IFCCARTESIANPOINT((0.,0.,0.1));
#8931=IFCAXIS2PLACEMENT3D(#8930,$,$);
#8932=IFCDIRECTION((0.,0.,1.));
#8933=IFCEXTRUDEDAREASOLID(#8929,#8931,#8932,2.5);
#8934=IFCSTYLEDITEM(#8933,(#32),$);
#8935=IFCCARTESIANPOINT((0.04,2.11661016949153));
#8936=IFCAXIS2PLACEMENT2D(#8935,$);
#8937=IFCRECTANGLEPROFILEDEF(.AREA.,$,#8936,0.08,1.81423728813559);
#8938=IFCCARTESIANPOINT((0.,0.,0.1));
#8939=IFCAXIS2PLACEMENT3D(#8938,$,$);
#8940=IFCDIRECTION((0.,0.,1.));
#8941=IFCEXTRUDEDAREASOLID(#8937,#8939,#8940,2.5);
#8942=IFCSTYLEDITEM(#8941,(#32),$);
#8943=IFCCARTESIANPOINT((4.92271186440678,2.11661016949153));
#8944=IFCAXIS2PLACEMENT2D(#8943,$);
#8945=IFCRECTANGLEPROFILEDEF(.AREA.,$,#8944,0.08,1.81423728813559);
#8946=IFCCARTESIANPOINT((0.,0.,0.1));
#8947=IFCAXIS2PLACEMENT3D(#8946,$,$);
#8948=IFCDIRECTION((0.,0.,1.));
#8949=IFCEXTRUDEDAREASOLID(#8945,#8947,#8948,2.5);
#8950=IFCSTYLEDITEM(#8949,(#32),$);
#8951=IFCBUILDINGELEMENTPROXY('3ncT7Eejj3Y8CYSlbwsJ$v',$,'UTCB','Stand expozitional generic - UTCB',$,#8961,#8956,$,$);
#8955=IFCSHAPEREPRESENTATION(#11,'Body','SweptSolid',(#8925,#8933,#8941,#8949));
#8956=IFCPRODUCTDEFINITIONSHAPE($,$,(#8955));
#8957=IFCCARTESIANPOINT((34.5898305084746,32.5152542372881,0.));
#8958=IFCDIRECTION((0.,0.,1.));
#8959=IFCDIRECTION((1.,0.,0.));
#8960=IFCAXIS2PLACEMENT3D(#8957,#8958,#8959);
#8961=IFCLOCALPLACEMENT(#26,#8960);
#8962=IFCPROPERTYSET('2NjY4B4oD1yPalHmz4p6x2',$,'NZEB_ExhibitorInfo',$,(#8964,#8965,#8966,#8967,#8968,#8969,#8970,#8971,#8972));
#8963=IFCRELDEFINESBYPROPERTIES('2wVxQc5Nj8o8sc0aGyy4gT',$,$,$,(#8951),#8962);
#8964=IFCPROPERTYSINGLEVALUE('CompanyName',$,IFCLABEL('UTCB'),$);
#8965=IFCPROPERTYSINGLEVALUE('StandNumber',$,IFCLABEL(''),$);
#8966=IFCPROPERTYSINGLEVALUE('Zone',$,IFCLABEL('ZONA 4'),$);
#8967=IFCPROPERTYSINGLEVALUE('AreaSqm',$,IFCREAL(15.),$);
#8968=IFCPROPERTYSINGLEVALUE('Category',$,IFCLABEL('Educatie, asociatii si ONG'),$);
#8969=IFCPROPERTYSINGLEVALUE('CategoryCode',$,IFCLABEL('C13'),$);
#8970=IFCPROPERTYSINGLEVALUE('Indoor',$,IFCBOOLEAN(.T.),$);
#8971=IFCPROPERTYSINGLEVALUE('Event',$,IFCLABEL('NZEB Expo Bucuresti 2026'),$);
#8972=IFCPROPERTYSINGLEVALUE('Website',$,IFCLABEL('https://utcb.ro'),$);
#8973=IFCCARTESIANPOINT((2.61016949152542,1.51186440677966));
#8974=IFCAXIS2PLACEMENT2D(#8973,$);
#8975=IFCRECTANGLEPROFILEDEF(.AREA.,$,#8974,5.22033898305085,3.02372881355932);
#8976=IFCCARTESIANPOINT((0.,0.,0.));
#8977=IFCAXIS2PLACEMENT3D(#8976,$,$);
#8978=IFCDIRECTION((0.,0.,1.));
#8979=IFCEXTRUDEDAREASOLID(#8975,#8977,#8978,0.1);
#8980=IFCSTYLEDITEM(#8979,(#95),$);
#8981=IFCCARTESIANPOINT((2.61016949152542,2.98372881355932));
#8982=IFCAXIS2PLACEMENT2D(#8981,$);
#8983=IFCRECTANGLEPROFILEDEF(.AREA.,$,#8982,5.22033898305085,0.08);
#8984=IFCCARTESIANPOINT((0.,0.,0.1));
#8985=IFCAXIS2PLACEMENT3D(#8984,$,$);
#8986=IFCDIRECTION((0.,0.,1.));
#8987=IFCEXTRUDEDAREASOLID(#8983,#8985,#8986,2.5);
#8988=IFCSTYLEDITEM(#8987,(#32),$);
#8989=IFCCARTESIANPOINT((0.04,2.11661016949153));
#8990=IFCAXIS2PLACEMENT2D(#8989,$);
#8991=IFCRECTANGLEPROFILEDEF(.AREA.,$,#8990,0.08,1.81423728813559);
#8992=IFCCARTESIANPOINT((0.,0.,0.1));
#8993=IFCAXIS2PLACEMENT3D(#8992,$,$);
#8994=IFCDIRECTION((0.,0.,1.));
#8995=IFCEXTRUDEDAREASOLID(#8991,#8993,#8994,2.5);
#8996=IFCSTYLEDITEM(#8995,(#32),$);
#8997=IFCCARTESIANPOINT((5.18033898305085,2.11661016949153));
#8998=IFCAXIS2PLACEMENT2D(#8997,$);
#8999=IFCRECTANGLEPROFILEDEF(.AREA.,$,#8998,0.08,1.81423728813559);
#9000=IFCCARTESIANPOINT((0.,0.,0.1));
#9001=IFCAXIS2PLACEMENT3D(#9000,$,$);
#9002=IFCDIRECTION((0.,0.,1.));
#9003=IFCEXTRUDEDAREASOLID(#8999,#9001,#9002,2.5);
#9004=IFCSTYLEDITEM(#9003,(#32),$);
#9005=IFCBUILDINGELEMENTPROXY('3YSqGnP_51bggRtXyGAa$L',$,'VIAROM','Stand expozitional generic - VIAROM',$,#9015,#9010,$,$);
#9009=IFCSHAPEREPRESENTATION(#11,'Body','SweptSolid',(#8979,#8987,#8995,#9003));
#9010=IFCPRODUCTDEFINITIONSHAPE($,$,(#9009));
#9011=IFCCARTESIANPOINT((29.3694915254237,32.5152542372881,0.));
#9012=IFCDIRECTION((0.,0.,1.));
#9013=IFCDIRECTION((1.,0.,0.));
#9014=IFCAXIS2PLACEMENT3D(#9011,#9012,#9013);
#9015=IFCLOCALPLACEMENT(#26,#9014);
#9016=IFCPROPERTYSET('366taBb758puCxqeGJyAq0',$,'NZEB_ExhibitorInfo',$,(#9018,#9019,#9020,#9021,#9022,#9023,#9024,#9025,#9026));
#9017=IFCRELDEFINESBYPROPERTIES('2xrOPTyEzF3hUPOvBSq6SD',$,$,$,(#9005),#9016);
#9018=IFCPROPERTYSINGLEVALUE('CompanyName',$,IFCLABEL('VIAROM'),$);
#9019=IFCPROPERTYSINGLEVALUE('StandNumber',$,IFCLABEL(''),$);
#9020=IFCPROPERTYSINGLEVALUE('Zone',$,IFCLABEL('ZONA 4'),$);
#9021=IFCPROPERTYSINGLEVALUE('AreaSqm',$,IFCREAL(15.8),$);
#9022=IFCPROPERTYSINGLEVALUE('Category',$,IFCLABEL('Arhitectura, inginerie si antreprenoriat constructii'),$);
#9023=IFCPROPERTYSINGLEVALUE('CategoryCode',$,IFCLABEL('C12'),$);
#9024=IFCPROPERTYSINGLEVALUE('Indoor',$,IFCBOOLEAN(.T.),$);
#9025=IFCPROPERTYSINGLEVALUE('Event',$,IFCLABEL('NZEB Expo Bucuresti 2026'),$);
#9026=IFCPROPERTYSINGLEVALUE('Website',$,IFCLABEL('https://www.viarom.ro'),$);
#9027=IFCCARTESIANPOINT((3.91864406779661,1.51186440677966));
#9028=IFCAXIS2PLACEMENT2D(#9027,$);
#9029=IFCRECTANGLEPROFILEDEF(.AREA.,$,#9028,7.83728813559322,3.02372881355932);
#9030=IFCCARTESIANPOINT((0.,0.,0.));
#9031=IFCAXIS2PLACEMENT3D(#9030,$,$);
#9032=IFCDIRECTION((0.,0.,1.));
#9033=IFCEXTRUDEDAREASOLID(#9029,#9031,#9032,0.1);
#9034=IFCSTYLEDITEM(#9033,(#95),$);
#9035=IFCCARTESIANPOINT((3.91864406779661,2.98372881355932));
#9036=IFCAXIS2PLACEMENT2D(#9035,$);
#9037=IFCRECTANGLEPROFILEDEF(.AREA.,$,#9036,7.83728813559322,0.08);
#9038=IFCCARTESIANPOINT((0.,0.,0.1));
#9039=IFCAXIS2PLACEMENT3D(#9038,$,$);
#9040=IFCDIRECTION((0.,0.,1.));
#9041=IFCEXTRUDEDAREASOLID(#9037,#9039,#9040,2.5);
#9042=IFCSTYLEDITEM(#9041,(#32),$);
#9043=IFCCARTESIANPOINT((0.04,2.11661016949153));
#9044=IFCAXIS2PLACEMENT2D(#9043,$);
#9045=IFCRECTANGLEPROFILEDEF(.AREA.,$,#9044,0.08,1.81423728813559);
#9046=IFCCARTESIANPOINT((0.,0.,0.1));
#9047=IFCAXIS2PLACEMENT3D(#9046,$,$);
#9048=IFCDIRECTION((0.,0.,1.));
#9049=IFCEXTRUDEDAREASOLID(#9045,#9047,#9048,2.5);
#9050=IFCSTYLEDITEM(#9049,(#32),$);
#9051=IFCCARTESIANPOINT((7.79728813559322,2.11661016949153));
#9052=IFCAXIS2PLACEMENT2D(#9051,$);
#9053=IFCRECTANGLEPROFILEDEF(.AREA.,$,#9052,0.08,1.81423728813559);
#9054=IFCCARTESIANPOINT((0.,0.,0.1));
#9055=IFCAXIS2PLACEMENT3D(#9054,$,$);
#9056=IFCDIRECTION((0.,0.,1.));
#9057=IFCEXTRUDEDAREASOLID(#9053,#9055,#9056,2.5);
#9058=IFCSTYLEDITEM(#9057,(#32),$);
#9059=IFCBUILDINGELEMENTPROXY('1F$HNVdnbFIwRc0TF_QwWZ',$,'ERBASU','Stand expozitional generic - ERBASU',$,#9069,#9064,$,$);
#9063=IFCSHAPEREPRESENTATION(#11,'Body','SweptSolid',(#9033,#9041,#9049,#9057));
#9064=IFCPRODUCTDEFINITIONSHAPE($,$,(#9063));
#9065=IFCCARTESIANPOINT((19.5932203389831,32.5152542372881,0.));
#9066=IFCDIRECTION((0.,0.,1.));
#9067=IFCDIRECTION((1.,0.,0.));
#9068=IFCAXIS2PLACEMENT3D(#9065,#9066,#9067);
#9069=IFCLOCALPLACEMENT(#26,#9068);
#9070=IFCPROPERTYSET('3HFrn5HVjAigiuiGnVtZvu',$,'NZEB_ExhibitorInfo',$,(#9072,#9073,#9074,#9075,#9076,#9077,#9078,#9079,#9080));
#9071=IFCRELDEFINESBYPROPERTIES('1ZgCBR$e1FOPbBh7auKYFQ',$,$,$,(#9059),#9070);
#9072=IFCPROPERTYSINGLEVALUE('CompanyName',$,IFCLABEL('ERBASU'),$);
#9073=IFCPROPERTYSINGLEVALUE('StandNumber',$,IFCLABEL(''),$);
#9074=IFCPROPERTYSINGLEVALUE('Zone',$,IFCLABEL('ZONA 4'),$);
#9075=IFCPROPERTYSINGLEVALUE('AreaSqm',$,IFCREAL(23.7),$);
#9076=IFCPROPERTYSINGLEVALUE('Category',$,IFCLABEL('Arhitectura, inginerie si antreprenoriat constructii'),$);
#9077=IFCPROPERTYSINGLEVALUE('CategoryCode',$,IFCLABEL('C12'),$);
#9078=IFCPROPERTYSINGLEVALUE('Indoor',$,IFCBOOLEAN(.T.),$);
#9079=IFCPROPERTYSINGLEVALUE('Event',$,IFCLABEL('NZEB Expo Bucuresti 2026'),$);
#9080=IFCPROPERTYSINGLEVALUE('Website',$,IFCLABEL('https://www.erbasu.ro'),$);
#9081=IFCCARTESIANPOINT((3.79661016949153,1.5728813559322));
#9082=IFCAXIS2PLACEMENT2D(#9081,$);
#9083=IFCRECTANGLEPROFILEDEF(.AREA.,$,#9082,7.59322033898305,3.14576271186441);
#9084=IFCCARTESIANPOINT((0.,0.,0.));
#9085=IFCAXIS2PLACEMENT3D(#9084,$,$);
#9086=IFCDIRECTION((0.,0.,1.));
#9087=IFCEXTRUDEDAREASOLID(#9083,#9085,#9086,0.1);
#9088=IFCSTYLEDITEM(#9087,(#89),$);
#9089=IFCCARTESIANPOINT((3.79661016949153,3.10576271186441));
#9090=IFCAXIS2PLACEMENT2D(#9089,$);
#9091=IFCRECTANGLEPROFILEDEF(.AREA.,$,#9090,7.59322033898305,0.08);
#9092=IFCCARTESIANPOINT((0.,0.,0.1));
#9093=IFCAXIS2PLACEMENT3D(#9092,$,$);
#9094=IFCDIRECTION((0.,0.,1.));
#9095=IFCEXTRUDEDAREASOLID(#9091,#9093,#9094,2.5);
#9096=IFCSTYLEDITEM(#9095,(#32),$);
#9097=IFCCARTESIANPOINT((0.04,2.20203389830508));
#9098=IFCAXIS2PLACEMENT2D(#9097,$);
#9099=IFCRECTANGLEPROFILEDEF(.AREA.,$,#9098,0.08,1.88745762711864);
#9100=IFCCARTESIANPOINT((0.,0.,0.1));
#9101=IFCAXIS2PLACEMENT3D(#9100,$,$);
#9102=IFCDIRECTION((0.,0.,1.));
#9103=IFCEXTRUDEDAREASOLID(#9099,#9101,#9102,2.5);
#9104=IFCSTYLEDITEM(#9103,(#32),$);
#9105=IFCCARTESIANPOINT((7.55322033898305,2.20203389830508));
#9106=IFCAXIS2PLACEMENT2D(#9105,$);
#9107=IFCRECTANGLEPROFILEDEF(.AREA.,$,#9106,0.08,1.88745762711864);
#9108=IFCCARTESIANPOINT((0.,0.,0.1));
#9109=IFCAXIS2PLACEMENT3D(#9108,$,$);
#9110=IFCDIRECTION((0.,0.,1.));
#9111=IFCEXTRUDEDAREASOLID(#9107,#9109,#9110,2.5);
#9112=IFCSTYLEDITEM(#9111,(#32),$);
#9113=IFCBUILDINGELEMENTPROXY('0cpHJwuuH0gxC0GI0H2N7d',$,'F18 - LOGICASSA','Stand expozitional generic - LOGICASSA',$,#9123,#9118,$,$);
#9117=IFCSHAPEREPRESENTATION(#11,'Body','SweptSolid',(#9087,#9095,#9103,#9111));
#9118=IFCPRODUCTDEFINITIONSHAPE($,$,(#9117));
#9119=IFCCARTESIANPOINT((102.101694915254,60.5152542372881,0.));
#9120=IFCDIRECTION((0.,0.,1.));
#9121=IFCDIRECTION((1.,0.,0.));
#9122=IFCAXIS2PLACEMENT3D(#9119,#9120,#9121);
#9123=IFCLOCALPLACEMENT(#26,#9122);
#9124=IFCPROPERTYSET('3ZPGVk4Qn5HRmpYSisi_Fe',$,'NZEB_ExhibitorInfo',$,(#9126,#9127,#9128,#9129,#9130,#9131,#9132,#9133));
#9125=IFCRELDEFINESBYPROPERTIES('0zoV88Cb50dhrwEHTcOZ13',$,$,$,(#9113),#9124);
#9126=IFCPROPERTYSINGLEVALUE('CompanyName',$,IFCLABEL('LOGICASSA'),$);
#9127=IFCPROPERTYSINGLEVALUE('StandNumber',$,IFCLABEL('F18'),$);
#9128=IFCPROPERTYSINGLEVALUE('Zone',$,IFCLABEL('ZONA 2'),$);
#9129=IFCPROPERTYSINGLEVALUE('AreaSqm',$,IFCREAL(23.9),$);
#9130=IFCPROPERTYSINGLEVALUE('Category',$,IFCLABEL('Produse si servicii pentru constructii (general)'),$);
#9131=IFCPROPERTYSINGLEVALUE('CategoryCode',$,IFCLABEL('C99'),$);
#9132=IFCPROPERTYSINGLEVALUE('Indoor',$,IFCBOOLEAN(.T.),$);
#9133=IFCPROPERTYSINGLEVALUE('Event',$,IFCLABEL('NZEB Expo Bucuresti 2026'),$);
#9134=IFCCARTESIANPOINT((2.18983050847458,2.97627118644068));
#9135=IFCAXIS2PLACEMENT2D(#9134,$);
#9136=IFCRECTANGLEPROFILEDEF(.AREA.,$,#9135,4.37966101694915,5.95254237288136);
#9137=IFCCARTESIANPOINT((0.,0.,0.));
#9138=IFCAXIS2PLACEMENT3D(#9137,$,$);
#9139=IFCDIRECTION((0.,0.,1.));
#9140=IFCEXTRUDEDAREASOLID(#9136,#9138,#9139,0.1);
#9141=IFCSTYLEDITEM(#9140,(#92),$);
#9142=IFCCARTESIANPOINT((2.18983050847458,5.91254237288136));
#9143=IFCAXIS2PLACEMENT2D(#9142,$);
#9144=IFCRECTANGLEPROFILEDEF(.AREA.,$,#9143,4.37966101694915,0.08);
#9145=IFCCARTESIANPOINT((0.,0.,0.1));
#9146=IFCAXIS2PLACEMENT3D(#9145,$,$);
#9147=IFCDIRECTION((0.,0.,1.));
#9148=IFCEXTRUDEDAREASOLID(#9144,#9146,#9147,2.5);
#9149=IFCSTYLEDITEM(#9148,(#32),$);
#9150=IFCCARTESIANPOINT((0.04,4.16677966101695));
#9151=IFCAXIS2PLACEMENT2D(#9150,$);
#9152=IFCRECTANGLEPROFILEDEF(.AREA.,$,#9151,0.08,3.57152542372881);
#9153=IFCCARTESIANPOINT((0.,0.,0.1));
#9154=IFCAXIS2PLACEMENT3D(#9153,$,$);
#9155=IFCDIRECTION((0.,0.,1.));
#9156=IFCEXTRUDEDAREASOLID(#9152,#9154,#9155,2.5);
#9157=IFCSTYLEDITEM(#9156,(#32),$);
#9158=IFCCARTESIANPOINT((4.33966101694915,4.16677966101695));
#9159=IFCAXIS2PLACEMENT2D(#9158,$);
#9160=IFCRECTANGLEPROFILEDEF(.AREA.,$,#9159,0.08,3.57152542372881);
#9161=IFCCARTESIANPOINT((0.,0.,0.1));
#9162=IFCAXIS2PLACEMENT3D(#9161,$,$);
#9163=IFCDIRECTION((0.,0.,1.));
#9164=IFCEXTRUDEDAREASOLID(#9160,#9162,#9163,2.5);
#9165=IFCSTYLEDITEM(#9164,(#32),$);
#9166=IFCBUILDINGELEMENTPROXY('0P41d1g092KBvJAOitwWTZ',$,'N8 - PRIMA DEVELOPMENT','Stand expozitional generic - PRIMA DEVELOPMENT',$,#9176,#9171,$,$);
#9170=IFCSHAPEREPRESENTATION(#11,'Body','SweptSolid',(#9140,#9148,#9156,#9164));
#9171=IFCPRODUCTDEFINITIONSHAPE($,$,(#9170));
#9172=IFCCARTESIANPOINT((135.281355932203,78.8610169491525,0.));
#9173=IFCDIRECTION((0.,0.,1.));
#9174=IFCDIRECTION((1.,0.,0.));
#9175=IFCAXIS2PLACEMENT3D(#9172,#9173,#9174);
#9176=IFCLOCALPLACEMENT(#26,#9175);
#9177=IFCPROPERTYSET('2HGL$tafz7bhfacYMLdnZC',$,'NZEB_ExhibitorInfo',$,(#9179,#9180,#9181,#9182,#9183,#9184,#9185,#9186));
#9178=IFCRELDEFINESBYPROPERTIES('0p7KzMShv9uw38WHBjunuI',$,$,$,(#9166),#9177);
#9179=IFCPROPERTYSINGLEVALUE('CompanyName',$,IFCLABEL('PRIMA DEVELOPMENT'),$);
#9180=IFCPROPERTYSINGLEVALUE('StandNumber',$,IFCLABEL('N8'),$);
#9181=IFCPROPERTYSINGLEVALUE('Zone',$,IFCLABEL('ZONA 3'),$);
#9182=IFCPROPERTYSINGLEVALUE('AreaSqm',$,IFCREAL(26.1),$);
#9183=IFCPROPERTYSINGLEVALUE('Category',$,IFCLABEL('Dezvoltare imobiliara'),$);
#9184=IFCPROPERTYSINGLEVALUE('CategoryCode',$,IFCLABEL('C11'),$);
#9185=IFCPROPERTYSINGLEVALUE('Indoor',$,IFCBOOLEAN(.T.),$);
#9186=IFCPROPERTYSINGLEVALUE('Event',$,IFCLABEL('NZEB Expo Bucuresti 2026'),$);
#9187=IFCCARTESIANPOINT((0.935593220338983,1.48474576271186));
#9188=IFCAXIS2PLACEMENT2D(#9187,$);
#9189=IFCRECTANGLEPROFILEDEF(.AREA.,$,#9188,1.87118644067797,2.96949152542373);
#9190=IFCCARTESIANPOINT((0.,0.,0.));
#9191=IFCAXIS2PLACEMENT3D(#9190,$,$);
#9192=IFCDIRECTION((0.,0.,1.));
#9193=IFCEXTRUDEDAREASOLID(#9189,#9191,#9192,0.1);
#9194=IFCSTYLEDITEM(#9193,(#86),$);
#9195=IFCCARTESIANPOINT((0.935593220338983,2.92949152542373));
#9196=IFCAXIS2PLACEMENT2D(#9195,$);
#9197=IFCRECTANGLEPROFILEDEF(.AREA.,$,#9196,1.87118644067797,0.08);
#9198=IFCCARTESIANPOINT((0.,0.,0.1));
#9199=IFCAXIS2PLACEMENT3D(#9198,$,$);
#9200=IFCDIRECTION((0.,0.,1.));
#9201=IFCEXTRUDEDAREASOLID(#9197,#9199,#9200,2.5);
#9202=IFCSTYLEDITEM(#9201,(#32),$);
#9203=IFCCARTESIANPOINT((0.04,2.07864406779661));
#9204=IFCAXIS2PLACEMENT2D(#9203,$);
#9205=IFCRECTANGLEPROFILEDEF(.AREA.,$,#9204,0.08,1.78169491525424);
#9206=IFCCARTESIANPOINT((0.,0.,0.1));
#9207=IFCAXIS2PLACEMENT3D(#9206,$,$);
#9208=IFCDIRECTION((0.,0.,1.));
#9209=IFCEXTRUDEDAREASOLID(#9205,#9207,#9208,2.5);
#9210=IFCSTYLEDITEM(#9209,(#32),$);
#9211=IFCCARTESIANPOINT((1.83118644067797,2.07864406779661));
#9212=IFCAXIS2PLACEMENT2D(#9211,$);
#9213=IFCRECTANGLEPROFILEDEF(.AREA.,$,#9212,0.08,1.78169491525424);
#9214=IFCCARTESIANPOINT((0.,0.,0.1));
#9215=IFCAXIS2PLACEMENT3D(#9214,$,$);
#9216=IFCDIRECTION((0.,0.,1.));
#9217=IFCEXTRUDEDAREASOLID(#9213,#9215,#9216,2.5);
#9218=IFCSTYLEDITEM(#9217,(#32),$);
#9219=IFCBUILDINGELEMENTPROXY('19ldqyps12qhfdk_xqc8oA',$,'CAFEA','Stand expozitional generic - CAFEA',$,#9229,#9224,$,$);
#9223=IFCSHAPEREPRESENTATION(#11,'Body','SweptSolid',(#9193,#9201,#9209,#9217));
#9224=IFCPRODUCTDEFINITIONSHAPE($,$,(#9223));
#9225=IFCCARTESIANPOINT((17.5050847457627,39.5118644067797,0.));
#9226=IFCDIRECTION((0.,0.,1.));
#9227=IFCDIRECTION((1.,0.,0.));
#9228=IFCAXIS2PLACEMENT3D(#9225,#9226,#9227);
#9229=IFCLOCALPLACEMENT(#26,#9228);
#9230=IFCPROPERTYSET('2RJtE43x94agEIhArjiXqt',$,'NZEB_ExhibitorInfo',$,(#9232,#9233,#9234,#9235,#9236,#9237,#9238,#9239));
#9231=IFCRELDEFINESBYPROPERTIES('0RMD1VC890DeVqO3qhrgAh',$,$,$,(#9219),#9230);
#9232=IFCPROPERTYSINGLEVALUE('CompanyName',$,IFCLABEL('CAFEA'),$);
#9233=IFCPROPERTYSINGLEVALUE('StandNumber',$,IFCLABEL(''),$);
#9234=IFCPROPERTYSINGLEVALUE('Zone',$,IFCLABEL('ZONA 1'),$);
#9235=IFCPROPERTYSINGLEVALUE('AreaSqm',$,IFCREAL(5.6),$);
#9236=IFCPROPERTYSINGLEVALUE('Category',$,IFCLABEL('Food & beverage / ospitalitate'),$);
#9237=IFCPROPERTYSINGLEVALUE('CategoryCode',$,IFCLABEL('C20'),$);
#9238=IFCPROPERTYSINGLEVALUE('Indoor',$,IFCBOOLEAN(.T.),$);
#9239=IFCPROPERTYSINGLEVALUE('Event',$,IFCLABEL('NZEB Expo Bucuresti 2026'),$);
#9240=IFCCARTESIANPOINT((1.48474576271186,1.95254237288136));
#9241=IFCAXIS2PLACEMENT2D(#9240,$);
#9242=IFCRECTANGLEPROFILEDEF(.AREA.,$,#9241,2.96949152542373,3.90508474576271);
#9243=IFCCARTESIANPOINT((0.,0.,0.));
#9244=IFCAXIS2PLACEMENT3D(#9243,$,$);
#9245=IFCDIRECTION((0.,0.,1.));
#9246=IFCEXTRUDEDAREASOLID(#9242,#9244,#9245,0.1);
#9247=IFCSTYLEDITEM(#9246,(#95),$);
#9248=IFCCARTESIANPOINT((1.48474576271186,3.86508474576271));
#9249=IFCAXIS2PLACEMENT2D(#9248,$);
#9250=IFCRECTANGLEPROFILEDEF(.AREA.,$,#9249,2.96949152542373,0.08);
#9251=IFCCARTESIANPOINT((0.,0.,0.1));
#9252=IFCAXIS2PLACEMENT3D(#9251,$,$);
#9253=IFCDIRECTION((0.,0.,1.));
#9254=IFCEXTRUDEDAREASOLID(#9250,#9252,#9253,2.5);
#9255=IFCSTYLEDITEM(#9254,(#32),$);
#9256=IFCCARTESIANPOINT((0.04,2.7335593220339));
#9257=IFCAXIS2PLACEMENT2D(#9256,$);
#9258=IFCRECTANGLEPROFILEDEF(.AREA.,$,#9257,0.08,2.34305084745763);
#9259=IFCCARTESIANPOINT((0.,0.,0.1));
#9260=IFCAXIS2PLACEMENT3D(#9259,$,$);
#9261=IFCDIRECTION((0.,0.,1.));
#9262=IFCEXTRUDEDAREASOLID(#9258,#9260,#9261,2.5);
#9263=IFCSTYLEDITEM(#9262,(#32),$);
#9264=IFCCARTESIANPOINT((2.92949152542373,2.7335593220339));
#9265=IFCAXIS2PLACEMENT2D(#9264,$);
#9266=IFCRECTANGLEPROFILEDEF(.AREA.,$,#9265,0.08,2.34305084745763);
#9267=IFCCARTESIANPOINT((0.,0.,0.1));
#9268=IFCAXIS2PLACEMENT3D(#9267,$,$);
#9269=IFCDIRECTION((0.,0.,1.));
#9270=IFCEXTRUDEDAREASOLID(#9266,#9268,#9269,2.5);
#9271=IFCSTYLEDITEM(#9270,(#32),$);
#9272=IFCBUILDINGELEMENTPROXY('1FwfCEhOjCUBG6BtIA8nyQ',$,'SCENA','Stand expozitional generic - SCENA',$,#9282,#9277,$,$);
#9276=IFCSHAPEREPRESENTATION(#11,'Body','SweptSolid',(#9246,#9254,#9262,#9270));
#9277=IFCPRODUCTDEFINITIONSHAPE($,$,(#9276));
#9278=IFCCARTESIANPOINT((6.53559322033898,32.3661016949153,0.));
#9279=IFCDIRECTION((0.,0.,1.));
#9280=IFCDIRECTION((1.,0.,0.));
#9281=IFCAXIS2PLACEMENT3D(#9278,#9279,#9280);
#9282=IFCLOCALPLACEMENT(#26,#9281);
#9283=IFCPROPERTYSET('1$MpAtqnrErQT6WrsuAI4v',$,'NZEB_ExhibitorInfo',$,(#9285,#9286,#9287,#9288,#9289,#9290,#9291,#9292));
#9284=IFCRELDEFINESBYPROPERTIES('3hbiGEgW1Fzu6StZCckMka',$,$,$,(#9272),#9283);
#9285=IFCPROPERTYSINGLEVALUE('CompanyName',$,IFCLABEL('SCENA'),$);
#9286=IFCPROPERTYSINGLEVALUE('StandNumber',$,IFCLABEL(''),$);
#9287=IFCPROPERTYSINGLEVALUE('Zone',$,IFCLABEL('ZONA 4'),$);
#9288=IFCPROPERTYSINGLEVALUE('AreaSqm',$,IFCREAL(11.6),$);
#9289=IFCPROPERTYSINGLEVALUE('Category',$,IFCLABEL('Produse si servicii pentru constructii (general)'),$);
#9290=IFCPROPERTYSINGLEVALUE('CategoryCode',$,IFCLABEL('C99'),$);
#9291=IFCPROPERTYSINGLEVALUE('Indoor',$,IFCBOOLEAN(.T.),$);
#9292=IFCPROPERTYSINGLEVALUE('Event',$,IFCLABEL('NZEB Expo Bucuresti 2026'),$);
#9293=IFCCARTESIANPOINT((0.935593220338983,1.48474576271186));
#9294=IFCAXIS2PLACEMENT2D(#9293,$);
#9295=IFCRECTANGLEPROFILEDEF(.AREA.,$,#9294,1.87118644067797,2.96949152542373);
#9296=IFCCARTESIANPOINT((0.,0.,0.));
#9297=IFCAXIS2PLACEMENT3D(#9296,$,$);
#9298=IFCDIRECTION((0.,0.,1.));
#9299=IFCEXTRUDEDAREASOLID(#9295,#9297,#9298,0.1);
#9300=IFCSTYLEDITEM(#9299,(#86),$);
#9301=IFCCARTESIANPOINT((0.935593220338983,2.92949152542373));
#9302=IFCAXIS2PLACEMENT2D(#9301,$);
#9303=IFCRECTANGLEPROFILEDEF(.AREA.,$,#9302,1.87118644067797,0.08);
#9304=IFCCARTESIANPOINT((0.,0.,0.1));
#9305=IFCAXIS2PLACEMENT3D(#9304,$,$);
#9306=IFCDIRECTION((0.,0.,1.));
#9307=IFCEXTRUDEDAREASOLID(#9303,#9305,#9306,2.5);
#9308=IFCSTYLEDITEM(#9307,(#32),$);
#9309=IFCCARTESIANPOINT((0.04,2.07864406779661));
#9310=IFCAXIS2PLACEMENT2D(#9309,$);
#9311=IFCRECTANGLEPROFILEDEF(.AREA.,$,#9310,0.08,1.78169491525424);
#9312=IFCCARTESIANPOINT((0.,0.,0.1));
#9313=IFCAXIS2PLACEMENT3D(#9312,$,$);
#9314=IFCDIRECTION((0.,0.,1.));
#9315=IFCEXTRUDEDAREASOLID(#9311,#9313,#9314,2.5);
#9316=IFCSTYLEDITEM(#9315,(#32),$);
#9317=IFCCARTESIANPOINT((1.83118644067797,2.07864406779661));
#9318=IFCAXIS2PLACEMENT2D(#9317,$);
#9319=IFCRECTANGLEPROFILEDEF(.AREA.,$,#9318,0.08,1.78169491525424);
#9320=IFCCARTESIANPOINT((0.,0.,0.1));
#9321=IFCAXIS2PLACEMENT3D(#9320,$,$);
#9322=IFCDIRECTION((0.,0.,1.));
#9323=IFCEXTRUDEDAREASOLID(#9319,#9321,#9322,2.5);
#9324=IFCSTYLEDITEM(#9323,(#32),$);
#9325=IFCBUILDINGELEMENTPROXY('1l4SRmHprC0BoiCe$68Obw',$,'CAFEA','Stand expozitional generic - CAFEA',$,#9335,#9330,$,$);
#9329=IFCSHAPEREPRESENTATION(#11,'Body','SweptSolid',(#9299,#9307,#9315,#9323));
#9330=IFCPRODUCTDEFINITIONSHAPE($,$,(#9329));
#9331=IFCCARTESIANPOINT((6.53559322033898,37.0440677966102,0.));
#9332=IFCDIRECTION((0.,0.,1.));
#9333=IFCDIRECTION((1.,0.,0.));
#9334=IFCAXIS2PLACEMENT3D(#9331,#9332,#9333);
#9335=IFCLOCALPLACEMENT(#26,#9334);
#9336=IFCPROPERTYSET('0PX$rwx0j7phGjnW9qKuqR',$,'NZEB_ExhibitorInfo',$,(#9338,#9339,#9340,#9341,#9342,#9343,#9344,#9345));
#9337=IFCRELDEFINESBYPROPERTIES('3ULgf4oXz3OPBo5lrBTpGg',$,$,$,(#9325),#9336);
#9338=IFCPROPERTYSINGLEVALUE('CompanyName',$,IFCLABEL('CAFEA'),$);
#9339=IFCPROPERTYSINGLEVALUE('StandNumber',$,IFCLABEL(''),$);
#9340=IFCPROPERTYSINGLEVALUE('Zone',$,IFCLABEL('ZONA 1'),$);
#9341=IFCPROPERTYSINGLEVALUE('AreaSqm',$,IFCREAL(5.6),$);
#9342=IFCPROPERTYSINGLEVALUE('Category',$,IFCLABEL('Food & beverage / ospitalitate'),$);
#9343=IFCPROPERTYSINGLEVALUE('CategoryCode',$,IFCLABEL('C20'),$);
#9344=IFCPROPERTYSINGLEVALUE('Indoor',$,IFCBOOLEAN(.T.),$);
#9345=IFCPROPERTYSINGLEVALUE('Event',$,IFCLABEL('NZEB Expo Bucuresti 2026'),$);
#9346=IFCCARTESIANPOINT((1.44406779661017,1.00338983050847));
#9347=IFCAXIS2PLACEMENT2D(#9346,$);
#9348=IFCRECTANGLEPROFILEDEF(.AREA.,$,#9347,2.88813559322034,2.00677966101695);
#9349=IFCCARTESIANPOINT((0.,0.,0.));
#9350=IFCAXIS2PLACEMENT3D(#9349,$,$);
#9351=IFCDIRECTION((0.,0.,1.));
#9352=IFCEXTRUDEDAREASOLID(#9348,#9350,#9351,0.1);
#9353=IFCSTYLEDITEM(#9352,(#86),$);
#9354=IFCCARTESIANPOINT((1.44406779661017,1.96677966101695));
#9355=IFCAXIS2PLACEMENT2D(#9354,$);
#9356=IFCRECTANGLEPROFILEDEF(.AREA.,$,#9355,2.88813559322034,0.08);
#9357=IFCCARTESIANPOINT((0.,0.,0.1));
#9358=IFCAXIS2PLACEMENT3D(#9357,$,$);
#9359=IFCDIRECTION((0.,0.,1.));
#9360=IFCEXTRUDEDAREASOLID(#9356,#9358,#9359,2.5);
#9361=IFCSTYLEDITEM(#9360,(#32),$);
#9362=IFCCARTESIANPOINT((0.04,1.40474576271186));
#9363=IFCAXIS2PLACEMENT2D(#9362,$);
#9364=IFCRECTANGLEPROFILEDEF(.AREA.,$,#9363,0.08,1.20406779661017);
#9365=IFCCARTESIANPOINT((0.,0.,0.1));
#9366=IFCAXIS2PLACEMENT3D(#9365,$,$);
#9367=IFCDIRECTION((0.,0.,1.));
#9368=IFCEXTRUDEDAREASOLID(#9364,#9366,#9367,2.5);
#9369=IFCSTYLEDITEM(#9368,(#32),$);
#9370=IFCCARTESIANPOINT((2.84813559322034,1.40474576271186));
#9371=IFCAXIS2PLACEMENT2D(#9370,$);
#9372=IFCRECTANGLEPROFILEDEF(.AREA.,$,#9371,0.08,1.20406779661017);
#9373=IFCCARTESIANPOINT((0.,0.,0.1));
#9374=IFCAXIS2PLACEMENT3D(#9373,$,$);
#9375=IFCDIRECTION((0.,0.,1.));
#9376=IFCEXTRUDEDAREASOLID(#9372,#9374,#9375,2.5);
#9377=IFCSTYLEDITEM(#9376,(#32),$);
#9378=IFCBUILDINGELEMENTPROXY('0ux2UK$wLAwAW6bVIREXqb',$,'CERTSIGN','Stand expozitional generic - CERTSIGN',$,#9388,#9383,$,$);
#9382=IFCSHAPEREPRESENTATION(#11,'Body','SweptSolid',(#9352,#9360,#9368,#9376));
#9383=IFCPRODUCTDEFINITIONSHAPE($,$,(#9382));
#9384=IFCCARTESIANPOINT((12.2169491525424,59.9864406779661,0.));
#9385=IFCDIRECTION((0.,0.,1.));
#9386=IFCDIRECTION((1.,0.,0.));
#9387=IFCAXIS2PLACEMENT3D(#9384,#9385,#9386);
#9388=IFCLOCALPLACEMENT(#26,#9387);
#9389=IFCPROPERTYSET('3tmNXMgTz0vw7YN2QOicqy',$,'NZEB_ExhibitorInfo',$,(#9391,#9392,#9393,#9394,#9395,#9396,#9397,#9398,#9399));
#9390=IFCRELDEFINESBYPROPERTIES('0kvhqrwNX9YgNHGI_p_qN9',$,$,$,(#9378),#9389);
#9391=IFCPROPERTYSINGLEVALUE('CompanyName',$,IFCLABEL('CERTSIGN'),$);
#9392=IFCPROPERTYSINGLEVALUE('StandNumber',$,IFCLABEL(''),$);
#9393=IFCPROPERTYSINGLEVALUE('Zone',$,IFCLABEL('ZONA 1'),$);
#9394=IFCPROPERTYSINGLEVALUE('AreaSqm',$,IFCREAL(5.8),$);
#9395=IFCPROPERTYSINGLEVALUE('Category',$,IFCLABEL('Software, BIM si servicii digitale'),$);
#9396=IFCPROPERTYSINGLEVALUE('CategoryCode',$,IFCLABEL('C10'),$);
#9397=IFCPROPERTYSINGLEVALUE('Indoor',$,IFCBOOLEAN(.T.),$);
#9398=IFCPROPERTYSINGLEVALUE('Event',$,IFCLABEL('NZEB Expo Bucuresti 2026'),$);
#9399=IFCPROPERTYSINGLEVALUE('Website',$,IFCLABEL('https://www.certsign.ro'),$);
#9400=IFCCARTESIANPOINT((2.61016949152542,4.07457627118644));
#9401=IFCAXIS2PLACEMENT2D(#9400,$);
#9402=IFCRECTANGLEPROFILEDEF(.AREA.,$,#9401,5.22033898305085,8.14915254237288);
#9403=IFCCARTESIANPOINT((0.,0.,0.));
#9404=IFCAXIS2PLACEMENT3D(#9403,$,$);
#9405=IFCDIRECTION((0.,0.,1.));
#9406=IFCEXTRUDEDAREASOLID(#9402,#9404,#9405,0.1);
#9407=IFCSTYLEDITEM(#9406,(#89),$);
#9408=IFCCARTESIANPOINT((2.61016949152542,8.10915254237288));
#9409=IFCAXIS2PLACEMENT2D(#9408,$);
#9410=IFCRECTANGLEPROFILEDEF(.AREA.,$,#9409,5.22033898305085,0.08);
#9411=IFCCARTESIANPOINT((0.,0.,0.1));
#9412=IFCAXIS2PLACEMENT3D(#9411,$,$);
#9413=IFCDIRECTION((0.,0.,1.));
#9414=IFCEXTRUDEDAREASOLID(#9410,#9412,#9413,2.5);
#9415=IFCSTYLEDITEM(#9414,(#32),$);
#9416=IFCCARTESIANPOINT((0.04,6.14915254237288));
#9417=IFCAXIS2PLACEMENT2D(#9416,$);
#9418=IFCRECTANGLEPROFILEDEF(.AREA.,$,#9417,0.08,4.);
#9419=IFCCARTESIANPOINT((0.,0.,0.1));
#9420=IFCAXIS2PLACEMENT3D(#9419,$,$);
#9421=IFCDIRECTION((0.,0.,1.));
#9422=IFCEXTRUDEDAREASOLID(#9418,#9420,#9421,2.5);
#9423=IFCSTYLEDITEM(#9422,(#32),$);
#9424=IFCCARTESIANPOINT((5.18033898305085,6.14915254237288));
#9425=IFCAXIS2PLACEMENT2D(#9424,$);
#9426=IFCRECTANGLEPROFILEDEF(.AREA.,$,#9425,0.08,4.);
#9427=IFCCARTESIANPOINT((0.,0.,0.1));
#9428=IFCAXIS2PLACEMENT3D(#9427,$,$);
#9429=IFCDIRECTION((0.,0.,1.));
#9430=IFCEXTRUDEDAREASOLID(#9426,#9428,#9429,2.5);
#9431=IFCSTYLEDITEM(#9430,(#32),$);
#9432=IFCBUILDINGELEMENTPROXY('2hFwAmMrD3ywDGYM9W81Tq',$,'KRAFT CAMPUS Alternative FAssaden','Stand expozitional generic - KRAFT CAMPUS Alternative FAssaden',$,#9442,#9437,$,$);
#9436=IFCSHAPEREPRESENTATION(#11,'Body','SweptSolid',(#9406,#9414,#9422,#9430));
#9437=IFCPRODUCTDEFINITIONSHAPE($,$,(#9436));
#9438=IFCCARTESIANPOINT((69.4779661016949,67.5389830508475,0.));
#9439=IFCDIRECTION((0.,0.,1.));
#9440=IFCDIRECTION((1.,0.,0.));
#9441=IFCAXIS2PLACEMENT3D(#9438,#9439,#9440);
#9442=IFCLOCALPLACEMENT(#26,#9441);
#9443=IFCPROPERTYSET('3Zlu0i$Hr3qBgKNeQFHmLE',$,'NZEB_ExhibitorInfo',$,(#9445,#9446,#9447,#9448,#9449,#9450,#9451,#9452));
#9444=IFCRELDEFINESBYPROPERTIES('0WCv9Z5gfCsAezr5dHGBtu',$,$,$,(#9432),#9443);
#9445=IFCPROPERTYSINGLEVALUE('CompanyName',$,IFCLABEL('KRAFT CAMPUS Alternative FAssaden'),$);
#9446=IFCPROPERTYSINGLEVALUE('StandNumber',$,IFCLABEL(''),$);
#9447=IFCPROPERTYSINGLEVALUE('Zone',$,IFCLABEL('ZONA 2'),$);
#9448=IFCPROPERTYSINGLEVALUE('AreaSqm',$,IFCREAL(42.5),$);
#9449=IFCPROPERTYSINGLEVALUE('Category',$,IFCLABEL('Educatie, asociatii si ONG'),$);
#9450=IFCPROPERTYSINGLEVALUE('CategoryCode',$,IFCLABEL('C13'),$);
#9451=IFCPROPERTYSINGLEVALUE('Indoor',$,IFCBOOLEAN(.T.),$);
#9452=IFCPROPERTYSINGLEVALUE('Event',$,IFCLABEL('NZEB Expo Bucuresti 2026'),$);
#9453=IFCCARTESIANPOINT((2.61016949152542,2.06101694915254));
#9454=IFCAXIS2PLACEMENT2D(#9453,$);
#9455=IFCRECTANGLEPROFILEDEF(.AREA.,$,#9454,5.22033898305085,4.12203389830508);
#9456=IFCCARTESIANPOINT((0.,0.,0.));
#9457=IFCAXIS2PLACEMENT3D(#9456,$,$);
#9458=IFCDIRECTION((0.,0.,1.));
#9459=IFCEXTRUDEDAREASOLID(#9455,#9457,#9458,0.1);
#9460=IFCSTYLEDITEM(#9459,(#86),$);
#9461=IFCCARTESIANPOINT((2.61016949152542,4.08203389830508));
#9462=IFCAXIS2PLACEMENT2D(#9461,$);
#9463=IFCRECTANGLEPROFILEDEF(.AREA.,$,#9462,5.22033898305085,0.08);
#9464=IFCCARTESIANPOINT((0.,0.,0.1));
#9465=IFCAXIS2PLACEMENT3D(#9464,$,$);
#9466=IFCDIRECTION((0.,0.,1.));
#9467=IFCEXTRUDEDAREASOLID(#9463,#9465,#9466,2.5);
#9468=IFCSTYLEDITEM(#9467,(#32),$);
#9469=IFCCARTESIANPOINT((0.04,2.88542372881356));
#9470=IFCAXIS2PLACEMENT2D(#9469,$);
#9471=IFCRECTANGLEPROFILEDEF(.AREA.,$,#9470,0.08,2.47322033898305);
#9472=IFCCARTESIANPOINT((0.,0.,0.1));
#9473=IFCAXIS2PLACEMENT3D(#9472,$,$);
#9474=IFCDIRECTION((0.,0.,1.));
#9475=IFCEXTRUDEDAREASOLID(#9471,#9473,#9474,2.5);
#9476=IFCSTYLEDITEM(#9475,(#32),$);
#9477=IFCCARTESIANPOINT((5.18033898305085,2.88542372881356));
#9478=IFCAXIS2PLACEMENT2D(#9477,$);
#9479=IFCRECTANGLEPROFILEDEF(.AREA.,$,#9478,0.08,2.47322033898305);
#9480=IFCCARTESIANPOINT((0.,0.,0.1));
#9481=IFCAXIS2PLACEMENT3D(#9480,$,$);
#9482=IFCDIRECTION((0.,0.,1.));
#9483=IFCEXTRUDEDAREASOLID(#9479,#9481,#9482,2.5);
#9484=IFCSTYLEDITEM(#9483,(#32),$);
#9485=IFCBUILDINGELEMENTPROXY('19$3F6sCP59PZCjVZvbgWE',$,'KRAFT CAMPUS','Stand expozitional generic - KRAFT CAMPUS',$,#9495,#9490,$,$);
#9489=IFCSHAPEREPRESENTATION(#11,'Body','SweptSolid',(#9459,#9467,#9475,#9483));
#9490=IFCPRODUCTDEFINITIONSHAPE($,$,(#9489));
#9491=IFCCARTESIANPOINT((64.2305084745763,67.5525423728814,0.));
#9492=IFCDIRECTION((0.,0.,1.));
#9493=IFCDIRECTION((1.,0.,0.));
#9494=IFCAXIS2PLACEMENT3D(#9491,#9492,#9493);
#9495=IFCLOCALPLACEMENT(#26,#9494);
#9496=IFCPROPERTYSET('228bxbFZL9u9HC7Yg5G0qa',$,'NZEB_ExhibitorInfo',$,(#9498,#9499,#9500,#9501,#9502,#9503,#9504,#9505));
#9497=IFCRELDEFINESBYPROPERTIES('2VbbXr5krAg8fdJXh0TjyS',$,$,$,(#9485),#9496);
#9498=IFCPROPERTYSINGLEVALUE('CompanyName',$,IFCLABEL('KRAFT CAMPUS'),$);
#9499=IFCPROPERTYSINGLEVALUE('StandNumber',$,IFCLABEL(''),$);
#9500=IFCPROPERTYSINGLEVALUE('Zone',$,IFCLABEL('ZONA 1'),$);
#9501=IFCPROPERTYSINGLEVALUE('AreaSqm',$,IFCREAL(21.5),$);
#9502=IFCPROPERTYSINGLEVALUE('Category',$,IFCLABEL('Educatie, asociatii si ONG'),$);
#9503=IFCPROPERTYSINGLEVALUE('CategoryCode',$,IFCLABEL('C13'),$);
#9504=IFCPROPERTYSINGLEVALUE('Indoor',$,IFCBOOLEAN(.T.),$);
#9505=IFCPROPERTYSINGLEVALUE('Event',$,IFCLABEL('NZEB Expo Bucuresti 2026'),$);
#9506=IFCCARTESIANPOINT((4.34576271186441,2.11525423728814));
#9507=IFCAXIS2PLACEMENT2D(#9506,$);
#9508=IFCRECTANGLEPROFILEDEF(.AREA.,$,#9507,8.69152542372881,4.23050847457627);
#9509=IFCCARTESIANPOINT((0.,0.,0.));
#9510=IFCAXIS2PLACEMENT3D(#9509,$,$);
#9511=IFCDIRECTION((0.,0.,1.));
#9512=IFCEXTRUDEDAREASOLID(#9508,#9510,#9511,0.1);
#9513=IFCSTYLEDITEM(#9512,(#89),$);
#9514=IFCCARTESIANPOINT((4.34576271186441,4.19050847457627));
#9515=IFCAXIS2PLACEMENT2D(#9514,$);
#9516=IFCRECTANGLEPROFILEDEF(.AREA.,$,#9515,8.69152542372881,0.08);
#9517=IFCCARTESIANPOINT((0.,0.,0.1));
#9518=IFCAXIS2PLACEMENT3D(#9517,$,$);
#9519=IFCDIRECTION((0.,0.,1.));
#9520=IFCEXTRUDEDAREASOLID(#9516,#9518,#9519,2.5);
#9521=IFCSTYLEDITEM(#9520,(#32),$);
#9522=IFCCARTESIANPOINT((0.04,2.96135593220339));
#9523=IFCAXIS2PLACEMENT2D(#9522,$);
#9524=IFCRECTANGLEPROFILEDEF(.AREA.,$,#9523,0.08,2.53830508474576);
#9525=IFCCARTESIANPOINT((0.,0.,0.1));
#9526=IFCAXIS2PLACEMENT3D(#9525,$,$);
#9527=IFCDIRECTION((0.,0.,1.));
#9528=IFCEXTRUDEDAREASOLID(#9524,#9526,#9527,2.5);
#9529=IFCSTYLEDITEM(#9528,(#32),$);
#9530=IFCCARTESIANPOINT((8.65152542372881,2.96135593220339));
#9531=IFCAXIS2PLACEMENT2D(#9530,$);
#9532=IFCRECTANGLEPROFILEDEF(.AREA.,$,#9531,0.08,2.53830508474576);
#9533=IFCCARTESIANPOINT((0.,0.,0.1));
#9534=IFCAXIS2PLACEMENT3D(#9533,$,$);
#9535=IFCDIRECTION((0.,0.,1.));
#9536=IFCEXTRUDEDAREASOLID(#9532,#9534,#9535,2.5);
#9537=IFCSTYLEDITEM(#9536,(#32),$);
#9538=IFCBUILDINGELEMENTPROXY('2ZGQv4RRfAigU5cojBqpO4',$,'F21 - KRAFT CAMPUS +HEATLUX','Stand expozitional generic - KRAFT CAMPUS +HEATLUX',$,#9548,#9543,$,$);
#9542=IFCSHAPEREPRESENTATION(#11,'Body','SweptSolid',(#9512,#9520,#9528,#9536));
#9543=IFCPRODUCTDEFINITIONSHAPE($,$,(#9542));
#9544=IFCCARTESIANPOINT((95.6610169491525,71.5525423728814,0.));
#9545=IFCDIRECTION((0.,0.,1.));
#9546=IFCDIRECTION((1.,0.,0.));
#9547=IFCAXIS2PLACEMENT3D(#9544,#9545,#9546);
#9548=IFCLOCALPLACEMENT(#26,#9547);
#9549=IFCPROPERTYSET('1Sc9_EfoX8svQlcvadiahn',$,'NZEB_ExhibitorInfo',$,(#9551,#9552,#9553,#9554,#9555,#9556,#9557,#9558));
#9550=IFCRELDEFINESBYPROPERTIES('2TEMN2uMjEsfdMrPRdyeD0',$,$,$,(#9538),#9549);
#9551=IFCPROPERTYSINGLEVALUE('CompanyName',$,IFCLABEL('KRAFT CAMPUS +HEATLUX'),$);
#9552=IFCPROPERTYSINGLEVALUE('StandNumber',$,IFCLABEL('F21'),$);
#9553=IFCPROPERTYSINGLEVALUE('Zone',$,IFCLABEL('ZONA 2'),$);
#9554=IFCPROPERTYSINGLEVALUE('AreaSqm',$,IFCREAL(36.8),$);
#9555=IFCPROPERTYSINGLEVALUE('Category',$,IFCLABEL('Educatie, asociatii si ONG'),$);
#9556=IFCPROPERTYSINGLEVALUE('CategoryCode',$,IFCLABEL('C13'),$);
#9557=IFCPROPERTYSINGLEVALUE('Indoor',$,IFCBOOLEAN(.T.),$);
#9558=IFCPROPERTYSINGLEVALUE('Event',$,IFCLABEL('NZEB Expo Bucuresti 2026'),$);
#9559=IFCCARTESIANPOINT((2.43389830508475,2.00677966101695));
#9560=IFCAXIS2PLACEMENT2D(#9559,$);
#9561=IFCRECTANGLEPROFILEDEF(.AREA.,$,#9560,4.86779661016949,4.0135593220339);
#9562=IFCCARTESIANPOINT((0.,0.,0.));
#9563=IFCAXIS2PLACEMENT3D(#9562,$,$);
#9564=IFCDIRECTION((0.,0.,1.));
#9565=IFCEXTRUDEDAREASOLID(#9561,#9563,#9564,0.1);
#9566=IFCSTYLEDITEM(#9565,(#89),$);
#9567=IFCCARTESIANPOINT((2.43389830508475,3.9735593220339));
#9568=IFCAXIS2PLACEMENT2D(#9567,$);
#9569=IFCRECTANGLEPROFILEDEF(.AREA.,$,#9568,4.86779661016949,0.08);
#9570=IFCCARTESIANPOINT((0.,0.,0.1));
#9571=IFCAXIS2PLACEMENT3D(#9570,$,$);
#9572=IFCDIRECTION((0.,0.,1.));
#9573=IFCEXTRUDEDAREASOLID(#9569,#9571,#9572,2.5);
#9574=IFCSTYLEDITEM(#9573,(#32),$);
#9575=IFCCARTESIANPOINT((0.04,2.80949152542373));
#9576=IFCAXIS2PLACEMENT2D(#9575,$);
#9577=IFCRECTANGLEPROFILEDEF(.AREA.,$,#9576,0.08,2.40813559322034);
#9578=IFCCARTESIANPOINT((0.,0.,0.1));
#9579=IFCAXIS2PLACEMENT3D(#9578,$,$);
#9580=IFCDIRECTION((0.,0.,1.));
#9581=IFCEXTRUDEDAREASOLID(#9577,#9579,#9580,2.5);
#9582=IFCSTYLEDITEM(#9581,(#32),$);
#9583=IFCCARTESIANPOINT((4.82779661016949,2.80949152542373));
#9584=IFCAXIS2PLACEMENT2D(#9583,$);
#9585=IFCRECTANGLEPROFILEDEF(.AREA.,$,#9584,0.08,2.40813559322034);
#9586=IFCCARTESIANPOINT((0.,0.,0.1));
#9587=IFCAXIS2PLACEMENT3D(#9586,$,$);
#9588=IFCDIRECTION((0.,0.,1.));
#9589=IFCEXTRUDEDAREASOLID(#9585,#9587,#9588,2.5);
#9590=IFCSTYLEDITEM(#9589,(#32),$);
#9591=IFCBUILDINGELEMENTPROXY('00E7rRD0jCDgPKejBNhzW7',$,'F22 - KRAFT CAMPUS Calificat.ro','Stand expozitional generic - KRAFT CAMPUS Calificat.ro',$,#9601,#9596,$,$);
#9595=IFCSHAPEREPRESENTATION(#11,'Body','SweptSolid',(#9565,#9573,#9581,#9589));
#9596=IFCPRODUCTDEFINITIONSHAPE($,$,(#9595));
#9597=IFCCARTESIANPOINT((104.352542372881,71.7830508474576,0.));
#9598=IFCDIRECTION((0.,0.,1.));
#9599=IFCDIRECTION((1.,0.,0.));
#9600=IFCAXIS2PLACEMENT3D(#9597,#9598,#9599);
#9601=IFCLOCALPLACEMENT(#26,#9600);
#9602=IFCPROPERTYSET('0MGx0n37j4qPyvPxtvF23q',$,'NZEB_ExhibitorInfo',$,(#9604,#9605,#9606,#9607,#9608,#9609,#9610,#9611));
#9603=IFCRELDEFINESBYPROPERTIES('2Xo4nnib5AIu3lW_QTn7GS',$,$,$,(#9591),#9602);
#9604=IFCPROPERTYSINGLEVALUE('CompanyName',$,IFCLABEL('KRAFT CAMPUS Calificat.ro'),$);
#9605=IFCPROPERTYSINGLEVALUE('StandNumber',$,IFCLABEL('F22'),$);
#9606=IFCPROPERTYSINGLEVALUE('Zone',$,IFCLABEL('ZONA 2'),$);
#9607=IFCPROPERTYSINGLEVALUE('AreaSqm',$,IFCREAL(19.5),$);
#9608=IFCPROPERTYSINGLEVALUE('Category',$,IFCLABEL('Educatie, asociatii si ONG'),$);
#9609=IFCPROPERTYSINGLEVALUE('CategoryCode',$,IFCLABEL('C13'),$);
#9610=IFCPROPERTYSINGLEVALUE('Indoor',$,IFCBOOLEAN(.T.),$);
#9611=IFCPROPERTYSINGLEVALUE('Event',$,IFCLABEL('NZEB Expo Bucuresti 2026'),$);
#9612=IFCCARTESIANPOINT((4.34576271186441,2.11525423728814));
#9613=IFCAXIS2PLACEMENT2D(#9612,$);
#9614=IFCRECTANGLEPROFILEDEF(.AREA.,$,#9613,8.69152542372881,4.23050847457627);
#9615=IFCCARTESIANPOINT((0.,0.,0.));
#9616=IFCAXIS2PLACEMENT3D(#9615,$,$);
#9617=IFCDIRECTION((0.,0.,1.));
#9618=IFCEXTRUDEDAREASOLID(#9614,#9616,#9617,0.1);
#9619=IFCSTYLEDITEM(#9618,(#89),$);
#9620=IFCCARTESIANPOINT((4.34576271186441,4.19050847457627));
#9621=IFCAXIS2PLACEMENT2D(#9620,$);
#9622=IFCRECTANGLEPROFILEDEF(.AREA.,$,#9621,8.69152542372881,0.08);
#9623=IFCCARTESIANPOINT((0.,0.,0.1));
#9624=IFCAXIS2PLACEMENT3D(#9623,$,$);
#9625=IFCDIRECTION((0.,0.,1.));
#9626=IFCEXTRUDEDAREASOLID(#9622,#9624,#9625,2.5);
#9627=IFCSTYLEDITEM(#9626,(#32),$);
#9628=IFCCARTESIANPOINT((0.04,2.96135593220339));
#9629=IFCAXIS2PLACEMENT2D(#9628,$);
#9630=IFCRECTANGLEPROFILEDEF(.AREA.,$,#9629,0.08,2.53830508474576);
#9631=IFCCARTESIANPOINT((0.,0.,0.1));
#9632=IFCAXIS2PLACEMENT3D(#9631,$,$);
#9633=IFCDIRECTION((0.,0.,1.));
#9634=IFCEXTRUDEDAREASOLID(#9630,#9632,#9633,2.5);
#9635=IFCSTYLEDITEM(#9634,(#32),$);
#9636=IFCCARTESIANPOINT((8.65152542372881,2.96135593220339));
#9637=IFCAXIS2PLACEMENT2D(#9636,$);
#9638=IFCRECTANGLEPROFILEDEF(.AREA.,$,#9637,0.08,2.53830508474576);
#9639=IFCCARTESIANPOINT((0.,0.,0.1));
#9640=IFCAXIS2PLACEMENT3D(#9639,$,$);
#9641=IFCDIRECTION((0.,0.,1.));
#9642=IFCEXTRUDEDAREASOLID(#9638,#9640,#9641,2.5);
#9643=IFCSTYLEDITEM(#9642,(#32),$);
#9644=IFCBUILDINGELEMENTPROXY('0K_nkTEc59ZOFCtNL4uVQZ',$,'F20 - KRAFT CAMPUS +METIGLA','Stand expozitional generic - KRAFT CAMPUS +METIGLA',$,#9654,#9649,$,$);
#9648=IFCSHAPEREPRESENTATION(#11,'Body','SweptSolid',(#9618,#9626,#9634,#9642));
#9649=IFCPRODUCTDEFINITIONSHAPE($,$,(#9648));
#9650=IFCCARTESIANPOINT((95.6610169491525,67.5525423728814,0.));
#9651=IFCDIRECTION((0.,0.,1.));
#9652=IFCDIRECTION((1.,0.,0.));
#9653=IFCAXIS2PLACEMENT3D(#9650,#9651,#9652);
#9654=IFCLOCALPLACEMENT(#26,#9653);
#9655=IFCPROPERTYSET('3Kov1vVOD83xCesIHiOgX7',$,'NZEB_ExhibitorInfo',$,(#9657,#9658,#9659,#9660,#9661,#9662,#9663,#9664,#9665));
#9656=IFCRELDEFINESBYPROPERTIES('0igAcoOBb3qQsAptb9iiAA',$,$,$,(#9644),#9655);
#9657=IFCPROPERTYSINGLEVALUE('CompanyName',$,IFCLABEL('KRAFT CAMPUS +METIGLA'),$);
#9658=IFCPROPERTYSINGLEVALUE('StandNumber',$,IFCLABEL('F20'),$);
#9659=IFCPROPERTYSINGLEVALUE('Zone',$,IFCLABEL('ZONA 2'),$);
#9660=IFCPROPERTYSINGLEVALUE('AreaSqm',$,IFCREAL(36.8),$);
#9661=IFCPROPERTYSINGLEVALUE('Category',$,IFCLABEL('Acoperisuri si hidroizolatii'),$);
#9662=IFCPROPERTYSINGLEVALUE('CategoryCode',$,IFCLABEL('C04'),$);
#9663=IFCPROPERTYSINGLEVALUE('Indoor',$,IFCBOOLEAN(.T.),$);
#9664=IFCPROPERTYSINGLEVALUE('Event',$,IFCLABEL('NZEB Expo Bucuresti 2026'),$);
#9665=IFCPROPERTYSINGLEVALUE('Website',$,IFCLABEL('https://www.metigla.ro'),$);
#9666=IFCCARTESIANPOINT((1.47118644067797,1.72203389830508));
#9667=IFCAXIS2PLACEMENT2D(#9666,$);
#9668=IFCRECTANGLEPROFILEDEF(.AREA.,$,#9667,2.94237288135593,3.44406779661017);
#9669=IFCCARTESIANPOINT((0.,0.,0.));
#9670=IFCAXIS2PLACEMENT3D(#9669,$,$);
#9671=IFCDIRECTION((0.,0.,1.));
#9672=IFCEXTRUDEDAREASOLID(#9668,#9670,#9671,0.1);
#9673=IFCSTYLEDITEM(#9672,(#86),$);
#9674=IFCCARTESIANPOINT((1.47118644067797,3.40406779661017));
#9675=IFCAXIS2PLACEMENT2D(#9674,$);
#9676=IFCRECTANGLEPROFILEDEF(.AREA.,$,#9675,2.94237288135593,0.08);
#9677=IFCCARTESIANPOINT((0.,0.,0.1));
#9678=IFCAXIS2PLACEMENT3D(#9677,$,$);
#9679=IFCDIRECTION((0.,0.,1.));
#9680=IFCEXTRUDEDAREASOLID(#9676,#9678,#9679,2.5);
#9681=IFCSTYLEDITEM(#9680,(#32),$);
#9682=IFCCARTESIANPOINT((0.04,2.41084745762712));
#9683=IFCAXIS2PLACEMENT2D(#9682,$);
#9684=IFCRECTANGLEPROFILEDEF(.AREA.,$,#9683,0.08,2.0664406779661);
#9685=IFCCARTESIANPOINT((0.,0.,0.1));
#9686=IFCAXIS2PLACEMENT3D(#9685,$,$);
#9687=IFCDIRECTION((0.,0.,1.));
#9688=IFCEXTRUDEDAREASOLID(#9684,#9686,#9687,2.5);
#9689=IFCSTYLEDITEM(#9688,(#32),$);
#9690=IFCCARTESIANPOINT((2.90237288135593,2.41084745762712));
#9691=IFCAXIS2PLACEMENT2D(#9690,$);
#9692=IFCRECTANGLEPROFILEDEF(.AREA.,$,#9691,0.08,2.0664406779661);
#9693=IFCCARTESIANPOINT((0.,0.,0.1));
#9694=IFCAXIS2PLACEMENT3D(#9693,$,$);
#9695=IFCDIRECTION((0.,0.,1.));
#9696=IFCEXTRUDEDAREASOLID(#9692,#9694,#9695,2.5);
#9697=IFCSTYLEDITEM(#9696,(#32),$);
#9698=IFCBUILDINGELEMENTPROXY('1MHAtfkzH1bg0IztNKqd0L',$,'ONE','Stand expozitional generic - ONE',$,#9708,#9703,$,$);
#9702=IFCSHAPEREPRESENTATION(#11,'Body','SweptSolid',(#9672,#9680,#9688,#9696));
#9703=IFCPRODUCTDEFINITIONSHAPE($,$,(#9702));
#9704=IFCCARTESIANPOINT((34.535593220339,46.0203389830509,0.));
#9705=IFCDIRECTION((0.,0.,1.));
#9706=IFCDIRECTION((1.,0.,0.));
#9707=IFCAXIS2PLACEMENT3D(#9704,#9705,#9706);
#9708=IFCLOCALPLACEMENT(#26,#9707);
#9709=IFCPROPERTYSET('1S0RLhywP0n9DeOH25bBnm',$,'NZEB_ExhibitorInfo',$,(#9711,#9712,#9713,#9714,#9715,#9716,#9717,#9718));
#9710=IFCRELDEFINESBYPROPERTIES('2HPMUD$bXAZBVUud8orKIB',$,$,$,(#9698),#9709);
#9711=IFCPROPERTYSINGLEVALUE('CompanyName',$,IFCLABEL('ONE'),$);
#9712=IFCPROPERTYSINGLEVALUE('StandNumber',$,IFCLABEL(''),$);
#9713=IFCPROPERTYSINGLEVALUE('Zone',$,IFCLABEL('ZONA 1'),$);
#9714=IFCPROPERTYSINGLEVALUE('AreaSqm',$,IFCREAL(10.1),$);
#9715=IFCPROPERTYSINGLEVALUE('Category',$,IFCLABEL('Produse si servicii pentru constructii (general)'),$);
#9716=IFCPROPERTYSINGLEVALUE('CategoryCode',$,IFCLABEL('C99'),$);
#9717=IFCPROPERTYSINGLEVALUE('Indoor',$,IFCBOOLEAN(.T.),$);
#9718=IFCPROPERTYSINGLEVALUE('Event',$,IFCLABEL('NZEB Expo Bucuresti 2026'),$);
#9719=IFCCARTESIANPOINT((1.47118644067797,1.83728813559322));
#9720=IFCAXIS2PLACEMENT2D(#9719,$);
#9721=IFCRECTANGLEPROFILEDEF(.AREA.,$,#9720,2.94237288135593,3.67457627118644);
#9722=IFCCARTESIANPOINT((0.,0.,0.));
#9723=IFCAXIS2PLACEMENT3D(#9722,$,$);
#9724=IFCDIRECTION((0.,0.,1.));
#9725=IFCEXTRUDEDAREASOLID(#9721,#9723,#9724,0.1);
#9726=IFCSTYLEDITEM(#9725,(#86),$);
#9727=IFCCARTESIANPOINT((1.47118644067797,3.63457627118644));
#9728=IFCAXIS2PLACEMENT2D(#9727,$);
#9729=IFCRECTANGLEPROFILEDEF(.AREA.,$,#9728,2.94237288135593,0.08);
#9730=IFCCARTESIANPOINT((0.,0.,0.1));
#9731=IFCAXIS2PLACEMENT3D(#9730,$,$);
#9732=IFCDIRECTION((0.,0.,1.));
#9733=IFCEXTRUDEDAREASOLID(#9729,#9731,#9732,2.5);
#9734=IFCSTYLEDITEM(#9733,(#32),$);
#9735=IFCCARTESIANPOINT((0.04,2.57220338983051));
#9736=IFCAXIS2PLACEMENT2D(#9735,$);
#9737=IFCRECTANGLEPROFILEDEF(.AREA.,$,#9736,0.08,2.20474576271186);
#9738=IFCCARTESIANPOINT((0.,0.,0.1));
#9739=IFCAXIS2PLACEMENT3D(#9738,$,$);
#9740=IFCDIRECTION((0.,0.,1.));
#9741=IFCEXTRUDEDAREASOLID(#9737,#9739,#9740,2.5);
#9742=IFCSTYLEDITEM(#9741,(#32),$);
#9743=IFCCARTESIANPOINT((2.90237288135593,2.57220338983051));
#9744=IFCAXIS2PLACEMENT2D(#9743,$);
#9745=IFCRECTANGLEPROFILEDEF(.AREA.,$,#9744,0.08,2.20474576271186);
#9746=IFCCARTESIANPOINT((0.,0.,0.1));
#9747=IFCAXIS2PLACEMENT3D(#9746,$,$);
#9748=IFCDIRECTION((0.,0.,1.));
#9749=IFCEXTRUDEDAREASOLID(#9745,#9747,#9748,2.5);
#9750=IFCSTYLEDITEM(#9749,(#32),$);
#9751=IFCBUILDINGELEMENTPROXY('3JBTZYmxf0yPqm3wI6cm$i',$,'Habitat for humanity','Stand expozitional generic - Habitat for humanity',$,#9761,#9756,$,$);
#9755=IFCSHAPEREPRESENTATION(#11,'Body','SweptSolid',(#9725,#9733,#9741,#9749));
#9756=IFCPRODUCTDEFINITIONSHAPE($,$,(#9755));
#9757=IFCCARTESIANPOINT((34.535593220339,49.6,0.));
#9758=IFCDIRECTION((0.,0.,1.));
#9759=IFCDIRECTION((1.,0.,0.));
#9760=IFCAXIS2PLACEMENT3D(#9757,#9758,#9759);
#9761=IFCLOCALPLACEMENT(#26,#9760);
#9762=IFCPROPERTYSET('0mne6ARFjAWQusY9PFatQo',$,'NZEB_ExhibitorInfo',$,(#9764,#9765,#9766,#9767,#9768,#9769,#9770,#9771,#9772));
#9763=IFCRELDEFINESBYPROPERTIES('35VlaY2q5AJenqH_AQIPh9',$,$,$,(#9751),#9762);
#9764=IFCPROPERTYSINGLEVALUE('CompanyName',$,IFCLABEL('Habitat for humanity'),$);
#9765=IFCPROPERTYSINGLEVALUE('StandNumber',$,IFCLABEL(''),$);
#9766=IFCPROPERTYSINGLEVALUE('Zone',$,IFCLABEL('ZONA 1'),$);
#9767=IFCPROPERTYSINGLEVALUE('AreaSqm',$,IFCREAL(10.8),$);
#9768=IFCPROPERTYSINGLEVALUE('Category',$,IFCLABEL('Educatie, asociatii si ONG'),$);
#9769=IFCPROPERTYSINGLEVALUE('CategoryCode',$,IFCLABEL('C13'),$);
#9770=IFCPROPERTYSINGLEVALUE('Indoor',$,IFCBOOLEAN(.T.),$);
#9771=IFCPROPERTYSINGLEVALUE('Event',$,IFCLABEL('NZEB Expo Bucuresti 2026'),$);
#9772=IFCPROPERTYSINGLEVALUE('Website',$,IFCLABEL('https://www.habitat.org'),$);
#9773=IFCCARTESIANPOINT((1.51186440677966,1.55254237288136));
#9774=IFCAXIS2PLACEMENT2D(#9773,$);
#9775=IFCRECTANGLEPROFILEDEF(.AREA.,$,#9774,3.02372881355932,3.10508474576271);
#9776=IFCCARTESIANPOINT((0.,0.,0.));
#9777=IFCAXIS2PLACEMENT3D(#9776,$,$);
#9778=IFCDIRECTION((0.,0.,1.));
#9779=IFCEXTRUDEDAREASOLID(#9775,#9777,#9778,0.1);
#9780=IFCSTYLEDITEM(#9779,(#86),$);
#9781=IFCCARTESIANPOINT((1.51186440677966,3.06508474576271));
#9782=IFCAXIS2PLACEMENT2D(#9781,$);
#9783=IFCRECTANGLEPROFILEDEF(.AREA.,$,#9782,3.02372881355932,0.08);
#9784=IFCCARTESIANPOINT((0.,0.,0.1));
#9785=IFCAXIS2PLACEMENT3D(#9784,$,$);
#9786=IFCDIRECTION((0.,0.,1.));
#9787=IFCEXTRUDEDAREASOLID(#9783,#9785,#9786,2.5);
#9788=IFCSTYLEDITEM(#9787,(#32),$);
#9789=IFCCARTESIANPOINT((0.04,2.1735593220339));
#9790=IFCAXIS2PLACEMENT2D(#9789,$);
#9791=IFCRECTANGLEPROFILEDEF(.AREA.,$,#9790,0.08,1.86305084745763);
#9792=IFCCARTESIANPOINT((0.,0.,0.1));
#9793=IFCAXIS2PLACEMENT3D(#9792,$,$);
#9794=IFCDIRECTION((0.,0.,1.));
#9795=IFCEXTRUDEDAREASOLID(#9791,#9793,#9794,2.5);
#9796=IFCSTYLEDITEM(#9795,(#32),$);
#9797=IFCCARTESIANPOINT((2.98372881355932,2.1735593220339));
#9798=IFCAXIS2PLACEMENT2D(#9797,$);
#9799=IFCRECTANGLEPROFILEDEF(.AREA.,$,#9798,0.08,1.86305084745763);
#9800=IFCCARTESIANPOINT((0.,0.,0.1));
#9801=IFCAXIS2PLACEMENT3D(#9800,$,$);
#9802=IFCDIRECTION((0.,0.,1.));
#9803=IFCEXTRUDEDAREASOLID(#9799,#9801,#9802,2.5);
#9804=IFCSTYLEDITEM(#9803,(#32),$);
#9805=IFCBUILDINGELEMENTPROXY('1TiAifUM18DRPA3Re5SV6u',$,'RONGO DESIGN','Stand expozitional generic - RONGO DESIGN',$,#9815,#9810,$,$);
#9809=IFCSHAPEREPRESENTATION(#11,'Body','SweptSolid',(#9779,#9787,#9795,#9803));
#9810=IFCPRODUCTDEFINITIONSHAPE($,$,(#9809));
#9811=IFCCARTESIANPOINT((34.5491525423729,42.8203389830509,0.));
#9812=IFCDIRECTION((0.,0.,1.));
#9813=IFCDIRECTION((1.,0.,0.));
#9814=IFCAXIS2PLACEMENT3D(#9811,#9812,#9813);
#9815=IFCLOCALPLACEMENT(#26,#9814);
#9816=IFCPROPERTYSET('1TJkuALmv8aRy9IGGYcvvV',$,'NZEB_ExhibitorInfo',$,(#9818,#9819,#9820,#9821,#9822,#9823,#9824,#9825));
#9817=IFCRELDEFINESBYPROPERTIES('166sAGyNTD9xfv_i99au0S',$,$,$,(#9805),#9816);
#9818=IFCPROPERTYSINGLEVALUE('CompanyName',$,IFCLABEL('RONGO DESIGN'),$);
#9819=IFCPROPERTYSINGLEVALUE('StandNumber',$,IFCLABEL(''),$);
#9820=IFCPROPERTYSINGLEVALUE('Zone',$,IFCLABEL('ZONA 1'),$);
#9821=IFCPROPERTYSINGLEVALUE('AreaSqm',$,IFCREAL(9.4),$);
#9822=IFCPROPERTYSINGLEVALUE('Category',$,IFCLABEL('Mobilier, design si amenajari interioare'),$);
#9823=IFCPROPERTYSINGLEVALUE('CategoryCode',$,IFCLABEL('C15'),$);
#9824=IFCPROPERTYSINGLEVALUE('Indoor',$,IFCBOOLEAN(.T.),$);
#9825=IFCPROPERTYSINGLEVALUE('Event',$,IFCLABEL('NZEB Expo Bucuresti 2026'),$);
#9826=IFCCARTESIANPOINT((1.49152542372881,1.15932203389831));
#9827=IFCAXIS2PLACEMENT2D(#9826,$);
#9828=IFCRECTANGLEPROFILEDEF(.AREA.,$,#9827,2.98305084745763,2.31864406779661);
#9829=IFCCARTESIANPOINT((0.,0.,0.));
#9830=IFCAXIS2PLACEMENT3D(#9829,$,$);
#9831=IFCDIRECTION((0.,0.,1.));
#9832=IFCEXTRUDEDAREASOLID(#9828,#9830,#9831,0.1);
#9833=IFCSTYLEDITEM(#9832,(#86),$);
#9834=IFCCARTESIANPOINT((1.49152542372881,2.27864406779661));
#9835=IFCAXIS2PLACEMENT2D(#9834,$);
#9836=IFCRECTANGLEPROFILEDEF(.AREA.,$,#9835,2.98305084745763,0.08);
#9837=IFCCARTESIANPOINT((0.,0.,0.1));
#9838=IFCAXIS2PLACEMENT3D(#9837,$,$);
#9839=IFCDIRECTION((0.,0.,1.));
#9840=IFCEXTRUDEDAREASOLID(#9836,#9838,#9839,2.5);
#9841=IFCSTYLEDITEM(#9840,(#32),$);
#9842=IFCCARTESIANPOINT((0.04,1.62305084745763));
#9843=IFCAXIS2PLACEMENT2D(#9842,$);
#9844=IFCRECTANGLEPROFILEDEF(.AREA.,$,#9843,0.08,1.39118644067797);
#9845=IFCCARTESIANPOINT((0.,0.,0.1));
#9846=IFCAXIS2PLACEMENT3D(#9845,$,$);
#9847=IFCDIRECTION((0.,0.,1.));
#9848=IFCEXTRUDEDAREASOLID(#9844,#9846,#9847,2.5);
#9849=IFCSTYLEDITEM(#9848,(#32),$);
#9850=IFCCARTESIANPOINT((2.94305084745763,1.62305084745763));
#9851=IFCAXIS2PLACEMENT2D(#9850,$);
#9852=IFCRECTANGLEPROFILEDEF(.AREA.,$,#9851,0.08,1.39118644067797);
#9853=IFCCARTESIANPOINT((0.,0.,0.1));
#9854=IFCAXIS2PLACEMENT3D(#9853,$,$);
#9855=IFCDIRECTION((0.,0.,1.));
#9856=IFCEXTRUDEDAREASOLID(#9852,#9854,#9855,2.5);
#9857=IFCSTYLEDITEM(#9856,(#32),$);
#9858=IFCBUILDINGELEMENTPROXY('1_LjeajynF_xqg1MpCsq12',$,'FACULTATEA DE ENERGETICA','Stand expozitional generic - FACULTATEA DE ENERGETICA',$,#9868,#9863,$,$);
#9862=IFCSHAPEREPRESENTATION(#11,'Body','SweptSolid',(#9832,#9840,#9848,#9856));
#9863=IFCPRODUCTDEFINITIONSHAPE($,$,(#9862));
#9864=IFCCARTESIANPOINT((34.535593220339,40.4881355932203,0.));
#9865=IFCDIRECTION((0.,0.,1.));
#9866=IFCDIRECTION((1.,0.,0.));
#9867=IFCAXIS2PLACEMENT3D(#9864,#9865,#9866);
#9868=IFCLOCALPLACEMENT(#26,#9867);
#9869=IFCPROPERTYSET('3G4NsgFoHFvuEIx2l8UlsO',$,'NZEB_ExhibitorInfo',$,(#9871,#9872,#9873,#9874,#9875,#9876,#9877,#9878));
#9870=IFCRELDEFINESBYPROPERTIES('2DFZceFq1AruU8P1DRUOwQ',$,$,$,(#9858),#9869);
#9871=IFCPROPERTYSINGLEVALUE('CompanyName',$,IFCLABEL('FACULTATEA DE ENERGETICA'),$);
#9872=IFCPROPERTYSINGLEVALUE('StandNumber',$,IFCLABEL(''),$);
#9873=IFCPROPERTYSINGLEVALUE('Zone',$,IFCLABEL('ZONA 1'),$);
#9874=IFCPROPERTYSINGLEVALUE('AreaSqm',$,IFCREAL(6.9),$);
#9875=IFCPROPERTYSINGLEVALUE('Category',$,IFCLABEL('Educatie, asociatii si ONG'),$);
#9876=IFCPROPERTYSINGLEVALUE('CategoryCode',$,IFCLABEL('C13'),$);
#9877=IFCPROPERTYSINGLEVALUE('Indoor',$,IFCBOOLEAN(.T.),$);
#9878=IFCPROPERTYSINGLEVALUE('Event',$,IFCLABEL('NZEB Expo Bucuresti 2026'),$);
#9879=IFCCARTESIANPOINT((4.49491525423729,4.04745762711864));
#9880=IFCAXIS2PLACEMENT2D(#9879,$);
#9881=IFCRECTANGLEPROFILEDEF(.AREA.,$,#9880,8.98983050847458,8.09491525423729);
#9882=IFCCARTESIANPOINT((0.,0.,0.));
#9883=IFCAXIS2PLACEMENT3D(#9882,$,$);
#9884=IFCDIRECTION((0.,0.,1.));
#9885=IFCEXTRUDEDAREASOLID(#9881,#9883,#9884,0.1);
#9886=IFCSTYLEDITEM(#9885,(#95),$);
#9887=IFCCARTESIANPOINT((4.49491525423729,8.05491525423729));
#9888=IFCAXIS2PLACEMENT2D(#9887,$);
#9889=IFCRECTANGLEPROFILEDEF(.AREA.,$,#9888,8.98983050847458,0.08);
#9890=IFCCARTESIANPOINT((0.,0.,0.1));
#9891=IFCAXIS2PLACEMENT3D(#9890,$,$);
#9892=IFCDIRECTION((0.,0.,1.));
#9893=IFCEXTRUDEDAREASOLID(#9889,#9891,#9892,2.5);
#9894=IFCSTYLEDITEM(#9893,(#32),$);
#9895=IFCCARTESIANPOINT((0.04,6.09491525423729));
#9896=IFCAXIS2PLACEMENT2D(#9895,$);
#9897=IFCRECTANGLEPROFILEDEF(.AREA.,$,#9896,0.08,4.);
#9898=IFCCARTESIANPOINT((0.,0.,0.1));
#9899=IFCAXIS2PLACEMENT3D(#9898,$,$);
#9900=IFCDIRECTION((0.,0.,1.));
#9901=IFCEXTRUDEDAREASOLID(#9897,#9899,#9900,2.5);
#9902=IFCSTYLEDITEM(#9901,(#32),$);
#9903=IFCCARTESIANPOINT((8.94983050847457,6.09491525423729));
#9904=IFCAXIS2PLACEMENT2D(#9903,$);
#9905=IFCRECTANGLEPROFILEDEF(.AREA.,$,#9904,0.08,4.);
#9906=IFCCARTESIANPOINT((0.,0.,0.1));
#9907=IFCAXIS2PLACEMENT3D(#9906,$,$);
#9908=IFCDIRECTION((0.,0.,1.));
#9909=IFCEXTRUDEDAREASOLID(#9905,#9907,#9908,2.5);
#9910=IFCSTYLEDITEM(#9909,(#32),$);
#9911=IFCBUILDINGELEMENTPROXY('3f_gh1SB18hBvsLrvK5bdw',$,'LYNK&CO / ZEEKR','Stand expozitional generic - LYNK&CO / ZEEKR',$,#9921,#9916,$,$);
#9915=IFCSHAPEREPRESENTATION(#11,'Body','SweptSolid',(#9885,#9893,#9901,#9909));
#9916=IFCPRODUCTDEFINITIONSHAPE($,$,(#9915));
#9917=IFCCARTESIANPOINT((42.535593220339,22.1694915254237,0.));
#9918=IFCDIRECTION((0.,0.,1.));
#9919=IFCDIRECTION((1.,0.,0.));
#9920=IFCAXIS2PLACEMENT3D(#9917,#9918,#9919);
#9921=IFCLOCALPLACEMENT(#26,#9920);
#9922=IFCPROPERTYSET('2c8BbAWM9F2BdZN1UYyVCk',$,'NZEB_ExhibitorInfo',$,(#9924,#9925,#9926,#9927,#9928,#9929,#9930,#9931));
#9923=IFCRELDEFINESBYPROPERTIES('3ZAR40pCX4QwikX8iic$A$',$,$,$,(#9911),#9922);
#9924=IFCPROPERTYSINGLEVALUE('CompanyName',$,IFCLABEL('LYNK&CO / ZEEKR'),$);
#9925=IFCPROPERTYSINGLEVALUE('StandNumber',$,IFCLABEL(''),$);
#9926=IFCPROPERTYSINGLEVALUE('Zone',$,IFCLABEL('ZONA 4'),$);
#9927=IFCPROPERTYSINGLEVALUE('AreaSqm',$,IFCREAL(72.8),$);
#9928=IFCPROPERTYSINGLEVALUE('Category',$,IFCLABEL('Auto si mobilitate'),$);
#9929=IFCPROPERTYSINGLEVALUE('CategoryCode',$,IFCLABEL('C14'),$);
#9930=IFCPROPERTYSINGLEVALUE('Indoor',$,IFCBOOLEAN(.T.),$);
#9931=IFCPROPERTYSINGLEVALUE('Event',$,IFCLABEL('NZEB Expo Bucuresti 2026'),$);
#9932=IFCCARTESIANPOINT((2.56949152542373,4.06779661016949));
#9933=IFCAXIS2PLACEMENT2D(#9932,$);
#9934=IFCRECTANGLEPROFILEDEF(.AREA.,$,#9933,5.13898305084746,8.13559322033898);
#9935=IFCCARTESIANPOINT((0.,0.,0.));
#9936=IFCAXIS2PLACEMENT3D(#9935,$,$);
#9937=IFCDIRECTION((0.,0.,1.));
#9938=IFCEXTRUDEDAREASOLID(#9934,#9936,#9937,0.1);
#9939=IFCSTYLEDITEM(#9938,(#95),$);
#9940=IFCCARTESIANPOINT((2.56949152542373,8.09559322033898));
#9941=IFCAXIS2PLACEMENT2D(#9940,$);
#9942=IFCRECTANGLEPROFILEDEF(.AREA.,$,#9941,5.13898305084746,0.08);
#9943=IFCCARTESIANPOINT((0.,0.,0.1));
#9944=IFCAXIS2PLACEMENT3D(#9943,$,$);
#9945=IFCDIRECTION((0.,0.,1.));
#9946=IFCEXTRUDEDAREASOLID(#9942,#9944,#9945,2.5);
#9947=IFCSTYLEDITEM(#9946,(#32),$);
#9948=IFCCARTESIANPOINT((0.04,6.13559322033898));
#9949=IFCAXIS2PLACEMENT2D(#9948,$);
#9950=IFCRECTANGLEPROFILEDEF(.AREA.,$,#9949,0.08,4.);
#9951=IFCCARTESIANPOINT((0.,0.,0.1));
#9952=IFCAXIS2PLACEMENT3D(#9951,$,$);
#9953=IFCDIRECTION((0.,0.,1.));
#9954=IFCEXTRUDEDAREASOLID(#9950,#9952,#9953,2.5);
#9955=IFCSTYLEDITEM(#9954,(#32),$);
#9956=IFCCARTESIANPOINT((5.09898305084746,6.13559322033898));
#9957=IFCAXIS2PLACEMENT2D(#9956,$);
#9958=IFCRECTANGLEPROFILEDEF(.AREA.,$,#9957,0.08,4.);
#9959=IFCCARTESIANPOINT((0.,0.,0.1));
#9960=IFCAXIS2PLACEMENT3D(#9959,$,$);
#9961=IFCDIRECTION((0.,0.,1.));
#9962=IFCEXTRUDEDAREASOLID(#9958,#9960,#9961,2.5);
#9963=IFCSTYLEDITEM(#9962,(#32),$);
#9964=IFCBUILDINGELEMENTPROXY('1Pw_8JsknCXxzwXUxKiBya',$,'LEPAS','Stand expozitional generic - LEPAS',$,#9974,#9969,$,$);
#9968=IFCSHAPEREPRESENTATION(#11,'Body','SweptSolid',(#9938,#9946,#9954,#9962));
#9969=IFCPRODUCTDEFINITIONSHAPE($,$,(#9968));
#9970=IFCCARTESIANPOINT((55.6474576271186,22.1694915254237,0.));
#9971=IFCDIRECTION((0.,0.,1.));
#9972=IFCDIRECTION((1.,0.,0.));
#9973=IFCAXIS2PLACEMENT3D(#9970,#9971,#9972);
#9974=IFCLOCALPLACEMENT(#26,#9973);
#9975=IFCPROPERTYSET('0kvALoKbv2_PY8fpH5ewDv',$,'NZEB_ExhibitorInfo',$,(#9977,#9978,#9979,#9980,#9981,#9982,#9983,#9984));
#9976=IFCRELDEFINESBYPROPERTIES('1mbfSomcDEsOD0ayfNr6gU',$,$,$,(#9964),#9975);
#9977=IFCPROPERTYSINGLEVALUE('CompanyName',$,IFCLABEL('LEPAS'),$);
#9978=IFCPROPERTYSINGLEVALUE('StandNumber',$,IFCLABEL(''),$);
#9979=IFCPROPERTYSINGLEVALUE('Zone',$,IFCLABEL('ZONA 4'),$);
#9980=IFCPROPERTYSINGLEVALUE('AreaSqm',$,IFCREAL(41.8),$);
#9981=IFCPROPERTYSINGLEVALUE('Category',$,IFCLABEL('Auto si mobilitate'),$);
#9982=IFCPROPERTYSINGLEVALUE('CategoryCode',$,IFCLABEL('C14'),$);
#9983=IFCPROPERTYSINGLEVALUE('Indoor',$,IFCBOOLEAN(.T.),$);
#9984=IFCPROPERTYSINGLEVALUE('Event',$,IFCLABEL('NZEB Expo Bucuresti 2026'),$);
#9985=IFCCARTESIANPOINT((1.40338983050847,3.53898305084746));
#9986=IFCAXIS2PLACEMENT2D(#9985,$);
#9987=IFCRECTANGLEPROFILEDEF(.AREA.,$,#9986,2.80677966101695,7.07796610169492);
#9988=IFCCARTESIANPOINT((0.,0.,0.));
#9989=IFCAXIS2PLACEMENT3D(#9988,$,$);
#9990=IFCDIRECTION((0.,0.,1.));
#9991=IFCEXTRUDEDAREASOLID(#9987,#9989,#9990,0.1);
#9992=IFCSTYLEDITEM(#9991,(#86),$);
#9993=IFCCARTESIANPOINT((1.40338983050847,7.03796610169492));
#9994=IFCAXIS2PLACEMENT2D(#9993,$);
#9995=IFCRECTANGLEPROFILEDEF(.AREA.,$,#9994,2.80677966101695,0.08);
#9996=IFCCARTESIANPOINT((0.,0.,0.1));
#9997=IFCAXIS2PLACEMENT3D(#9996,$,$);
#9998=IFCDIRECTION((0.,0.,1.));
#9999=IFCEXTRUDEDAREASOLID(#9995,#9997,#9998,2.5);
#10000=IFCSTYLEDITEM(#9999,(#32),$);
#10001=IFCCARTESIANPOINT((0.04,5.07796610169492));
#10002=IFCAXIS2PLACEMENT2D(#10001,$);
#10003=IFCRECTANGLEPROFILEDEF(.AREA.,$,#10002,0.08,4.);
#10004=IFCCARTESIANPOINT((0.,0.,0.1));
#10005=IFCAXIS2PLACEMENT3D(#10004,$,$);
#10006=IFCDIRECTION((0.,0.,1.));
#10007=IFCEXTRUDEDAREASOLID(#10003,#10005,#10006,2.5);
#10008=IFCSTYLEDITEM(#10007,(#32),$);
#10009=IFCCARTESIANPOINT((2.76677966101695,5.07796610169492));
#10010=IFCAXIS2PLACEMENT2D(#10009,$);
#10011=IFCRECTANGLEPROFILEDEF(.AREA.,$,#10010,0.08,4.);
#10012=IFCCARTESIANPOINT((0.,0.,0.1));
#10013=IFCAXIS2PLACEMENT3D(#10012,$,$);
#10014=IFCDIRECTION((0.,0.,1.));
#10015=IFCEXTRUDEDAREASOLID(#10011,#10013,#10014,2.5);
#10016=IFCSTYLEDITEM(#10015,(#32),$);
#10017=IFCBUILDINGELEMENTPROXY('3ze3ehj4D8$g4ynagBEBfz',$,'TINECO','Stand expozitional generic - TINECO',$,#10027,#10022,$,$);
#10021=IFCSHAPEREPRESENTATION(#11,'Body','SweptSolid',(#9991,#9999,#10007,#10015));
#10022=IFCPRODUCTDEFINITIONSHAPE($,$,(#10021));
#10023=IFCCARTESIANPOINT((39.9050847457627,44.9220338983051,0.));
#10024=IFCDIRECTION((0.,0.,1.));
#10025=IFCDIRECTION((1.,0.,0.));
#10026=IFCAXIS2PLACEMENT3D(#10023,#10024,#10025);
#10027=IFCLOCALPLACEMENT(#26,#10026);
#10028=IFCPROPERTYSET('1HSw7ZVz9FIQJ3BuRPxA1e',$,'NZEB_ExhibitorInfo',$,(#10030,#10031,#10032,#10033,#10034,#10035,#10036,#10037,#10038));
#10029=IFCRELDEFINESBYPROPERTIES('3o8iTiZXb3zByK5XGUL6bc',$,$,$,(#10017),#10028);
#10030=IFCPROPERTYSINGLEVALUE('CompanyName',$,IFCLABEL('TINECO'),$);
#10031=IFCPROPERTYSINGLEVALUE('StandNumber',$,IFCLABEL(''),$);
#10032=IFCPROPERTYSINGLEVALUE('Zone',$,IFCLABEL('ZONA 1'),$);
#10033=IFCPROPERTYSINGLEVALUE('AreaSqm',$,IFCREAL(19.9),$);
#10034=IFCPROPERTYSINGLEVALUE('Category',$,IFCLABEL('Electrocasnice si tehnologie consumer'),$);
#10035=IFCPROPERTYSINGLEVALUE('CategoryCode',$,IFCLABEL('C23'),$);
#10036=IFCPROPERTYSINGLEVALUE('Indoor',$,IFCBOOLEAN(.T.),$);
#10037=IFCPROPERTYSINGLEVALUE('Event',$,IFCLABEL('NZEB Expo Bucuresti 2026'),$);
#10038=IFCPROPERTYSINGLEVALUE('Website',$,IFCLABEL('https://www.tineco.com'),$);
#10039=IFCCARTESIANPOINT((3.05084745762712,5.01694915254237));
#10040=IFCAXIS2PLACEMENT2D(#10039,$);
#10041=IFCRECTANGLEPROFILEDEF(.AREA.,$,#10040,6.10169491525424,10.0338983050847);
#10042=IFCCARTESIANPOINT((0.,0.,0.));
#10043=IFCAXIS2PLACEMENT3D(#10042,$,$);
#10044=IFCDIRECTION((0.,0.,1.));
#10045=IFCEXTRUDEDAREASOLID(#10041,#10043,#10044,0.1);
#10046=IFCSTYLEDITEM(#10045,(#104),$);
#10047=IFCCARTESIANPOINT((3.05084745762712,9.99389830508474));
#10048=IFCAXIS2PLACEMENT2D(#10047,$);
#10049=IFCRECTANGLEPROFILEDEF(.AREA.,$,#10048,6.10169491525424,0.08);
#10050=IFCCARTESIANPOINT((0.,0.,0.1));
#10051=IFCAXIS2PLACEMENT3D(#10050,$,$);
#10052=IFCDIRECTION((0.,0.,1.));
#10053=IFCEXTRUDEDAREASOLID(#10049,#10051,#10052,2.5);
#10054=IFCSTYLEDITEM(#10053,(#32),$);
#10055=IFCCARTESIANPOINT((0.04,8.03389830508475));
#10056=IFCAXIS2PLACEMENT2D(#10055,$);
#10057=IFCRECTANGLEPROFILEDEF(.AREA.,$,#10056,0.08,4.);
#10058=IFCCARTESIANPOINT((0.,0.,0.1));
#10059=IFCAXIS2PLACEMENT3D(#10058,$,$);
#10060=IFCDIRECTION((0.,0.,1.));
#10061=IFCEXTRUDEDAREASOLID(#10057,#10059,#10060,2.5);
#10062=IFCSTYLEDITEM(#10061,(#32),$);
#10063=IFCCARTESIANPOINT((6.06169491525424,8.03389830508475));
#10064=IFCAXIS2PLACEMENT2D(#10063,$);
#10065=IFCRECTANGLEPROFILEDEF(.AREA.,$,#10064,0.08,4.);
#10066=IFCCARTESIANPOINT((0.,0.,0.1));
#10067=IFCAXIS2PLACEMENT3D(#10066,$,$);
#10068=IFCDIRECTION((0.,0.,1.));
#10069=IFCEXTRUDEDAREASOLID(#10065,#10067,#10068,2.5);
#10070=IFCSTYLEDITEM(#10069,(#32),$);
#10071=IFCBUILDINGELEMENTPROXY('0RRA43Czr5Ju3rZKOcXJOe',$,'MM CITE','Stand expozitional generic - MM CITE',$,#10081,#10076,$,$);
#10075=IFCSHAPEREPRESENTATION(#11,'Body','SweptSolid',(#10045,#10053,#10061,#10069));
#10076=IFCPRODUCTDEFINITIONSHAPE($,$,(#10075));
#10077=IFCCARTESIANPOINT((227.661016949153,57.8440677966102,0.));
#10078=IFCDIRECTION((0.,0.,1.));
#10079=IFCDIRECTION((1.,0.,0.));
#10080=IFCAXIS2PLACEMENT3D(#10077,#10078,#10079);
#10081=IFCLOCALPLACEMENT(#20,#10080);
#10082=IFCPROPERTYSET('3SDCiRTp992h9AELhO34we',$,'NZEB_ExhibitorInfo',$,(#10084,#10085,#10086,#10087,#10088,#10089,#10090,#10091,#10092));
#10083=IFCRELDEFINESBYPROPERTIES('0HvL8ln3P63wJK$4ByxrEH',$,$,$,(#10071),#10082);
#10084=IFCPROPERTYSINGLEVALUE('CompanyName',$,IFCLABEL('MM CITE'),$);
#10085=IFCPROPERTYSINGLEVALUE('StandNumber',$,IFCLABEL(''),$);
#10086=IFCPROPERTYSINGLEVALUE('Zone',$,IFCLABEL('ZONA 7'),$);
#10087=IFCPROPERTYSINGLEVALUE('AreaSqm',$,IFCREAL(61.2),$);
#10088=IFCPROPERTYSINGLEVALUE('Category',$,IFCLABEL('Mobilier, design si amenajari interioare'),$);
#10089=IFCPROPERTYSINGLEVALUE('CategoryCode',$,IFCLABEL('C15'),$);
#10090=IFCPROPERTYSINGLEVALUE('Indoor',$,IFCBOOLEAN(.F.),$);
#10091=IFCPROPERTYSINGLEVALUE('Event',$,IFCLABEL('NZEB Expo Bucuresti 2026'),$);
#10092=IFCPROPERTYSINGLEVALUE('Website',$,IFCLABEL('https://www.mmcite.com'),$);
#10093=IFCCARTESIANPOINT((2.51525423728814,1.45762711864407));
#10094=IFCAXIS2PLACEMENT2D(#10093,$);
#10095=IFCRECTANGLEPROFILEDEF(.AREA.,$,#10094,5.03050847457627,2.91525423728814);
#10096=IFCCARTESIANPOINT((0.,0.,0.));
#10097=IFCAXIS2PLACEMENT3D(#10096,$,$);
#10098=IFCDIRECTION((0.,0.,1.));
#10099=IFCEXTRUDEDAREASOLID(#10095,#10097,#10098,0.1);
#10100=IFCSTYLEDITEM(#10099,(#104),$);
#10101=IFCCARTESIANPOINT((2.51525423728814,2.87525423728814));
#10102=IFCAXIS2PLACEMENT2D(#10101,$);
#10103=IFCRECTANGLEPROFILEDEF(.AREA.,$,#10102,5.03050847457627,0.08);
#10104=IFCCARTESIANPOINT((0.,0.,0.1));
#10105=IFCAXIS2PLACEMENT3D(#10104,$,$);
#10106=IFCDIRECTION((0.,0.,1.));
#10107=IFCEXTRUDEDAREASOLID(#10103,#10105,#10106,2.5);
#10108=IFCSTYLEDITEM(#10107,(#32),$);
#10109=IFCCARTESIANPOINT((0.04,2.04067796610169));
#10110=IFCAXIS2PLACEMENT2D(#10109,$);
#10111=IFCRECTANGLEPROFILEDEF(.AREA.,$,#10110,0.08,1.74915254237288);
#10112=IFCCARTESIANPOINT((0.,0.,0.1));
#10113=IFCAXIS2PLACEMENT3D(#10112,$,$);
#10114=IFCDIRECTION((0.,0.,1.));
#10115=IFCEXTRUDEDAREASOLID(#10111,#10113,#10114,2.5);
#10116=IFCSTYLEDITEM(#10115,(#32),$);
#10117=IFCCARTESIANPOINT((4.99050847457627,2.04067796610169));
#10118=IFCAXIS2PLACEMENT2D(#10117,$);
#10119=IFCRECTANGLEPROFILEDEF(.AREA.,$,#10118,0.08,1.74915254237288);
#10120=IFCCARTESIANPOINT((0.,0.,0.1));
#10121=IFCAXIS2PLACEMENT3D(#10120,$,$);
#10122=IFCDIRECTION((0.,0.,1.));
#10123=IFCEXTRUDEDAREASOLID(#10119,#10121,#10122,2.5);
#10124=IFCSTYLEDITEM(#10123,(#32),$);
#10125=IFCBUILDINGELEMENTPROXY('2QUEu0jVb9megwwNO1ji4e',$,'O3 - HEMPCRETE','Stand expozitional generic - HEMPCRETE',$,#10135,#10130,$,$);
#10129=IFCSHAPEREPRESENTATION(#11,'Body','SweptSolid',(#10099,#10107,#10115,#10123));
#10130=IFCPRODUCTDEFINITIONSHAPE($,$,(#10129));
#10131=IFCCARTESIANPOINT((246.061016949153,54.2508474576271,0.));
#10132=IFCDIRECTION((0.,0.,1.));
#10133=IFCDIRECTION((1.,0.,0.));
#10134=IFCAXIS2PLACEMENT3D(#10131,#10132,#10133);
#10135=IFCLOCALPLACEMENT(#20,#10134);
#10136=IFCPROPERTYSET('2c5Jr7eMX9Medt7pVf0qDP',$,'NZEB_ExhibitorInfo',$,(#10138,#10139,#10140,#10141,#10142,#10143,#10144,#10145));
#10137=IFCRELDEFINESBYPROPERTIES('0HmG2GBLL1ZfvfaybmsHXJ',$,$,$,(#10125),#10136);
#10138=IFCPROPERTYSINGLEVALUE('CompanyName',$,IFCLABEL('HEMPCRETE'),$);
#10139=IFCPROPERTYSINGLEVALUE('StandNumber',$,IFCLABEL('O3'),$);
#10140=IFCPROPERTYSINGLEVALUE('Zone',$,IFCLABEL('ZONA 7'),$);
#10141=IFCPROPERTYSINGLEVALUE('AreaSqm',$,IFCREAL(14.7),$);
#10142=IFCPROPERTYSINGLEVALUE('Category',$,IFCLABEL('Izolatii termice si anvelopa cladirii'),$);
#10143=IFCPROPERTYSINGLEVALUE('CategoryCode',$,IFCLABEL('C01'),$);
#10144=IFCPROPERTYSINGLEVALUE('Indoor',$,IFCBOOLEAN(.F.),$);
#10145=IFCPROPERTYSINGLEVALUE('Event',$,IFCLABEL('NZEB Expo Bucuresti 2026'),$);
#10146=IFCCARTESIANPOINT((2.48135593220339,1.43728813559322));
#10147=IFCAXIS2PLACEMENT2D(#10146,$);
#10148=IFCRECTANGLEPROFILEDEF(.AREA.,$,#10147,4.96271186440678,2.87457627118644);
#10149=IFCCARTESIANPOINT((0.,0.,0.));
#10150=IFCAXIS2PLACEMENT3D(#10149,$,$);
#10151=IFCDIRECTION((0.,0.,1.));
#10152=IFCEXTRUDEDAREASOLID(#10148,#10150,#10151,0.1);
#10153=IFCSTYLEDITEM(#10152,(#104),$);
#10154=IFCCARTESIANPOINT((2.48135593220339,2.83457627118644));
#10155=IFCAXIS2PLACEMENT2D(#10154,$);
#10156=IFCRECTANGLEPROFILEDEF(.AREA.,$,#10155,4.96271186440678,0.08);
#10157=IFCCARTESIANPOINT((0.,0.,0.1));
#10158=IFCAXIS2PLACEMENT3D(#10157,$,$);
#10159=IFCDIRECTION((0.,0.,1.));
#10160=IFCEXTRUDEDAREASOLID(#10156,#10158,#10159,2.5);
#10161=IFCSTYLEDITEM(#10160,(#32),$);
#10162=IFCCARTESIANPOINT((0.04,2.01220338983051));
#10163=IFCAXIS2PLACEMENT2D(#10162,$);
#10164=IFCRECTANGLEPROFILEDEF(.AREA.,$,#10163,0.08,1.72474576271186);
#10165=IFCCARTESIANPOINT((0.,0.,0.1));
#10166=IFCAXIS2PLACEMENT3D(#10165,$,$);
#10167=IFCDIRECTION((0.,0.,1.));
#10168=IFCEXTRUDEDAREASOLID(#10164,#10166,#10167,2.5);
#10169=IFCSTYLEDITEM(#10168,(#32),$);
#10170=IFCCARTESIANPOINT((4.92271186440678,2.01220338983051));
#10171=IFCAXIS2PLACEMENT2D(#10170,$);
#10172=IFCRECTANGLEPROFILEDEF(.AREA.,$,#10171,0.08,1.72474576271186);
#10173=IFCCARTESIANPOINT((0.,0.,0.1));
#10174=IFCAXIS2PLACEMENT3D(#10173,$,$);
#10175=IFCDIRECTION((0.,0.,1.));
#10176=IFCEXTRUDEDAREASOLID(#10172,#10174,#10175,2.5);
#10177=IFCSTYLEDITEM(#10176,(#32),$);
#10178=IFCBUILDINGELEMENTPROXY('0sloRnfwj18QfIVbwu$$tm',$,'O4 - MOB TOP SOLUTIONS','Stand expozitional generic - MOB TOP SOLUTIONS',$,#10188,#10183,$,$);
#10182=IFCSHAPEREPRESENTATION(#11,'Body','SweptSolid',(#10152,#10160,#10168,#10176));
#10183=IFCPRODUCTDEFINITIONSHAPE($,$,(#10182));
#10184=IFCCARTESIANPOINT((251.077966101695,54.264406779661,0.));
#10185=IFCDIRECTION((0.,0.,1.));
#10186=IFCDIRECTION((1.,0.,0.));
#10187=IFCAXIS2PLACEMENT3D(#10184,#10185,#10186);
#10188=IFCLOCALPLACEMENT(#20,#10187);
#10189=IFCPROPERTYSET('0J75BmuAf8w9UeEOHBov1T',$,'NZEB_ExhibitorInfo',$,(#10191,#10192,#10193,#10194,#10195,#10196,#10197,#10198));
#10190=IFCRELDEFINESBYPROPERTIES('0no_VQWOz2RfsJEoYHWKs6',$,$,$,(#10178),#10189);
#10191=IFCPROPERTYSINGLEVALUE('CompanyName',$,IFCLABEL('MOB TOP SOLUTIONS'),$);
#10192=IFCPROPERTYSINGLEVALUE('StandNumber',$,IFCLABEL('O4'),$);
#10193=IFCPROPERTYSINGLEVALUE('Zone',$,IFCLABEL('ZONA 7'),$);
#10194=IFCPROPERTYSINGLEVALUE('AreaSqm',$,IFCREAL(14.3),$);
#10195=IFCPROPERTYSINGLEVALUE('Category',$,IFCLABEL('Mobilier, design si amenajari interioare'),$);
#10196=IFCPROPERTYSINGLEVALUE('CategoryCode',$,IFCLABEL('C15'),$);
#10197=IFCPROPERTYSINGLEVALUE('Indoor',$,IFCBOOLEAN(.F.),$);
#10198=IFCPROPERTYSINGLEVALUE('Event',$,IFCLABEL('NZEB Expo Bucuresti 2026'),$);
#10199=IFCCARTESIANPOINT((1.83050847457627,1.37627118644068));
#10200=IFCAXIS2PLACEMENT2D(#10199,$);
#10201=IFCRECTANGLEPROFILEDEF(.AREA.,$,#10200,3.66101694915254,2.75254237288136);
#10202=IFCCARTESIANPOINT((0.,0.,0.));
#10203=IFCAXIS2PLACEMENT3D(#10202,$,$);
#10204=IFCDIRECTION((0.,0.,1.));
#10205=IFCEXTRUDEDAREASOLID(#10201,#10203,#10204,0.1);
#10206=IFCSTYLEDITEM(#10205,(#104),$);
#10207=IFCCARTESIANPOINT((1.83050847457627,2.71254237288136));
#10208=IFCAXIS2PLACEMENT2D(#10207,$);
#10209=IFCRECTANGLEPROFILEDEF(.AREA.,$,#10208,3.66101694915254,0.08);
#10210=IFCCARTESIANPOINT((0.,0.,0.1));
#10211=IFCAXIS2PLACEMENT3D(#10210,$,$);
#10212=IFCDIRECTION((0.,0.,1.));
#10213=IFCEXTRUDEDAREASOLID(#10209,#10211,#10212,2.5);
#10214=IFCSTYLEDITEM(#10213,(#32),$);
#10215=IFCCARTESIANPOINT((0.04,1.92677966101695));
#10216=IFCAXIS2PLACEMENT2D(#10215,$);
#10217=IFCRECTANGLEPROFILEDEF(.AREA.,$,#10216,0.08,1.65152542372881);
#10218=IFCCARTESIANPOINT((0.,0.,0.1));
#10219=IFCAXIS2PLACEMENT3D(#10218,$,$);
#10220=IFCDIRECTION((0.,0.,1.));
#10221=IFCEXTRUDEDAREASOLID(#10217,#10219,#10220,2.5);
#10222=IFCSTYLEDITEM(#10221,(#32),$);
#10223=IFCCARTESIANPOINT((3.62101694915254,1.92677966101695));
#10224=IFCAXIS2PLACEMENT2D(#10223,$);
#10225=IFCRECTANGLEPROFILEDEF(.AREA.,$,#10224,0.08,1.65152542372881);
#10226=IFCCARTESIANPOINT((0.,0.,0.1));
#10227=IFCAXIS2PLACEMENT3D(#10226,$,$);
#10228=IFCDIRECTION((0.,0.,1.));
#10229=IFCEXTRUDEDAREASOLID(#10225,#10227,#10228,2.5);
#10230=IFCSTYLEDITEM(#10229,(#32),$);
#10231=IFCBUILDINGELEMENTPROXY('00E2NOofr0DAX4BOpr50Oe',$,'O7 - HANG AROUND','Stand expozitional generic - HANG AROUND',$,#10241,#10236,$,$);
#10235=IFCSHAPEREPRESENTATION(#11,'Body','SweptSolid',(#10205,#10213,#10221,#10229));
#10236=IFCPRODUCTDEFINITIONSHAPE($,$,(#10235));
#10237=IFCCARTESIANPOINT((229.003389830508,33.6,0.));
#10238=IFCDIRECTION((0.,0.,1.));
#10239=IFCDIRECTION((1.,0.,0.));
#10240=IFCAXIS2PLACEMENT3D(#10237,#10238,#10239);
#10241=IFCLOCALPLACEMENT(#20,#10240);
#10242=IFCPROPERTYSET('0MXqNffRjDWPiZQkZbwcJ5',$,'NZEB_ExhibitorInfo',$,(#10244,#10245,#10246,#10247,#10248,#10249,#10250,#10251));
#10243=IFCRELDEFINESBYPROPERTIES('0kBpdR7CPBPwekbqgf7d5K',$,$,$,(#10231),#10242);
#10244=IFCPROPERTYSINGLEVALUE('CompanyName',$,IFCLABEL('HANG AROUND'),$);
#10245=IFCPROPERTYSINGLEVALUE('StandNumber',$,IFCLABEL('O7'),$);
#10246=IFCPROPERTYSINGLEVALUE('Zone',$,IFCLABEL('ZONA 7'),$);
#10247=IFCPROPERTYSINGLEVALUE('AreaSqm',$,IFCREAL(10.1),$);
#10248=IFCPROPERTYSINGLEVALUE('Category',$,IFCLABEL('Gradina, peisagistica si exterior'),$);
#10249=IFCPROPERTYSINGLEVALUE('CategoryCode',$,IFCLABEL('C16'),$);
#10250=IFCPROPERTYSINGLEVALUE('Indoor',$,IFCBOOLEAN(.F.),$);
#10251=IFCPROPERTYSINGLEVALUE('Event',$,IFCLABEL('NZEB Expo Bucuresti 2026'),$);
#10252=IFCCARTESIANPOINT((1.59322033898305,2.45423728813559));
#10253=IFCAXIS2PLACEMENT2D(#10252,$);
#10254=IFCRECTANGLEPROFILEDEF(.AREA.,$,#10253,3.1864406779661,4.90847457627119);
#10255=IFCCARTESIANPOINT((0.,0.,0.));
#10256=IFCAXIS2PLACEMENT3D(#10255,$,$);
#10257=IFCDIRECTION((0.,0.,1.));
#10258=IFCEXTRUDEDAREASOLID(#10254,#10256,#10257,0.1);
#10259=IFCSTYLEDITEM(#10258,(#104),$);
#10260=IFCCARTESIANPOINT((1.59322033898305,4.86847457627119));
#10261=IFCAXIS2PLACEMENT2D(#10260,$);
#10262=IFCRECTANGLEPROFILEDEF(.AREA.,$,#10261,3.1864406779661,0.08);
#10263=IFCCARTESIANPOINT((0.,0.,0.1));
#10264=IFCAXIS2PLACEMENT3D(#10263,$,$);
#10265=IFCDIRECTION((0.,0.,1.));
#10266=IFCEXTRUDEDAREASOLID(#10262,#10264,#10265,2.5);
#10267=IFCSTYLEDITEM(#10266,(#32),$);
#10268=IFCCARTESIANPOINT((0.04,3.43593220338983));
#10269=IFCAXIS2PLACEMENT2D(#10268,$);
#10270=IFCRECTANGLEPROFILEDEF(.AREA.,$,#10269,0.08,2.94508474576271);
#10271=IFCCARTESIANPOINT((0.,0.,0.1));
#10272=IFCAXIS2PLACEMENT3D(#10271,$,$);
#10273=IFCDIRECTION((0.,0.,1.));
#10274=IFCEXTRUDEDAREASOLID(#10270,#10272,#10273,2.5);
#10275=IFCSTYLEDITEM(#10274,(#32),$);
#10276=IFCCARTESIANPOINT((3.1464406779661,3.43593220338983));
#10277=IFCAXIS2PLACEMENT2D(#10276,$);
#10278=IFCRECTANGLEPROFILEDEF(.AREA.,$,#10277,0.08,2.94508474576271);
#10279=IFCCARTESIANPOINT((0.,0.,0.1));
#10280=IFCAXIS2PLACEMENT3D(#10279,$,$);
#10281=IFCDIRECTION((0.,0.,1.));
#10282=IFCEXTRUDEDAREASOLID(#10278,#10280,#10281,2.5);
#10283=IFCSTYLEDITEM(#10282,(#32),$);
#10284=IFCBUILDINGELEMENTPROXY('1xohxngQH3D8DIL$6_dZE8',$,'O1 - ART SHADOWS','Stand expozitional generic - ART SHADOWS',$,#10294,#10289,$,$);
#10288=IFCSHAPEREPRESENTATION(#11,'Body','SweptSolid',(#10258,#10266,#10274,#10282));
#10289=IFCPRODUCTDEFINITIONSHAPE($,$,(#10288));
#10290=IFCCARTESIANPOINT((215.498305084746,48.8135593220339,0.));
#10291=IFCDIRECTION((0.,0.,1.));
#10292=IFCDIRECTION((1.,0.,0.));
#10293=IFCAXIS2PLACEMENT3D(#10290,#10291,#10292);
#10294=IFCLOCALPLACEMENT(#20,#10293);
#10295=IFCPROPERTYSET('0_LRTx1Wz7HxOLRroEXUMn',$,'NZEB_ExhibitorInfo',$,(#10297,#10298,#10299,#10300,#10301,#10302,#10303,#10304));
#10296=IFCRELDEFINESBYPROPERTIES('2ZHbB3YXH8AvKQXa2Ivn5U',$,$,$,(#10284),#10295);
#10297=IFCPROPERTYSINGLEVALUE('CompanyName',$,IFCLABEL('ART SHADOWS'),$);
#10298=IFCPROPERTYSINGLEVALUE('StandNumber',$,IFCLABEL('O1'),$);
#10299=IFCPROPERTYSINGLEVALUE('Zone',$,IFCLABEL('ZONA 7'),$);
#10300=IFCPROPERTYSINGLEVALUE('AreaSqm',$,IFCREAL(15.6),$);
#10301=IFCPROPERTYSINGLEVALUE('Category',$,IFCLABEL('Mobilier, design si amenajari interioare'),$);
#10302=IFCPROPERTYSINGLEVALUE('CategoryCode',$,IFCLABEL('C15'),$);
#10303=IFCPROPERTYSINGLEVALUE('Indoor',$,IFCBOOLEAN(.F.),$);
#10304=IFCPROPERTYSINGLEVALUE('Event',$,IFCLABEL('NZEB Expo Bucuresti 2026'),$);
#10305=IFCCARTESIANPOINT((1.97966101694915,2.52881355932203));
#10306=IFCAXIS2PLACEMENT2D(#10305,$);
#10307=IFCRECTANGLEPROFILEDEF(.AREA.,$,#10306,3.9593220338983,5.05762711864407);
#10308=IFCCARTESIANPOINT((0.,0.,0.));
#10309=IFCAXIS2PLACEMENT3D(#10308,$,$);
#10310=IFCDIRECTION((0.,0.,1.));
#10311=IFCEXTRUDEDAREASOLID(#10307,#10309,#10310,0.1);
#10312=IFCSTYLEDITEM(#10311,(#104),$);
#10313=IFCCARTESIANPOINT((1.97966101694915,5.01762711864407));
#10314=IFCAXIS2PLACEMENT2D(#10313,$);
#10315=IFCRECTANGLEPROFILEDEF(.AREA.,$,#10314,3.9593220338983,0.08);
#10316=IFCCARTESIANPOINT((0.,0.,0.1));
#10317=IFCAXIS2PLACEMENT3D(#10316,$,$);
#10318=IFCDIRECTION((0.,0.,1.));
#10319=IFCEXTRUDEDAREASOLID(#10315,#10317,#10318,2.5);
#10320=IFCSTYLEDITEM(#10319,(#32),$);
#10321=IFCCARTESIANPOINT((0.04,3.54033898305085));
#10322=IFCAXIS2PLACEMENT2D(#10321,$);
#10323=IFCRECTANGLEPROFILEDEF(.AREA.,$,#10322,0.08,3.03457627118644);
#10324=IFCCARTESIANPOINT((0.,0.,0.1));
#10325=IFCAXIS2PLACEMENT3D(#10324,$,$);
#10326=IFCDIRECTION((0.,0.,1.));
#10327=IFCEXTRUDEDAREASOLID(#10323,#10325,#10326,2.5);
#10328=IFCSTYLEDITEM(#10327,(#32),$);
#10329=IFCCARTESIANPOINT((3.9193220338983,3.54033898305085));
#10330=IFCAXIS2PLACEMENT2D(#10329,$);
#10331=IFCRECTANGLEPROFILEDEF(.AREA.,$,#10330,0.08,3.03457627118644);
#10332=IFCCARTESIANPOINT((0.,0.,0.1));
#10333=IFCAXIS2PLACEMENT3D(#10332,$,$);
#10334=IFCDIRECTION((0.,0.,1.));
#10335=IFCEXTRUDEDAREASOLID(#10331,#10333,#10334,2.5);
#10336=IFCSTYLEDITEM(#10335,(#32),$);
#10337=IFCBUILDINGELEMENTPROXY('3Wtr0yiIH8$f5ZsoeZrKes',$,'O8 - PRIMITIV PLANTS','Stand expozitional generic - PRIMITIV PLANTS',$,#10347,#10342,$,$);
#10341=IFCSHAPEREPRESENTATION(#11,'Body','SweptSolid',(#10311,#10319,#10327,#10335));
#10342=IFCPRODUCTDEFINITIONSHAPE($,$,(#10341));
#10343=IFCCARTESIANPOINT((229.803389830508,44.,0.));
#10344=IFCDIRECTION((0.,0.,1.));
#10345=IFCDIRECTION((1.,0.,0.));
#10346=IFCAXIS2PLACEMENT3D(#10343,#10344,#10345);
#10347=IFCLOCALPLACEMENT(#20,#10346);
#10348=IFCPROPERTYSET('1EZTuitND9CwFysx1mcYeH',$,'NZEB_ExhibitorInfo',$,(#10350,#10351,#10352,#10353,#10354,#10355,#10356,#10357));
#10349=IFCRELDEFINESBYPROPERTIES('2GkVqiwdT4pQhexn5fZI7a',$,$,$,(#10337),#10348);
#10350=IFCPROPERTYSINGLEVALUE('CompanyName',$,IFCLABEL('PRIMITIV PLANTS'),$);
#10351=IFCPROPERTYSINGLEVALUE('StandNumber',$,IFCLABEL('O8'),$);
#10352=IFCPROPERTYSINGLEVALUE('Zone',$,IFCLABEL('ZONA 7'),$);
#10353=IFCPROPERTYSINGLEVALUE('AreaSqm',$,IFCREAL(20.),$);
#10354=IFCPROPERTYSINGLEVALUE('Category',$,IFCLABEL('Gradina, peisagistica si exterior'),$);
#10355=IFCPROPERTYSINGLEVALUE('CategoryCode',$,IFCLABEL('C16'),$);
#10356=IFCPROPERTYSINGLEVALUE('Indoor',$,IFCBOOLEAN(.F.),$);
#10357=IFCPROPERTYSINGLEVALUE('Event',$,IFCLABEL('NZEB Expo Bucuresti 2026'),$);
#10358=IFCCARTESIANPOINT((1.97966101694915,1.76271186440678));
#10359=IFCAXIS2PLACEMENT2D(#10358,$);
#10360=IFCRECTANGLEPROFILEDEF(.AREA.,$,#10359,3.9593220338983,3.52542372881356);
#10361=IFCCARTESIANPOINT((0.,0.,0.));
#10362=IFCAXIS2PLACEMENT3D(#10361,$,$);
#10363=IFCDIRECTION((0.,0.,1.));
#10364=IFCEXTRUDEDAREASOLID(#10360,#10362,#10363,0.1);
#10365=IFCSTYLEDITEM(#10364,(#104),$);
#10366=IFCCARTESIANPOINT((1.97966101694915,3.48542372881356));
#10367=IFCAXIS2PLACEMENT2D(#10366,$);
#10368=IFCRECTANGLEPROFILEDEF(.AREA.,$,#10367,3.9593220338983,0.08);
#10369=IFCCARTESIANPOINT((0.,0.,0.1));
#10370=IFCAXIS2PLACEMENT3D(#10369,$,$);
#10371=IFCDIRECTION((0.,0.,1.));
#10372=IFCEXTRUDEDAREASOLID(#10368,#10370,#10371,2.5);
#10373=IFCSTYLEDITEM(#10372,(#32),$);
#10374=IFCCARTESIANPOINT((0.04,2.46779661016949));
#10375=IFCAXIS2PLACEMENT2D(#10374,$);
#10376=IFCRECTANGLEPROFILEDEF(.AREA.,$,#10375,0.08,2.11525423728814);
#10377=IFCCARTESIANPOINT((0.,0.,0.1));
#10378=IFCAXIS2PLACEMENT3D(#10377,$,$);
#10379=IFCDIRECTION((0.,0.,1.));
#10380=IFCEXTRUDEDAREASOLID(#10376,#10378,#10379,2.5);
#10381=IFCSTYLEDITEM(#10380,(#32),$);
#10382=IFCCARTESIANPOINT((3.9193220338983,2.46779661016949));
#10383=IFCAXIS2PLACEMENT2D(#10382,$);
#10384=IFCRECTANGLEPROFILEDEF(.AREA.,$,#10383,0.08,2.11525423728814);
#10385=IFCCARTESIANPOINT((0.,0.,0.1));
#10386=IFCAXIS2PLACEMENT3D(#10385,$,$);
#10387=IFCDIRECTION((0.,0.,1.));
#10388=IFCEXTRUDEDAREASOLID(#10384,#10386,#10387,2.5);
#10389=IFCSTYLEDITEM(#10388,(#32),$);
#10390=IFCBUILDINGELEMENTPROXY('2ea$7m1Eb8gxMaYIz10K1p',$,'O9 - MIRKA','Stand expozitional generic - MIRKA',$,#10400,#10395,$,$);
#10394=IFCSHAPEREPRESENTATION(#11,'Body','SweptSolid',(#10364,#10372,#10380,#10388));
#10395=IFCPRODUCTDEFINITIONSHAPE($,$,(#10394));
#10396=IFCCARTESIANPOINT((215.498305084746,53.6949152542373,0.));
#10397=IFCDIRECTION((0.,0.,1.));
#10398=IFCDIRECTION((1.,0.,0.));
#10399=IFCAXIS2PLACEMENT3D(#10396,#10397,#10398);
#10400=IFCLOCALPLACEMENT(#20,#10399);
#10401=IFCPROPERTYSET('3sAs9g84546QvcWPRZ3kD4',$,'NZEB_ExhibitorInfo',$,(#10403,#10404,#10405,#10406,#10407,#10408,#10409,#10410,#10411));
#10402=IFCRELDEFINESBYPROPERTIES('09lc5KL7r8cAtQW$ClE1Xi',$,$,$,(#10390),#10401);
#10403=IFCPROPERTYSINGLEVALUE('CompanyName',$,IFCLABEL('MIRKA'),$);
#10404=IFCPROPERTYSINGLEVALUE('StandNumber',$,IFCLABEL('O9'),$);
#10405=IFCPROPERTYSINGLEVALUE('Zone',$,IFCLABEL('ZONA 7'),$);
#10406=IFCPROPERTYSINGLEVALUE('AreaSqm',$,IFCREAL(14.),$);
#10407=IFCPROPERTYSINGLEVALUE('Category',$,IFCLABEL('Scule, unelte, fixari si echipamente de masura'),$);
#10408=IFCPROPERTYSINGLEVALUE('CategoryCode',$,IFCLABEL('C07'),$);
#10409=IFCPROPERTYSINGLEVALUE('Indoor',$,IFCBOOLEAN(.F.),$);
#10410=IFCPROPERTYSINGLEVALUE('Event',$,IFCLABEL('NZEB Expo Bucuresti 2026'),$);
#10411=IFCPROPERTYSINGLEVALUE('Website',$,IFCLABEL('https://www.mirka.com'),$);
#10412=IFCCARTESIANPOINT((6.13559322033898,3.04406779661017));
#10413=IFCAXIS2PLACEMENT2D(#10412,$);
#10414=IFCRECTANGLEPROFILEDEF(.AREA.,$,#10413,12.271186440678,6.08813559322034);
#10415=IFCCARTESIANPOINT((0.,0.,0.));
#10416=IFCAXIS2PLACEMENT3D(#10415,$,$);
#10417=IFCDIRECTION((0.,0.,1.));
#10418=IFCEXTRUDEDAREASOLID(#10414,#10416,#10417,0.1);
#10419=IFCSTYLEDITEM(#10418,(#104),$);
#10420=IFCCARTESIANPOINT((6.13559322033898,6.04813559322034));
#10421=IFCAXIS2PLACEMENT2D(#10420,$);
#10422=IFCRECTANGLEPROFILEDEF(.AREA.,$,#10421,12.271186440678,0.08);
#10423=IFCCARTESIANPOINT((0.,0.,0.1));
#10424=IFCAXIS2PLACEMENT3D(#10423,$,$);
#10425=IFCDIRECTION((0.,0.,1.));
#10426=IFCEXTRUDEDAREASOLID(#10422,#10424,#10425,2.5);
#10427=IFCSTYLEDITEM(#10426,(#32),$);
#10428=IFCCARTESIANPOINT((0.04,4.26169491525424));
#10429=IFCAXIS2PLACEMENT2D(#10428,$);
#10430=IFCRECTANGLEPROFILEDEF(.AREA.,$,#10429,0.08,3.6528813559322);
#10431=IFCCARTESIANPOINT((0.,0.,0.1));
#10432=IFCAXIS2PLACEMENT3D(#10431,$,$);
#10433=IFCDIRECTION((0.,0.,1.));
#10434=IFCEXTRUDEDAREASOLID(#10430,#10432,#10433,2.5);
#10435=IFCSTYLEDITEM(#10434,(#32),$);
#10436=IFCCARTESIANPOINT((12.231186440678,4.26169491525424));
#10437=IFCAXIS2PLACEMENT2D(#10436,$);
#10438=IFCRECTANGLEPROFILEDEF(.AREA.,$,#10437,0.08,3.6528813559322);
#10439=IFCCARTESIANPOINT((0.,0.,0.1));
#10440=IFCAXIS2PLACEMENT3D(#10439,$,$);
#10441=IFCDIRECTION((0.,0.,1.));
#10442=IFCEXTRUDEDAREASOLID(#10438,#10440,#10441,2.5);
#10443=IFCSTYLEDITEM(#10442,(#32),$);
#10444=IFCBUILDINGELEMENTPROXY('1$nXEKaof9dRt03O6y9QK5',$,'O10 - LA FANTANA','Stand expozitional generic - LA FANTANA',$,#10454,#10449,$,$);
#10448=IFCSHAPEREPRESENTATION(#11,'Body','SweptSolid',(#10418,#10426,#10434,#10442));
#10449=IFCPRODUCTDEFINITIONSHAPE($,$,(#10448));
#10450=IFCCARTESIANPOINT((221.328813559322,22.2779661016949,0.));
#10451=IFCDIRECTION((0.,0.,1.));
#10452=IFCDIRECTION((1.,0.,0.));
#10453=IFCAXIS2PLACEMENT3D(#10450,#10451,#10452);
#10454=IFCLOCALPLACEMENT(#20,#10453);
#10455=IFCPROPERTYSET('1sAWH3fjHCKQ9VScZPs4RK',$,'NZEB_ExhibitorInfo',$,(#10457,#10458,#10459,#10460,#10461,#10462,#10463,#10464,#10465));
#10456=IFCRELDEFINESBYPROPERTIES('18IGYX_ZP2e82$9lNLsRJz',$,$,$,(#10444),#10455);
#10457=IFCPROPERTYSINGLEVALUE('CompanyName',$,IFCLABEL('LA FANTANA'),$);
#10458=IFCPROPERTYSINGLEVALUE('StandNumber',$,IFCLABEL('O10'),$);
#10459=IFCPROPERTYSINGLEVALUE('Zone',$,IFCLABEL('ZONA 7'),$);
#10460=IFCPROPERTYSINGLEVALUE('AreaSqm',$,IFCREAL(74.7),$);
#10461=IFCPROPERTYSINGLEVALUE('Category',$,IFCLABEL('Food & beverage / ospitalitate'),$);
#10462=IFCPROPERTYSINGLEVALUE('CategoryCode',$,IFCLABEL('C20'),$);
#10463=IFCPROPERTYSINGLEVALUE('Indoor',$,IFCBOOLEAN(.F.),$);
#10464=IFCPROPERTYSINGLEVALUE('Event',$,IFCLABEL('NZEB Expo Bucuresti 2026'),$);
#10465=IFCPROPERTYSINGLEVALUE('Website',$,IFCLABEL('https://www.lafantana.ro'),$);
#10466=IFCCARTESIANPOINT((1.45762711864407,1.79661016949153));
#10467=IFCAXIS2PLACEMENT2D(#10466,$);
#10468=IFCRECTANGLEPROFILEDEF(.AREA.,$,#10467,2.91525423728814,3.59322033898305);
#10469=IFCCARTESIANPOINT((0.,0.,0.));
#10470=IFCAXIS2PLACEMENT3D(#10469,$,$);
#10471=IFCDIRECTION((0.,0.,1.));
#10472=IFCEXTRUDEDAREASOLID(#10468,#10470,#10471,0.1);
#10473=IFCSTYLEDITEM(#10472,(#104),$);
#10474=IFCCARTESIANPOINT((1.45762711864407,3.55322033898305));
#10475=IFCAXIS2PLACEMENT2D(#10474,$);
#10476=IFCRECTANGLEPROFILEDEF(.AREA.,$,#10475,2.91525423728814,0.08);
#10477=IFCCARTESIANPOINT((0.,0.,0.1));
#10478=IFCAXIS2PLACEMENT3D(#10477,$,$);
#10479=IFCDIRECTION((0.,0.,1.));
#10480=IFCEXTRUDEDAREASOLID(#10476,#10478,#10479,2.5);
#10481=IFCSTYLEDITEM(#10480,(#32),$);
#10482=IFCCARTESIANPOINT((0.04,2.51525423728814));
#10483=IFCAXIS2PLACEMENT2D(#10482,$);
#10484=IFCRECTANGLEPROFILEDEF(.AREA.,$,#10483,0.08,2.15593220338983);
#10485=IFCCARTESIANPOINT((0.,0.,0.1));
#10486=IFCAXIS2PLACEMENT3D(#10485,$,$);
#10487=IFCDIRECTION((0.,0.,1.));
#10488=IFCEXTRUDEDAREASOLID(#10484,#10486,#10487,2.5);
#10489=IFCSTYLEDITEM(#10488,(#32),$);
#10490=IFCCARTESIANPOINT((2.87525423728814,2.51525423728814));
#10491=IFCAXIS2PLACEMENT2D(#10490,$);
#10492=IFCRECTANGLEPROFILEDEF(.AREA.,$,#10491,0.08,2.15593220338983);
#10493=IFCCARTESIANPOINT((0.,0.,0.1));
#10494=IFCAXIS2PLACEMENT3D(#10493,$,$);
#10495=IFCDIRECTION((0.,0.,1.));
#10496=IFCEXTRUDEDAREASOLID(#10492,#10494,#10495,2.5);
#10497=IFCSTYLEDITEM(#10496,(#32),$);
#10498=IFCBUILDINGELEMENTPROXY('1ys6TQ$cD5ifRvgNbLUTw0',$,'O14 - MARTETIC','Stand expozitional generic - MARTETIC',$,#10508,#10503,$,$);
#10502=IFCSHAPEREPRESENTATION(#11,'Body','SweptSolid',(#10472,#10480,#10488,#10496));
#10503=IFCPRODUCTDEFINITIONSHAPE($,$,(#10502));
#10504=IFCCARTESIANPOINT((215.606779661017,22.0338983050847,0.));
#10505=IFCDIRECTION((0.,0.,1.));
#10506=IFCDIRECTION((1.,0.,0.));
#10507=IFCAXIS2PLACEMENT3D(#10504,#10505,#10506);
#10508=IFCLOCALPLACEMENT(#20,#10507);
#10509=IFCPROPERTYSET('2qJFv1jNLEXeHQRpFFbSuw',$,'NZEB_ExhibitorInfo',$,(#10511,#10512,#10513,#10514,#10515,#10516,#10517,#10518));
#10510=IFCRELDEFINESBYPROPERTIES('1fZzMnckfCThT1FXxvLRmY',$,$,$,(#10498),#10509);
#10511=IFCPROPERTYSINGLEVALUE('CompanyName',$,IFCLABEL('MARTETIC'),$);
#10512=IFCPROPERTYSINGLEVALUE('StandNumber',$,IFCLABEL('O14'),$);
#10513=IFCPROPERTYSINGLEVALUE('Zone',$,IFCLABEL('ZONA 7'),$);
#10514=IFCPROPERTYSINGLEVALUE('AreaSqm',$,IFCREAL(10.5),$);
#10515=IFCPROPERTYSINGLEVALUE('Category',$,IFCLABEL('Produse si servicii pentru constructii (general)'),$);
#10516=IFCPROPERTYSINGLEVALUE('CategoryCode',$,IFCLABEL('C99'),$);
#10517=IFCPROPERTYSINGLEVALUE('Indoor',$,IFCBOOLEAN(.F.),$);
#10518=IFCPROPERTYSINGLEVALUE('Event',$,IFCLABEL('NZEB Expo Bucuresti 2026'),$);
#10519=IFCCARTESIANPOINT((2.51525423728814,1.45762711864407));
#10520=IFCAXIS2PLACEMENT2D(#10519,$);
#10521=IFCRECTANGLEPROFILEDEF(.AREA.,$,#10520,5.03050847457627,2.91525423728814);
#10522=IFCCARTESIANPOINT((0.,0.,0.));
#10523=IFCAXIS2PLACEMENT3D(#10522,$,$);
#10524=IFCDIRECTION((0.,0.,1.));
#10525=IFCEXTRUDEDAREASOLID(#10521,#10523,#10524,0.1);
#10526=IFCSTYLEDITEM(#10525,(#104),$);
#10527=IFCCARTESIANPOINT((2.51525423728814,2.87525423728814));
#10528=IFCAXIS2PLACEMENT2D(#10527,$);
#10529=IFCRECTANGLEPROFILEDEF(.AREA.,$,#10528,5.03050847457627,0.08);
#10530=IFCCARTESIANPOINT((0.,0.,0.1));
#10531=IFCAXIS2PLACEMENT3D(#10530,$,$);
#10532=IFCDIRECTION((0.,0.,1.));
#10533=IFCEXTRUDEDAREASOLID(#10529,#10531,#10532,2.5);
#10534=IFCSTYLEDITEM(#10533,(#32),$);
#10535=IFCCARTESIANPOINT((0.04,2.04067796610169));
#10536=IFCAXIS2PLACEMENT2D(#10535,$);
#10537=IFCRECTANGLEPROFILEDEF(.AREA.,$,#10536,0.08,1.74915254237288);
#10538=IFCCARTESIANPOINT((0.,0.,0.1));
#10539=IFCAXIS2PLACEMENT3D(#10538,$,$);
#10540=IFCDIRECTION((0.,0.,1.));
#10541=IFCEXTRUDEDAREASOLID(#10537,#10539,#10540,2.5);
#10542=IFCSTYLEDITEM(#10541,(#32),$);
#10543=IFCCARTESIANPOINT((4.99050847457627,2.04067796610169));
#10544=IFCAXIS2PLACEMENT2D(#10543,$);
#10545=IFCRECTANGLEPROFILEDEF(.AREA.,$,#10544,0.08,1.74915254237288);
#10546=IFCCARTESIANPOINT((0.,0.,0.1));
#10547=IFCAXIS2PLACEMENT3D(#10546,$,$);
#10548=IFCDIRECTION((0.,0.,1.));
#10549=IFCEXTRUDEDAREASOLID(#10545,#10547,#10548,2.5);
#10550=IFCSTYLEDITEM(#10549,(#32),$);
#10551=IFCBUILDINGELEMENTPROXY('3J2zxg_P1889FixQHP$qZw',$,'O13 - ECO HOUSE GARDEN','Stand expozitional generic - ECO HOUSE GARDEN',$,#10561,#10556,$,$);
#10555=IFCSHAPEREPRESENTATION(#11,'Body','SweptSolid',(#10525,#10533,#10541,#10549));
#10556=IFCPRODUCTDEFINITIONSHAPE($,$,(#10555));
#10557=IFCCARTESIANPOINT((240.962711864407,54.2508474576271,0.));
#10558=IFCDIRECTION((0.,0.,1.));
#10559=IFCDIRECTION((1.,0.,0.));
#10560=IFCAXIS2PLACEMENT3D(#10557,#10558,#10559);
#10561=IFCLOCALPLACEMENT(#20,#10560);
#10562=IFCPROPERTYSET('19qveP60zCgA9rkP2tsjMs',$,'NZEB_ExhibitorInfo',$,(#10564,#10565,#10566,#10567,#10568,#10569,#10570,#10571));
#10563=IFCRELDEFINESBYPROPERTIES('3qDj2mwoLDRBtY7wRHbwyE',$,$,$,(#10551),#10562);
#10564=IFCPROPERTYSINGLEVALUE('CompanyName',$,IFCLABEL('ECO HOUSE GARDEN'),$);
#10565=IFCPROPERTYSINGLEVALUE('StandNumber',$,IFCLABEL('O13'),$);
#10566=IFCPROPERTYSINGLEVALUE('Zone',$,IFCLABEL('ZONA 7'),$);
#10567=IFCPROPERTYSINGLEVALUE('AreaSqm',$,IFCREAL(14.7),$);
#10568=IFCPROPERTYSINGLEVALUE('Category',$,IFCLABEL('Gradina, peisagistica si exterior'),$);
#10569=IFCPROPERTYSINGLEVALUE('CategoryCode',$,IFCLABEL('C16'),$);
#10570=IFCPROPERTYSINGLEVALUE('Indoor',$,IFCBOOLEAN(.F.),$);
#10571=IFCPROPERTYSINGLEVALUE('Event',$,IFCLABEL('NZEB Expo Bucuresti 2026'),$);
#10572=IFCCARTESIANPOINT((1.45762711864407,1.45762711864407));
#10573=IFCAXIS2PLACEMENT2D(#10572,$);
#10574=IFCRECTANGLEPROFILEDEF(.AREA.,$,#10573,2.91525423728814,2.91525423728814);
#10575=IFCCARTESIANPOINT((0.,0.,0.));
#10576=IFCAXIS2PLACEMENT3D(#10575,$,$);
#10577=IFCDIRECTION((0.,0.,1.));
#10578=IFCEXTRUDEDAREASOLID(#10574,#10576,#10577,0.1);
#10579=IFCSTYLEDITEM(#10578,(#104),$);
#10580=IFCCARTESIANPOINT((1.45762711864407,2.87525423728814));
#10581=IFCAXIS2PLACEMENT2D(#10580,$);
#10582=IFCRECTANGLEPROFILEDEF(.AREA.,$,#10581,2.91525423728814,0.08);
#10583=IFCCARTESIANPOINT((0.,0.,0.1));
#10584=IFCAXIS2PLACEMENT3D(#10583,$,$);
#10585=IFCDIRECTION((0.,0.,1.));
#10586=IFCEXTRUDEDAREASOLID(#10582,#10584,#10585,2.5);
#10587=IFCSTYLEDITEM(#10586,(#32),$);
#10588=IFCCARTESIANPOINT((0.04,2.04067796610169));
#10589=IFCAXIS2PLACEMENT2D(#10588,$);
#10590=IFCRECTANGLEPROFILEDEF(.AREA.,$,#10589,0.08,1.74915254237288);
#10591=IFCCARTESIANPOINT((0.,0.,0.1));
#10592=IFCAXIS2PLACEMENT3D(#10591,$,$);
#10593=IFCDIRECTION((0.,0.,1.));
#10594=IFCEXTRUDEDAREASOLID(#10590,#10592,#10593,2.5);
#10595=IFCSTYLEDITEM(#10594,(#32),$);
#10596=IFCCARTESIANPOINT((2.87525423728814,2.04067796610169));
#10597=IFCAXIS2PLACEMENT2D(#10596,$);
#10598=IFCRECTANGLEPROFILEDEF(.AREA.,$,#10597,0.08,1.74915254237288);
#10599=IFCCARTESIANPOINT((0.,0.,0.1));
#10600=IFCAXIS2PLACEMENT3D(#10599,$,$);
#10601=IFCDIRECTION((0.,0.,1.));
#10602=IFCEXTRUDEDAREASOLID(#10598,#10600,#10601,2.5);
#10603=IFCSTYLEDITEM(#10602,(#32),$);
#10604=IFCBUILDINGELEMENTPROXY('04dAOwonH9rAqqiMf83Sh5',$,'O16 - ALL WORLD LOGISTICS','Stand expozitional generic - ALL WORLD LOGISTICS',$,#10614,#10609,$,$);
#10608=IFCSHAPEREPRESENTATION(#11,'Body','SweptSolid',(#10578,#10586,#10594,#10602));
#10609=IFCPRODUCTDEFINITIONSHAPE($,$,(#10608));
#10610=IFCCARTESIANPOINT((222.64406779661,45.0033898305085,0.));
#10611=IFCDIRECTION((0.,0.,1.));
#10612=IFCDIRECTION((1.,0.,0.));
#10613=IFCAXIS2PLACEMENT3D(#10610,#10611,#10612);
#10614=IFCLOCALPLACEMENT(#20,#10613);
#10615=IFCPROPERTYSET('2rOHbRjU9CfBvY2DyENGDI',$,'NZEB_ExhibitorInfo',$,(#10617,#10618,#10619,#10620,#10621,#10622,#10623,#10624));
#10616=IFCRELDEFINESBYPROPERTIES('3$uKpkSYf0uhTOvxWzxbkg',$,$,$,(#10604),#10615);
#10617=IFCPROPERTYSINGLEVALUE('CompanyName',$,IFCLABEL('ALL WORLD LOGISTICS'),$);
#10618=IFCPROPERTYSINGLEVALUE('StandNumber',$,IFCLABEL('O16'),$);
#10619=IFCPROPERTYSINGLEVALUE('Zone',$,IFCLABEL('ZONA 7'),$);
#10620=IFCPROPERTYSINGLEVALUE('AreaSqm',$,IFCREAL(8.5),$);
#10621=IFCPROPERTYSINGLEVALUE('Category',$,IFCLABEL('Produse si servicii pentru constructii (general)'),$);
#10622=IFCPROPERTYSINGLEVALUE('CategoryCode',$,IFCLABEL('C99'),$);
#10623=IFCPROPERTYSINGLEVALUE('Indoor',$,IFCBOOLEAN(.F.),$);
#10624=IFCPROPERTYSINGLEVALUE('Event',$,IFCLABEL('NZEB Expo Bucuresti 2026'),$);
#10625=IFCCARTESIANPOINT((9.01694915254237,3.52542372881356));
#10626=IFCAXIS2PLACEMENT2D(#10625,$);
#10627=IFCRECTANGLEPROFILEDEF(.AREA.,$,#10626,18.0338983050847,7.05084745762712);
#10628=IFCCARTESIANPOINT((0.,0.,0.));
#10629=IFCAXIS2PLACEMENT3D(#10628,$,$);
#10630=IFCDIRECTION((0.,0.,1.));
#10631=IFCEXTRUDEDAREASOLID(#10627,#10629,#10630,0.1);
#10632=IFCSTYLEDITEM(#10631,(#104),$);
#10633=IFCCARTESIANPOINT((9.01694915254237,7.01084745762712));
#10634=IFCAXIS2PLACEMENT2D(#10633,$);
#10635=IFCRECTANGLEPROFILEDEF(.AREA.,$,#10634,18.0338983050847,0.08);
#10636=IFCCARTESIANPOINT((0.,0.,0.1));
#10637=IFCAXIS2PLACEMENT3D(#10636,$,$);
#10638=IFCDIRECTION((0.,0.,1.));
#10639=IFCEXTRUDEDAREASOLID(#10635,#10637,#10638,2.5);
#10640=IFCSTYLEDITEM(#10639,(#32),$);
#10641=IFCCARTESIANPOINT((0.04,5.05084745762712));
#10642=IFCAXIS2PLACEMENT2D(#10641,$);
#10643=IFCRECTANGLEPROFILEDEF(.AREA.,$,#10642,0.08,4.);
#10644=IFCCARTESIANPOINT((0.,0.,0.1));
#10645=IFCAXIS2PLACEMENT3D(#10644,$,$);
#10646=IFCDIRECTION((0.,0.,1.));
#10647=IFCEXTRUDEDAREASOLID(#10643,#10645,#10646,2.5);
#10648=IFCSTYLEDITEM(#10647,(#32),$);
#10649=IFCCARTESIANPOINT((17.9938983050847,5.05084745762712));
#10650=IFCAXIS2PLACEMENT2D(#10649,$);
#10651=IFCRECTANGLEPROFILEDEF(.AREA.,$,#10650,0.08,4.);
#10652=IFCCARTESIANPOINT((0.,0.,0.1));
#10653=IFCAXIS2PLACEMENT3D(#10652,$,$);
#10654=IFCDIRECTION((0.,0.,1.));
#10655=IFCEXTRUDEDAREASOLID(#10651,#10653,#10654,2.5);
#10656=IFCSTYLEDITEM(#10655,(#32),$);
#10657=IFCBUILDINGELEMENTPROXY('0VTgcmeSXDqQymRkBTf6_U',$,'Z7-1 - SITECH / CAT','Stand expozitional generic - SITECH / CAT',$,#10667,#10662,$,$);
#10661=IFCSHAPEREPRESENTATION(#11,'Body','SweptSolid',(#10631,#10639,#10647,#10655));
#10662=IFCPRODUCTDEFINITIONSHAPE($,$,(#10661));
#10663=IFCCARTESIANPOINT((215.457627118644,14.3186440677966,0.));
#10664=IFCDIRECTION((0.,0.,1.));
#10665=IFCDIRECTION((1.,0.,0.));
#10666=IFCAXIS2PLACEMENT3D(#10663,#10664,#10665);
#10667=IFCLOCALPLACEMENT(#20,#10666);
#10668=IFCPROPERTYSET('1oi0QGL8L9efOlNNWRf8wY',$,'NZEB_ExhibitorInfo',$,(#10670,#10671,#10672,#10673,#10674,#10675,#10676,#10677));
#10669=IFCRELDEFINESBYPROPERTIES('3LUyqkuvH1cx3uhArT0l4O',$,$,$,(#10657),#10668);
#10670=IFCPROPERTYSINGLEVALUE('CompanyName',$,IFCLABEL('SITECH / CAT'),$);
#10671=IFCPROPERTYSINGLEVALUE('StandNumber',$,IFCLABEL('Z7-1'),$);
#10672=IFCPROPERTYSINGLEVALUE('Zone',$,IFCLABEL('ZONA 7'),$);
#10673=IFCPROPERTYSINGLEVALUE('AreaSqm',$,IFCREAL(127.2),$);
#10674=IFCPROPERTYSINGLEVALUE('Category',$,IFCLABEL('Utilaje si echipamente pentru constructii'),$);
#10675=IFCPROPERTYSINGLEVALUE('CategoryCode',$,IFCLABEL('C21'),$);
#10676=IFCPROPERTYSINGLEVALUE('Indoor',$,IFCBOOLEAN(.F.),$);
#10677=IFCPROPERTYSINGLEVALUE('Event',$,IFCLABEL('NZEB Expo Bucuresti 2026'),$);
#10678=IFCCARTESIANPOINT((9.01694915254237,3.52542372881356));
#10679=IFCAXIS2PLACEMENT2D(#10678,$);
#10680=IFCRECTANGLEPROFILEDEF(.AREA.,$,#10679,18.0338983050847,7.05084745762712);
#10681=IFCCARTESIANPOINT((0.,0.,0.));
#10682=IFCAXIS2PLACEMENT3D(#10681,$,$);
#10683=IFCDIRECTION((0.,0.,1.));
#10684=IFCEXTRUDEDAREASOLID(#10680,#10682,#10683,0.1);
#10685=IFCSTYLEDITEM(#10684,(#104),$);
#10686=IFCCARTESIANPOINT((9.01694915254237,7.01084745762712));
#10687=IFCAXIS2PLACEMENT2D(#10686,$);
#10688=IFCRECTANGLEPROFILEDEF(.AREA.,$,#10687,18.0338983050847,0.08);
#10689=IFCCARTESIANPOINT((0.,0.,0.1));
#10690=IFCAXIS2PLACEMENT3D(#10689,$,$);
#10691=IFCDIRECTION((0.,0.,1.));
#10692=IFCEXTRUDEDAREASOLID(#10688,#10690,#10691,2.5);
#10693=IFCSTYLEDITEM(#10692,(#32),$);
#10694=IFCCARTESIANPOINT((0.04,5.05084745762712));
#10695=IFCAXIS2PLACEMENT2D(#10694,$);
#10696=IFCRECTANGLEPROFILEDEF(.AREA.,$,#10695,0.08,4.);
#10697=IFCCARTESIANPOINT((0.,0.,0.1));
#10698=IFCAXIS2PLACEMENT3D(#10697,$,$);
#10699=IFCDIRECTION((0.,0.,1.));
#10700=IFCEXTRUDEDAREASOLID(#10696,#10698,#10699,2.5);
#10701=IFCSTYLEDITEM(#10700,(#32),$);
#10702=IFCCARTESIANPOINT((17.9938983050847,5.05084745762712));
#10703=IFCAXIS2PLACEMENT2D(#10702,$);
#10704=IFCRECTANGLEPROFILEDEF(.AREA.,$,#10703,0.08,4.);
#10705=IFCCARTESIANPOINT((0.,0.,0.1));
#10706=IFCAXIS2PLACEMENT3D(#10705,$,$);
#10707=IFCDIRECTION((0.,0.,1.));
#10708=IFCEXTRUDEDAREASOLID(#10704,#10706,#10707,2.5);
#10709=IFCSTYLEDITEM(#10708,(#32),$);
#10710=IFCBUILDINGELEMENTPROXY('3FTDIH3m97bQbwn9RHEK2Z',$,'Z7-2 - KUHN','Stand expozitional generic - KUHN',$,#10720,#10715,$,$);
#10714=IFCSHAPEREPRESENTATION(#11,'Body','SweptSolid',(#10684,#10692,#10700,#10708));
#10715=IFCPRODUCTDEFINITIONSHAPE($,$,(#10714));
#10716=IFCCARTESIANPOINT((215.457627118644,5.91186440677966,0.));
#10717=IFCDIRECTION((0.,0.,1.));
#10718=IFCDIRECTION((1.,0.,0.));
#10719=IFCAXIS2PLACEMENT3D(#10716,#10717,#10718);
#10720=IFCLOCALPLACEMENT(#20,#10719);
#10721=IFCPROPERTYSET('0C7tRpyNnBfgCefJaWbBdV',$,'NZEB_ExhibitorInfo',$,(#10723,#10724,#10725,#10726,#10727,#10728,#10729,#10730));
#10722=IFCRELDEFINESBYPROPERTIES('1AhrccM912DOiXkjxMBPIY',$,$,$,(#10710),#10721);
#10723=IFCPROPERTYSINGLEVALUE('CompanyName',$,IFCLABEL('KUHN'),$);
#10724=IFCPROPERTYSINGLEVALUE('StandNumber',$,IFCLABEL('Z7-2'),$);
#10725=IFCPROPERTYSINGLEVALUE('Zone',$,IFCLABEL('ZONA 7'),$);
#10726=IFCPROPERTYSINGLEVALUE('AreaSqm',$,IFCREAL(127.2),$);
#10727=IFCPROPERTYSINGLEVALUE('Category',$,IFCLABEL('Utilaje si echipamente pentru constructii'),$);
#10728=IFCPROPERTYSINGLEVALUE('CategoryCode',$,IFCLABEL('C21'),$);
#10729=IFCPROPERTYSINGLEVALUE('Indoor',$,IFCBOOLEAN(.F.),$);
#10730=IFCPROPERTYSINGLEVALUE('Event',$,IFCLABEL('NZEB Expo Bucuresti 2026'),$);
#10731=IFCCARTESIANPOINT((9.01694915254237,3.52542372881356));
#10732=IFCAXIS2PLACEMENT2D(#10731,$);
#10733=IFCRECTANGLEPROFILEDEF(.AREA.,$,#10732,18.0338983050847,7.05084745762712);
#10734=IFCCARTESIANPOINT((0.,0.,0.));
#10735=IFCAXIS2PLACEMENT3D(#10734,$,$);
#10736=IFCDIRECTION((0.,0.,1.));
#10737=IFCEXTRUDEDAREASOLID(#10733,#10735,#10736,0.1);
#10738=IFCSTYLEDITEM(#10737,(#104),$);
#10739=IFCCARTESIANPOINT((9.01694915254237,7.01084745762712));
#10740=IFCAXIS2PLACEMENT2D(#10739,$);
#10741=IFCRECTANGLEPROFILEDEF(.AREA.,$,#10740,18.0338983050847,0.08);
#10742=IFCCARTESIANPOINT((0.,0.,0.1));
#10743=IFCAXIS2PLACEMENT3D(#10742,$,$);
#10744=IFCDIRECTION((0.,0.,1.));
#10745=IFCEXTRUDEDAREASOLID(#10741,#10743,#10744,2.5);
#10746=IFCSTYLEDITEM(#10745,(#32),$);
#10747=IFCCARTESIANPOINT((0.04,5.05084745762712));
#10748=IFCAXIS2PLACEMENT2D(#10747,$);
#10749=IFCRECTANGLEPROFILEDEF(.AREA.,$,#10748,0.08,4.);
#10750=IFCCARTESIANPOINT((0.,0.,0.1));
#10751=IFCAXIS2PLACEMENT3D(#10750,$,$);
#10752=IFCDIRECTION((0.,0.,1.));
#10753=IFCEXTRUDEDAREASOLID(#10749,#10751,#10752,2.5);
#10754=IFCSTYLEDITEM(#10753,(#32),$);
#10755=IFCCARTESIANPOINT((17.9938983050847,5.05084745762712));
#10756=IFCAXIS2PLACEMENT2D(#10755,$);
#10757=IFCRECTANGLEPROFILEDEF(.AREA.,$,#10756,0.08,4.);
#10758=IFCCARTESIANPOINT((0.,0.,0.1));
#10759=IFCAXIS2PLACEMENT3D(#10758,$,$);
#10760=IFCDIRECTION((0.,0.,1.));
#10761=IFCEXTRUDEDAREASOLID(#10757,#10759,#10760,2.5);
#10762=IFCSTYLEDITEM(#10761,(#32),$);
#10763=IFCBUILDINGELEMENTPROXY('3O8set0Xn2VBQSL65fEXQB',$,'Z7-3 - UTILBEN','Stand expozitional generic - UTILBEN',$,#10773,#10768,$,$);
#10767=IFCSHAPEREPRESENTATION(#11,'Body','SweptSolid',(#10737,#10745,#10753,#10761));
#10768=IFCPRODUCTDEFINITIONSHAPE($,$,(#10767));
#10769=IFCCARTESIANPOINT((215.457627118644,-2.49491525423729,0.));
#10770=IFCDIRECTION((0.,0.,1.));
#10771=IFCDIRECTION((1.,0.,0.));
#10772=IFCAXIS2PLACEMENT3D(#10769,#10770,#10771);
#10773=IFCLOCALPLACEMENT(#20,#10772);
#10774=IFCPROPERTYSET('1K7B_MCl50Hw77bp4M92Ua',$,'NZEB_ExhibitorInfo',$,(#10776,#10777,#10778,#10779,#10780,#10781,#10782,#10783,#10784));
#10775=IFCRELDEFINESBYPROPERTIES('14OzMGuIv71xW4We2hx2OD',$,$,$,(#10763),#10774);
#10776=IFCPROPERTYSINGLEVALUE('CompanyName',$,IFCLABEL('UTILBEN'),$);
#10777=IFCPROPERTYSINGLEVALUE('StandNumber',$,IFCLABEL('Z7-3'),$);
#10778=IFCPROPERTYSINGLEVALUE('Zone',$,IFCLABEL('ZONA 7'),$);
#10779=IFCPROPERTYSINGLEVALUE('AreaSqm',$,IFCREAL(127.2),$);
#10780=IFCPROPERTYSINGLEVALUE('Category',$,IFCLABEL('Utilaje si echipamente pentru constructii'),$);
#10781=IFCPROPERTYSINGLEVALUE('CategoryCode',$,IFCLABEL('C21'),$);
#10782=IFCPROPERTYSINGLEVALUE('Indoor',$,IFCBOOLEAN(.F.),$);
#10783=IFCPROPERTYSINGLEVALUE('Event',$,IFCLABEL('NZEB Expo Bucuresti 2026'),$);
#10784=IFCPROPERTYSINGLEVALUE('Website',$,IFCLABEL('https://www.utilben.ro'),$);
#10785=IFCCARTESIANPOINT((3.5,2.));
#10786=IFCAXIS2PLACEMENT2D(#10785,$);
#10787=IFCRECTANGLEPROFILEDEF(.AREA.,$,#10786,7.,4.);
#10788=IFCCARTESIANPOINT((0.,0.,0.));
#10789=IFCAXIS2PLACEMENT3D(#10788,$,$);
#10790=IFCDIRECTION((0.,0.,1.));
#10791=IFCEXTRUDEDAREASOLID(#10787,#10789,#10790,0.02);
#10792=IFCSTYLEDITEM(#10791,(#80),$);
#10793=IFCCOVERING('3_gOWnNVvB_wCT466uqMuY',$,'F15 - Mocheta stand 28 mp',$,$,#10803,#10798,$,.FLOORING.);
#10797=IFCSHAPEREPRESENTATION(#11,'Body','SweptSolid',(#10791));
#10798=IFCPRODUCTDEFINITIONSHAPE($,$,(#10797));
#10799=IFCCARTESIANPOINT((102.694915254237,56.5016949152542,0.));
#10800=IFCDIRECTION((0.,0.,1.));
#10801=IFCDIRECTION((1.,0.,0.));
#10802=IFCAXIS2PLACEMENT3D(#10799,#10800,#10801);
#10803=IFCLOCALPLACEMENT(#26,#10802);
#10804=IFCCARTESIANPOINT((6.35,3.975));
#10805=IFCAXIS2PLACEMENT2D(#10804,$);
#10806=IFCRECTANGLEPROFILEDEF(.AREA.,$,#10805,1.2,0.05);
#10807=IFCCARTESIANPOINT((0.,0.,0.02));
#10808=IFCAXIS2PLACEMENT3D(#10807,$,$);
#10809=IFCDIRECTION((0.,0.,1.));
#10810=IFCEXTRUDEDAREASOLID(#10806,#10808,#10809,2.23);
#10811=IFCSTYLEDITEM(#10810,(#41),$);
#10812=IFCWALL('27WW6m0BL9KOElYXdJLoLh',$,'F15 - Panou pop-up textil 120x223 (spate 1)',$,$,#10822,#10817,$,$);
#10816=IFCSHAPEREPRESENTATION(#11,'Body','SweptSolid',(#10810));
#10817=IFCPRODUCTDEFINITIONSHAPE($,$,(#10816));
#10818=IFCCARTESIANPOINT((102.694915254237,56.5016949152542,0.));
#10819=IFCDIRECTION((0.,0.,1.));
#10820=IFCDIRECTION((1.,0.,0.));
#10821=IFCAXIS2PLACEMENT3D(#10818,#10819,#10820);
#10822=IFCLOCALPLACEMENT(#26,#10821);
#10823=IFCCARTESIANPOINT((5.15,3.975));
#10824=IFCAXIS2PLACEMENT2D(#10823,$);
#10825=IFCRECTANGLEPROFILEDEF(.AREA.,$,#10824,1.2,0.05);
#10826=IFCCARTESIANPOINT((0.,0.,0.02));
#10827=IFCAXIS2PLACEMENT3D(#10826,$,$);
#10828=IFCDIRECTION((0.,0.,1.));
#10829=IFCEXTRUDEDAREASOLID(#10825,#10827,#10828,2.23);
#10830=IFCSTYLEDITEM(#10829,(#38),$);
#10831=IFCWALL('296FXC77TA3wWxZSPfrvBb',$,'F15 - Panou pop-up textil 120x223 (spate 2)',$,$,#10841,#10836,$,$);
#10835=IFCSHAPEREPRESENTATION(#11,'Body','SweptSolid',(#10829));
#10836=IFCPRODUCTDEFINITIONSHAPE($,$,(#10835));
#10837=IFCCARTESIANPOINT((102.694915254237,56.5016949152542,0.));
#10838=IFCDIRECTION((0.,0.,1.));
#10839=IFCDIRECTION((1.,0.,0.));
#10840=IFCAXIS2PLACEMENT3D(#10837,#10838,#10839);
#10841=IFCLOCALPLACEMENT(#26,#10840);
#10842=IFCCARTESIANPOINT((3.8,3.975));
#10843=IFCAXIS2PLACEMENT2D(#10842,$);
#10844=IFCRECTANGLEPROFILEDEF(.AREA.,$,#10843,1.5,0.05);
#10845=IFCCARTESIANPOINT((0.,0.,0.02));
#10846=IFCAXIS2PLACEMENT3D(#10845,$,$);
#10847=IFCDIRECTION((0.,0.,1.));
#10848=IFCEXTRUDEDAREASOLID(#10844,#10846,#10847,2.23);
#10849=IFCSTYLEDITEM(#10848,(#41),$);
#10850=IFCWALL('0HpuqdCJ975PiJTsL1brfg',$,'F15 - Panou pop-up textil 150x223 (spate 3)',$,$,#10860,#10855,$,$);
#10854=IFCSHAPEREPRESENTATION(#11,'Body','SweptSolid',(#10848));
#10855=IFCPRODUCTDEFINITIONSHAPE($,$,(#10854));
#10856=IFCCARTESIANPOINT((102.694915254237,56.5016949152542,0.));
#10857=IFCDIRECTION((0.,0.,1.));
#10858=IFCDIRECTION((1.,0.,0.));
#10859=IFCAXIS2PLACEMENT3D(#10856,#10857,#10858);
#10860=IFCLOCALPLACEMENT(#26,#10859);
#10861=IFCCARTESIANPOINT((2.3,3.975));
#10862=IFCAXIS2PLACEMENT2D(#10861,$);
#10863=IFCRECTANGLEPROFILEDEF(.AREA.,$,#10862,1.5,0.05);
#10864=IFCCARTESIANPOINT((0.,0.,0.02));
#10865=IFCAXIS2PLACEMENT3D(#10864,$,$);
#10866=IFCDIRECTION((0.,0.,1.));
#10867=IFCEXTRUDEDAREASOLID(#10863,#10865,#10866,2.23);
#10868=IFCSTYLEDITEM(#10867,(#38),$);
#10869=IFCWALL('2EBKGm7Gj20PC6UsW0Cgv9',$,'F15 - Panou pop-up textil 150x223 (spate 4)',$,$,#10879,#10874,$,$);
#10873=IFCSHAPEREPRESENTATION(#11,'Body','SweptSolid',(#10867));
#10874=IFCPRODUCTDEFINITIONSHAPE($,$,(#10873));
#10875=IFCCARTESIANPOINT((102.694915254237,56.5016949152542,0.));
#10876=IFCDIRECTION((0.,0.,1.));
#10877=IFCDIRECTION((1.,0.,0.));
#10878=IFCAXIS2PLACEMENT3D(#10875,#10876,#10877);
#10879=IFCLOCALPLACEMENT(#26,#10878);
#10880=IFCCARTESIANPOINT((0.8,3.975));
#10881=IFCAXIS2PLACEMENT2D(#10880,$);
#10882=IFCRECTANGLEPROFILEDEF(.AREA.,$,#10881,1.5,0.05);
#10883=IFCCARTESIANPOINT((0.,0.,0.02));
#10884=IFCAXIS2PLACEMENT3D(#10883,$,$);
#10885=IFCDIRECTION((0.,0.,1.));
#10886=IFCEXTRUDEDAREASOLID(#10882,#10884,#10885,2.23);
#10887=IFCSTYLEDITEM(#10886,(#41),$);
#10888=IFCWALL('2ZWqtKXU9EmfyFywfXNtgL',$,'F15 - Panou pop-up textil 150x223 (spate 5)',$,$,#10898,#10893,$,$);
#10892=IFCSHAPEREPRESENTATION(#11,'Body','SweptSolid',(#10886));
#10893=IFCPRODUCTDEFINITIONSHAPE($,$,(#10892));
#10894=IFCCARTESIANPOINT((102.694915254237,56.5016949152542,0.));
#10895=IFCDIRECTION((0.,0.,1.));
#10896=IFCDIRECTION((1.,0.,0.));
#10897=IFCAXIS2PLACEMENT3D(#10894,#10895,#10896);
#10898=IFCLOCALPLACEMENT(#26,#10897);
#10899=IFCCARTESIANPOINT((0.025,3.35));
#10900=IFCAXIS2PLACEMENT2D(#10899,$);
#10901=IFCRECTANGLEPROFILEDEF(.AREA.,$,#10900,0.05,1.2);
#10902=IFCCARTESIANPOINT((0.,0.,0.02));
#10903=IFCAXIS2PLACEMENT3D(#10902,$,$);
#10904=IFCDIRECTION((0.,0.,1.));
#10905=IFCEXTRUDEDAREASOLID(#10901,#10903,#10904,2.23);
#10906=IFCSTYLEDITEM(#10905,(#38),$);
#10907=IFCWALL('0ckboipvr4zu2Me3xwSK1r',$,'F15 - Panou pop-up textil 120x223 (lateral 1)',$,$,#10917,#10912,$,$);
#10911=IFCSHAPEREPRESENTATION(#11,'Body','SweptSolid',(#10905));
#10912=IFCPRODUCTDEFINITIONSHAPE($,$,(#10911));
#10913=IFCCARTESIANPOINT((102.694915254237,56.5016949152542,0.));
#10914=IFCDIRECTION((0.,0.,1.));
#10915=IFCDIRECTION((1.,0.,0.));
#10916=IFCAXIS2PLACEMENT3D(#10913,#10914,#10915);
#10917=IFCLOCALPLACEMENT(#26,#10916);
#10918=IFCCARTESIANPOINT((0.025,2.15));
#10919=IFCAXIS2PLACEMENT2D(#10918,$);
#10920=IFCRECTANGLEPROFILEDEF(.AREA.,$,#10919,0.05,1.2);
#10921=IFCCARTESIANPOINT((0.,0.,0.02));
#10922=IFCAXIS2PLACEMENT3D(#10921,$,$);
#10923=IFCDIRECTION((0.,0.,1.));
#10924=IFCEXTRUDEDAREASOLID(#10920,#10922,#10923,2.23);
#10925=IFCSTYLEDITEM(#10924,(#41),$);
#10926=IFCWALL('0q7lF3T_jFNPOPfBKPG40Q',$,'F15 - Panou pop-up textil 120x223 (lateral 2)',$,$,#10936,#10931,$,$);
#10930=IFCSHAPEREPRESENTATION(#11,'Body','SweptSolid',(#10924));
#10931=IFCPRODUCTDEFINITIONSHAPE($,$,(#10930));
#10932=IFCCARTESIANPOINT((102.694915254237,56.5016949152542,0.));
#10933=IFCDIRECTION((0.,0.,1.));
#10934=IFCDIRECTION((1.,0.,0.));
#10935=IFCAXIS2PLACEMENT3D(#10932,#10933,#10934);
#10936=IFCLOCALPLACEMENT(#26,#10935);
#10937=IFCCARTESIANPOINT((0.025,0.8));
#10938=IFCAXIS2PLACEMENT2D(#10937,$);
#10939=IFCRECTANGLEPROFILEDEF(.AREA.,$,#10938,0.05,1.5);
#10940=IFCCARTESIANPOINT((0.,0.,0.02));
#10941=IFCAXIS2PLACEMENT3D(#10940,$,$);
#10942=IFCDIRECTION((0.,0.,1.));
#10943=IFCEXTRUDEDAREASOLID(#10939,#10941,#10942,2.23);
#10944=IFCSTYLEDITEM(#10943,(#38),$);
#10945=IFCWALL('2JlJlyA8HBVOWxME$Y0Y1F',$,'F15 - Panou pop-up textil 150x223 (lateral 3)',$,$,#10955,#10950,$,$);
#10949=IFCSHAPEREPRESENTATION(#11,'Body','SweptSolid',(#10943));
#10950=IFCPRODUCTDEFINITIONSHAPE($,$,(#10949));
#10951=IFCCARTESIANPOINT((102.694915254237,56.5016949152542,0.));
#10952=IFCDIRECTION((0.,0.,1.));
#10953=IFCDIRECTION((1.,0.,0.));
#10954=IFCAXIS2PLACEMENT3D(#10951,#10952,#10953);
#10955=IFCLOCALPLACEMENT(#26,#10954);
#10956=IFCCARTESIANPOINT((0.8,0.025));
#10957=IFCAXIS2PLACEMENT2D(#10956,$);
#10958=IFCRECTANGLEPROFILEDEF(.AREA.,$,#10957,1.5,0.05);
#10959=IFCCARTESIANPOINT((0.,0.,0.02));
#10960=IFCAXIS2PLACEMENT3D(#10959,$,$);
#10961=IFCDIRECTION((0.,0.,1.));
#10962=IFCEXTRUDEDAREASOLID(#10958,#10960,#10961,2.23);
#10963=IFCSTYLEDITEM(#10962,(#41),$);
#10964=IFCWALL('02Eoyx1KzDQ9ys0egopzbZ',$,'F15 - Panou pop-up textil 150x223 (front 1)',$,$,#10974,#10969,$,$);
#10968=IFCSHAPEREPRESENTATION(#11,'Body','SweptSolid',(#10962));
#10969=IFCPRODUCTDEFINITIONSHAPE($,$,(#10968));
#10970=IFCCARTESIANPOINT((102.694915254237,56.5016949152542,0.));
#10971=IFCDIRECTION((0.,0.,1.));
#10972=IFCDIRECTION((1.,0.,0.));
#10973=IFCAXIS2PLACEMENT3D(#10970,#10971,#10972);
#10974=IFCLOCALPLACEMENT(#26,#10973);
#10975=IFCCARTESIANPOINT((2.15,0.025));
#10976=IFCAXIS2PLACEMENT2D(#10975,$);
#10977=IFCRECTANGLEPROFILEDEF(.AREA.,$,#10976,1.2,0.05);
#10978=IFCCARTESIANPOINT((0.,0.,0.02));
#10979=IFCAXIS2PLACEMENT3D(#10978,$,$);
#10980=IFCDIRECTION((0.,0.,1.));
#10981=IFCEXTRUDEDAREASOLID(#10977,#10979,#10980,2.23);
#10982=IFCSTYLEDITEM(#10981,(#38),$);
#10983=IFCWALL('3KvMSRpFXDPO9OcNg_hzOv',$,'F15 - Panou pop-up textil 120x223 (front 2)',$,$,#10993,#10988,$,$);
#10987=IFCSHAPEREPRESENTATION(#11,'Body','SweptSolid',(#10981));
#10988=IFCPRODUCTDEFINITIONSHAPE($,$,(#10987));
#10989=IFCCARTESIANPOINT((102.694915254237,56.5016949152542,0.));
#10990=IFCDIRECTION((0.,0.,1.));
#10991=IFCDIRECTION((1.,0.,0.));
#10992=IFCAXIS2PLACEMENT3D(#10989,#10990,#10991);
#10993=IFCLOCALPLACEMENT(#26,#10992);
#10994=IFCCARTESIANPOINT((2.955,1.2));
#10995=IFCAXIS2PLACEMENT2D(#10994,$);
#10996=IFCRECTANGLEPROFILEDEF(.AREA.,$,#10995,0.05,2.4);
#10997=IFCCARTESIANPOINT((0.,0.,0.02));
#10998=IFCAXIS2PLACEMENT3D(#10997,$,$);
#10999=IFCDIRECTION((0.,0.,1.));
#11000=IFCEXTRUDEDAREASOLID(#10996,#10998,#10999,2.23);
#11001=IFCSTYLEDITEM(#11000,(#44),$);
#11002=IFCWALL('3AI99_V1PC4PpFo3247YOI',$,'F15 - Panou pop-up textil 240x223 (despartitor)','Separa zona discutii de zona Classroom',$,#11012,#11007,$,$);
#11006=IFCSHAPEREPRESENTATION(#11,'Body','SweptSolid',(#11000));
#11007=IFCPRODUCTDEFINITIONSHAPE($,$,(#11006));
#11008=IFCCARTESIANPOINT((102.694915254237,56.5016949152542,0.));
#11009=IFCDIRECTION((0.,0.,1.));
#11010=IFCDIRECTION((1.,0.,0.));
#11011=IFCAXIS2PLACEMENT3D(#11008,#11009,#11010);
#11012=IFCLOCALPLACEMENT(#26,#11011);
#11013=IFCCARTESIANPOINT((6.5,3.55));
#11014=IFCAXIS2PLACEMENT2D(#11013,$);
#11015=IFCRECTANGLEPROFILEDEF(.AREA.,$,#11014,0.8,0.8);
#11016=IFCCARTESIANPOINT((0.,0.,0.02));
#11017=IFCAXIS2PLACEMENT3D(#11016,$,$);
#11018=IFCDIRECTION((0.,0.,1.));
#11019=IFCEXTRUDEDAREASOLID(#11015,#11017,#11018,4.);
#11020=IFCSTYLEDITEM(#11019,(#35),$);
#11021=IFCCOLUMN('3INQowJWPEnwoC5rL$4aRO',$,'F15 - Totem "in openBIM we trust" 4.00 m','Totem textil navy 4.0 m cu branding buildingSMART Romania, colt culoar',$,#11031,#11026,$,$);
#11025=IFCSHAPEREPRESENTATION(#11,'Body','SweptSolid',(#11019));
#11026=IFCPRODUCTDEFINITIONSHAPE($,$,(#11025));
#11027=IFCCARTESIANPOINT((102.694915254237,56.5016949152542,0.));
#11028=IFCDIRECTION((0.,0.,1.));
#11029=IFCDIRECTION((1.,0.,0.));
#11030=IFCAXIS2PLACEMENT3D(#11027,#11028,#11029);
#11031=IFCLOCALPLACEMENT(#26,#11030);
#11032=IFCCARTESIANPOINT((1.4,3.6));
#11033=IFCAXIS2PLACEMENT2D(#11032,$);
#11034=IFCRECTANGLEPROFILEDEF(.AREA.,$,#11033,0.1,0.4);
#11035=IFCCARTESIANPOINT((0.,0.,0.02));
#11036=IFCAXIS2PLACEMENT3D(#11035,$,$);
#11037=IFCDIRECTION((0.,0.,1.));
#11038=IFCEXTRUDEDAREASOLID(#11034,#11036,#11037,0.8);
#11039=IFCSTYLEDITEM(#11038,(#47),$);
#11040=IFCCARTESIANPOINT((2.5,3.6));
#11041=IFCAXIS2PLACEMENT2D(#11040,$);
#11042=IFCRECTANGLEPROFILEDEF(.AREA.,$,#11041,0.1,0.4);
#11043=IFCCARTESIANPOINT((0.,0.,0.02));
#11044=IFCAXIS2PLACEMENT3D(#11043,$,$);
#11045=IFCDIRECTION((0.,0.,1.));
#11046=IFCEXTRUDEDAREASOLID(#11042,#11044,#11045,0.8);
#11047=IFCSTYLEDITEM(#11046,(#47),$);
#11048=IFCCARTESIANPOINT((1.95,3.6));
#11049=IFCAXIS2PLACEMENT2D(#11048,$);
#11050=IFCRECTANGLEPROFILEDEF(.AREA.,$,#11049,1.3,0.08);
#11051=IFCCARTESIANPOINT((0.,0.,0.8));
#11052=IFCAXIS2PLACEMENT3D(#11051,$,$);
#11053=IFCDIRECTION((0.,0.,1.));
#11054=IFCEXTRUDEDAREASOLID(#11050,#11052,#11053,0.75);
#11055=IFCSTYLEDITEM(#11054,(#47),$);
#11056=IFCFURNITURE('2QcEnoTZzBa9vbIvh2fsmc',$,'F15 - Stand TV + Televizor (Classroom)',$,$,#11066,#11061,$,$);
#11060=IFCSHAPEREPRESENTATION(#11,'Body','SweptSolid',(#11038,#11046,#11054));
#11061=IFCPRODUCTDEFINITIONSHAPE($,$,(#11060));
#11062=IFCCARTESIANPOINT((102.694915254237,56.5016949152542,0.));
#11063=IFCDIRECTION((0.,0.,1.));
#11064=IFCDIRECTION((1.,0.,0.));
#11065=IFCAXIS2PLACEMENT3D(#11062,#11063,#11064);
#11066=IFCLOCALPLACEMENT(#26,#11065);
#11067=IFCCARTESIANPOINT((0.75,3.3));
#11068=IFCAXIS2PLACEMENT2D(#11067,$);
#11069=IFCELLIPSEPROFILEDEF(.AREA.,$,#11068,0.6,0.32);
#11070=IFCCARTESIANPOINT((0.,0.,0.02));
#11071=IFCAXIS2PLACEMENT3D(#11070,$,$);
#11072=IFCDIRECTION((0.,0.,1.));
#11073=IFCEXTRUDEDAREASOLID(#11069,#11071,#11072,0.75);
#11074=IFCSTYLEDITEM(#11073,(#38),$);
#11075=IFCFURNITURE('2vQ0fnain6Xvtv9ofgu$pe',$,'F15 - Desk portabil oval',$,$,#11085,#11080,$,$);
#11079=IFCSHAPEREPRESENTATION(#11,'Body','SweptSolid',(#11073));
#11080=IFCPRODUCTDEFINITIONSHAPE($,$,(#11079));
#11081=IFCCARTESIANPOINT((102.694915254237,56.5016949152542,0.));
#11082=IFCDIRECTION((0.,0.,1.));
#11083=IFCDIRECTION((1.,0.,0.));
#11084=IFCAXIS2PLACEMENT3D(#11081,#11082,#11083);
#11085=IFCLOCALPLACEMENT(#26,#11084);
#11086=IFCCARTESIANPOINT((0.55,1.05));
#11087=IFCAXIS2PLACEMENT2D(#11086,$);
#11088=IFCRECTANGLEPROFILEDEF(.AREA.,$,#11087,0.48,0.48);
#11089=IFCCARTESIANPOINT((0.,0.,0.02));
#11090=IFCAXIS2PLACEMENT3D(#11089,$,$);
#11091=IFCDIRECTION((0.,0.,1.));
#11092=IFCEXTRUDEDAREASOLID(#11088,#11090,#11091,0.45);
#11093=IFCSTYLEDITEM(#11092,(#35),$);
#11094=IFCCARTESIANPOINT((0.55,0.775));
#11095=IFCAXIS2PLACEMENT2D(#11094,$);
#11096=IFCRECTANGLEPROFILEDEF(.AREA.,$,#11095,0.48,0.07);
#11097=IFCCARTESIANPOINT((0.,0.,0.45));
#11098=IFCAXIS2PLACEMENT3D(#11097,$,$);
#11099=IFCDIRECTION((0.,0.,1.));
#11100=IFCEXTRUDEDAREASOLID(#11096,#11098,#11099,0.5);
#11101=IFCSTYLEDITEM(#11100,(#35),$);
#11102=IFCCARTESIANPOINT((1.35,1.05));
#11103=IFCAXIS2PLACEMENT2D(#11102,$);
#11104=IFCRECTANGLEPROFILEDEF(.AREA.,$,#11103,0.48,0.48);
#11105=IFCCARTESIANPOINT((0.,0.,0.02));
#11106=IFCAXIS2PLACEMENT3D(#11105,$,$);
#11107=IFCDIRECTION((0.,0.,1.));
#11108=IFCEXTRUDEDAREASOLID(#11104,#11106,#11107,0.45);
#11109=IFCSTYLEDITEM(#11108,(#35),$);
#11110=IFCCARTESIANPOINT((1.35,0.775));
#11111=IFCAXIS2PLACEMENT2D(#11110,$);
#11112=IFCRECTANGLEPROFILEDEF(.AREA.,$,#11111,0.48,0.07);
#11113=IFCCARTESIANPOINT((0.,0.,0.45));
#11114=IFCAXIS2PLACEMENT3D(#11113,$,$);
#11115=IFCDIRECTION((0.,0.,1.));
#11116=IFCEXTRUDEDAREASOLID(#11112,#11114,#11115,0.5);
#11117=IFCSTYLEDITEM(#11116,(#35),$);
#11118=IFCCARTESIANPOINT((2.15,1.05));
#11119=IFCAXIS2PLACEMENT2D(#11118,$);
#11120=IFCRECTANGLEPROFILEDEF(.AREA.,$,#11119,0.48,0.48);
#11121=IFCCARTESIANPOINT((0.,0.,0.02));
#11122=IFCAXIS2PLACEMENT3D(#11121,$,$);
#11123=IFCDIRECTION((0.,0.,1.));
#11124=IFCEXTRUDEDAREASOLID(#11120,#11122,#11123,0.45);
#11125=IFCSTYLEDITEM(#11124,(#35),$);
#11126=IFCCARTESIANPOINT((2.15,0.775));
#11127=IFCAXIS2PLACEMENT2D(#11126,$);
#11128=IFCRECTANGLEPROFILEDEF(.AREA.,$,#11127,0.48,0.07);
#11129=IFCCARTESIANPOINT((0.,0.,0.45));
#11130=IFCAXIS2PLACEMENT3D(#11129,$,$);
#11131=IFCDIRECTION((0.,0.,1.));
#11132=IFCEXTRUDEDAREASOLID(#11128,#11130,#11131,0.5);
#11133=IFCSTYLEDITEM(#11132,(#35),$);
#11134=IFCCARTESIANPOINT((0.55,1.95));
#11135=IFCAXIS2PLACEMENT2D(#11134,$);
#11136=IFCRECTANGLEPROFILEDEF(.AREA.,$,#11135,0.48,0.48);
#11137=IFCCARTESIANPOINT((0.,0.,0.02));
#11138=IFCAXIS2PLACEMENT3D(#11137,$,$);
#11139=IFCDIRECTION((0.,0.,1.));
#11140=IFCEXTRUDEDAREASOLID(#11136,#11138,#11139,0.45);
#11141=IFCSTYLEDITEM(#11140,(#35),$);
#11142=IFCCARTESIANPOINT((0.55,1.675));
#11143=IFCAXIS2PLACEMENT2D(#11142,$);
#11144=IFCRECTANGLEPROFILEDEF(.AREA.,$,#11143,0.48,0.07);
#11145=IFCCARTESIANPOINT((0.,0.,0.45));
#11146=IFCAXIS2PLACEMENT3D(#11145,$,$);
#11147=IFCDIRECTION((0.,0.,1.));
#11148=IFCEXTRUDEDAREASOLID(#11144,#11146,#11147,0.5);
#11149=IFCSTYLEDITEM(#11148,(#35),$);
#11150=IFCCARTESIANPOINT((1.35,1.95));
#11151=IFCAXIS2PLACEMENT2D(#11150,$);
#11152=IFCRECTANGLEPROFILEDEF(.AREA.,$,#11151,0.48,0.48);
#11153=IFCCARTESIANPOINT((0.,0.,0.02));
#11154=IFCAXIS2PLACEMENT3D(#11153,$,$);
#11155=IFCDIRECTION((0.,0.,1.));
#11156=IFCEXTRUDEDAREASOLID(#11152,#11154,#11155,0.45);
#11157=IFCSTYLEDITEM(#11156,(#35),$);
#11158=IFCCARTESIANPOINT((1.35,1.675));
#11159=IFCAXIS2PLACEMENT2D(#11158,$);
#11160=IFCRECTANGLEPROFILEDEF(.AREA.,$,#11159,0.48,0.07);
#11161=IFCCARTESIANPOINT((0.,0.,0.45));
#11162=IFCAXIS2PLACEMENT3D(#11161,$,$);
#11163=IFCDIRECTION((0.,0.,1.));
#11164=IFCEXTRUDEDAREASOLID(#11160,#11162,#11163,0.5);
#11165=IFCSTYLEDITEM(#11164,(#35),$);
#11166=IFCCARTESIANPOINT((2.15,1.95));
#11167=IFCAXIS2PLACEMENT2D(#11166,$);
#11168=IFCRECTANGLEPROFILEDEF(.AREA.,$,#11167,0.48,0.48);
#11169=IFCCARTESIANPOINT((0.,0.,0.02));
#11170=IFCAXIS2PLACEMENT3D(#11169,$,$);
#11171=IFCDIRECTION((0.,0.,1.));
#11172=IFCEXTRUDEDAREASOLID(#11168,#11170,#11171,0.45);
#11173=IFCSTYLEDITEM(#11172,(#35),$);
#11174=IFCCARTESIANPOINT((2.15,1.675));
#11175=IFCAXIS2PLACEMENT2D(#11174,$);
#11176=IFCRECTANGLEPROFILEDEF(.AREA.,$,#11175,0.48,0.07);
#11177=IFCCARTESIANPOINT((0.,0.,0.45));
#11178=IFCAXIS2PLACEMENT3D(#11177,$,$);
#11179=IFCDIRECTION((0.,0.,1.));
#11180=IFCEXTRUDEDAREASOLID(#11176,#11178,#11179,0.5);
#11181=IFCSTYLEDITEM(#11180,(#35),$);
#11182=IFCFURNITURE('24Vzmvix9408PIP8AXmOE0',$,'F15 - Scaune zona Classroom (6 buc)','Doua randuri x 3 scaune orientate spre TV',$,#11192,#11187,$,$);
#11186=IFCSHAPEREPRESENTATION(#11,'Body','SweptSolid',(#11092,#11100,#11108,#11116,#11124,#11132,#11140,#11148,#11156,#11164,#11172,#11180));
#11187=IFCPRODUCTDEFINITIONSHAPE($,$,(#11186));
#11188=IFCCARTESIANPOINT((102.694915254237,56.5016949152542,0.));
#11189=IFCDIRECTION((0.,0.,1.));
#11190=IFCDIRECTION((1.,0.,0.));
#11191=IFCAXIS2PLACEMENT3D(#11188,#11189,#11190);
#11192=IFCLOCALPLACEMENT(#26,#11191);
#11193=IFCCARTESIANPOINT((5.35,3.25));
#11194=IFCAXIS2PLACEMENT2D(#11193,$);
#11195=IFCCIRCLEPROFILEDEF(.AREA.,$,#11194,0.4);
#11196=IFCCARTESIANPOINT((0.,0.,0.02));
#11197=IFCAXIS2PLACEMENT3D(#11196,$,$);
#11198=IFCDIRECTION((0.,0.,1.));
#11199=IFCEXTRUDEDAREASOLID(#11195,#11197,#11198,0.75);
#11200=IFCSTYLEDITEM(#11199,(#38),$);
#11201=IFCCARTESIANPOINT((5.35,2.55));
#11202=IFCAXIS2PLACEMENT2D(#11201,$);
#11203=IFCRECTANGLEPROFILEDEF(.AREA.,$,#11202,0.48,0.48);
#11204=IFCCARTESIANPOINT((0.,0.,0.02));
#11205=IFCAXIS2PLACEMENT3D(#11204,$,$);
#11206=IFCDIRECTION((0.,0.,1.));
#11207=IFCEXTRUDEDAREASOLID(#11203,#11205,#11206,0.45);
#11208=IFCSTYLEDITEM(#11207,(#35),$);
#11209=IFCCARTESIANPOINT((5.35,2.275));
#11210=IFCAXIS2PLACEMENT2D(#11209,$);
#11211=IFCRECTANGLEPROFILEDEF(.AREA.,$,#11210,0.48,0.07);
#11212=IFCCARTESIANPOINT((0.,0.,0.45));
#11213=IFCAXIS2PLACEMENT3D(#11212,$,$);
#11214=IFCDIRECTION((0.,0.,1.));
#11215=IFCEXTRUDEDAREASOLID(#11211,#11213,#11214,0.5);
#11216=IFCSTYLEDITEM(#11215,(#35),$);
#11217=IFCCARTESIANPOINT((4.7,3.25));
#11218=IFCAXIS2PLACEMENT2D(#11217,$);
#11219=IFCRECTANGLEPROFILEDEF(.AREA.,$,#11218,0.48,0.48);
#11220=IFCCARTESIANPOINT((0.,0.,0.02));
#11221=IFCAXIS2PLACEMENT3D(#11220,$,$);
#11222=IFCDIRECTION((0.,0.,1.));
#11223=IFCEXTRUDEDAREASOLID(#11219,#11221,#11222,0.45);
#11224=IFCSTYLEDITEM(#11223,(#35),$);
#11225=IFCCARTESIANPOINT((4.425,3.25));
#11226=IFCAXIS2PLACEMENT2D(#11225,$);
#11227=IFCRECTANGLEPROFILEDEF(.AREA.,$,#11226,0.07,0.48);
#11228=IFCCARTESIANPOINT((0.,0.,0.45));
#11229=IFCAXIS2PLACEMENT3D(#11228,$,$);
#11230=IFCDIRECTION((0.,0.,1.));
#11231=IFCEXTRUDEDAREASOLID(#11227,#11229,#11230,0.5);
#11232=IFCSTYLEDITEM(#11231,(#35),$);
#11233=IFCCARTESIANPOINT((6.,2.7));
#11234=IFCAXIS2PLACEMENT2D(#11233,$);
#11235=IFCRECTANGLEPROFILEDEF(.AREA.,$,#11234,0.48,0.48);
#11236=IFCCARTESIANPOINT((0.,0.,0.02));
#11237=IFCAXIS2PLACEMENT3D(#11236,$,$);
#11238=IFCDIRECTION((0.,0.,1.));
#11239=IFCEXTRUDEDAREASOLID(#11235,#11237,#11238,0.45);
#11240=IFCSTYLEDITEM(#11239,(#35),$);
#11241=IFCCARTESIANPOINT((6.275,2.7));
#11242=IFCAXIS2PLACEMENT2D(#11241,$);
#11243=IFCRECTANGLEPROFILEDEF(.AREA.,$,#11242,0.07,0.48);
#11244=IFCCARTESIANPOINT((0.,0.,0.45));
#11245=IFCAXIS2PLACEMENT3D(#11244,$,$);
#11246=IFCDIRECTION((0.,0.,1.));
#11247=IFCEXTRUDEDAREASOLID(#11243,#11245,#11246,0.5);
#11248=IFCSTYLEDITEM(#11247,(#35),$);
#11249=IFCFURNITURE('2q3ol3jOvDChtv$_zhjFrs',$,'F15 - Masa rotunda discutii + scaune',$,$,#11259,#11254,$,$);
#11253=IFCSHAPEREPRESENTATION(#11,'Body','SweptSolid',(#11199,#11207,#11215,#11223,#11231,#11239,#11247));
#11254=IFCPRODUCTDEFINITIONSHAPE($,$,(#11253));
#11255=IFCCARTESIANPOINT((102.694915254237,56.5016949152542,0.));
#11256=IFCDIRECTION((0.,0.,1.));
#11257=IFCDIRECTION((1.,0.,0.));
#11258=IFCAXIS2PLACEMENT3D(#11255,#11256,#11257);
#11259=IFCLOCALPLACEMENT(#26,#11258);
#11260=IFCCARTESIANPOINT((6.4,2.45));
#11261=IFCAXIS2PLACEMENT2D(#11260,$);
#11262=IFCCIRCLEPROFILEDEF(.AREA.,$,#11261,0.225);
#11263=IFCCARTESIANPOINT((0.,0.,0.02));
#11264=IFCAXIS2PLACEMENT3D(#11263,$,$);
#11265=IFCDIRECTION((0.,0.,1.));
#11266=IFCEXTRUDEDAREASOLID(#11262,#11264,#11265,1.05);
#11267=IFCSTYLEDITEM(#11266,(#35),$);
#11268=IFCFURNITURE('3aDPGilIP24vX$bu9RdUrn',$,'F15 - Masa bar',$,$,#11278,#11273,$,$);
#11272=IFCSHAPEREPRESENTATION(#11,'Body','SweptSolid',(#11266));
#11273=IFCPRODUCTDEFINITIONSHAPE($,$,(#11272));
#11274=IFCCARTESIANPOINT((102.694915254237,56.5016949152542,0.));
#11275=IFCDIRECTION((0.,0.,1.));
#11276=IFCDIRECTION((1.,0.,0.));
#11277=IFCAXIS2PLACEMENT3D(#11274,#11275,#11276);
#11278=IFCLOCALPLACEMENT(#26,#11277);
#11279=IFCCARTESIANPOINT((4.6,2.1));
#11280=IFCAXIS2PLACEMENT2D(#11279,$);
#11281=IFCELLIPSEPROFILEDEF(.AREA.,$,#11280,0.8,0.5);
#11282=IFCCARTESIANPOINT((0.,0.,0.022));
#11283=IFCAXIS2PLACEMENT3D(#11282,$,$);
#11284=IFCDIRECTION((0.,0.,1.));
#11285=IFCEXTRUDEDAREASOLID(#11281,#11283,#11284,0.012);
#11286=IFCSTYLEDITEM(#11285,(#62),$);
#11287=IFCCOVERING('0lWXMDL7X6uvEC5vAD9V6Y',$,'F15 - Covor oval decorativ',$,$,#11297,#11292,$,.FLOORING.);
#11291=IFCSHAPEREPRESENTATION(#11,'Body','SweptSolid',(#11285));
#11292=IFCPRODUCTDEFINITIONSHAPE($,$,(#11291));
#11293=IFCCARTESIANPOINT((102.694915254237,56.5016949152542,0.));
#11294=IFCDIRECTION((0.,0.,1.));
#11295=IFCDIRECTION((1.,0.,0.));
#11296=IFCAXIS2PLACEMENT3D(#11293,#11294,#11295);
#11297=IFCLOCALPLACEMENT(#26,#11296);
#11298=IFCCARTESIANPOINT((-0.55,0.));
#11299=IFCAXIS2PLACEMENT2D(#11298,$);
#11300=IFCRECTANGLEPROFILEDEF(.AREA.,$,#11299,0.1,0.4);
#11301=IFCCARTESIANPOINT((0.,0.,0.));
#11302=IFCAXIS2PLACEMENT3D(#11301,$,$);
#11303=IFCDIRECTION((0.,0.,1.));
#11304=IFCEXTRUDEDAREASOLID(#11300,#11302,#11303,0.8);
#11305=IFCSTYLEDITEM(#11304,(#47),$);
#11306=IFCCARTESIANPOINT((0.55,0.));
#11307=IFCAXIS2PLACEMENT2D(#11306,$);
#11308=IFCRECTANGLEPROFILEDEF(.AREA.,$,#11307,0.1,0.4);
#11309=IFCCARTESIANPOINT((0.,0.,0.));
#11310=IFCAXIS2PLACEMENT3D(#11309,$,$);
#11311=IFCDIRECTION((0.,0.,1.));
#11312=IFCEXTRUDEDAREASOLID(#11308,#11310,#11311,0.8);
#11313=IFCSTYLEDITEM(#11312,(#47),$);
#11314=IFCCARTESIANPOINT((0.,0.));
#11315=IFCAXIS2PLACEMENT2D(#11314,$);
#11316=IFCRECTANGLEPROFILEDEF(.AREA.,$,#11315,1.3,0.08);
#11317=IFCCARTESIANPOINT((0.,0.,0.8));
#11318=IFCAXIS2PLACEMENT3D(#11317,$,$);
#11319=IFCDIRECTION((0.,0.,1.));
#11320=IFCEXTRUDEDAREASOLID(#11316,#11318,#11319,0.75);
#11321=IFCSTYLEDITEM(#11320,(#47),$);
#11322=IFCFURNITURE('1wMNm8aTHA6hfbvEHNzUxP',$,'F15 - Stand TV + Televizor (zona discutii)',$,$,#11334,#11329,$,$);
#11328=IFCSHAPEREPRESENTATION(#11,'Body','SweptSolid',(#11304,#11312,#11320));
#11329=IFCPRODUCTDEFINITIONSHAPE($,$,(#11328));
#11330=IFCCARTESIANPOINT((107.194915254237,58.8516949152542,0.));
#11331=IFCDIRECTION((0.,0.,1.));
#11332=IFCDIRECTION((0.707106781186548,-0.707106781186548,0.));
#11333=IFCAXIS2PLACEMENT3D(#11330,#11331,#11332);
#11334=IFCLOCALPLACEMENT(#26,#11333);
#11335=IFCCARTESIANPOINT((4.95,0.4));
#11336=IFCAXIS2PLACEMENT2D(#11335,$);
#11337=IFCRECTANGLEPROFILEDEF(.AREA.,$,#11336,0.5,0.5);
#11338=IFCCARTESIANPOINT((0.,0.,0.02));
#11339=IFCAXIS2PLACEMENT3D(#11338,$,$);
#11340=IFCDIRECTION((0.,0.,1.));
#11341=IFCEXTRUDEDAREASOLID(#11337,#11339,#11340,0.5);
#11342=IFCSTYLEDITEM(#11341,(#50),$);
#11343=IFCCARTESIANPOINT((5.47,0.4));
#11344=IFCAXIS2PLACEMENT2D(#11343,$);
#11345=IFCRECTANGLEPROFILEDEF(.AREA.,$,#11344,0.5,0.5);
#11346=IFCCARTESIANPOINT((0.,0.,0.02));
#11347=IFCAXIS2PLACEMENT3D(#11346,$,$);
#11348=IFCDIRECTION((0.,0.,1.));
#11349=IFCEXTRUDEDAREASOLID(#11345,#11347,#11348,0.5);
#11350=IFCSTYLEDITEM(#11349,(#53),$);
#11351=IFCCARTESIANPOINT((5.99,0.4));
#11352=IFCAXIS2PLACEMENT2D(#11351,$);
#11353=IFCRECTANGLEPROFILEDEF(.AREA.,$,#11352,0.5,0.5);
#11354=IFCCARTESIANPOINT((0.,0.,0.02));
#11355=IFCAXIS2PLACEMENT3D(#11354,$,$);
#11356=IFCDIRECTION((0.,0.,1.));
#11357=IFCEXTRUDEDAREASOLID(#11353,#11355,#11356,0.5);
#11358=IFCSTYLEDITEM(#11357,(#59),$);
#11359=IFCCARTESIANPOINT((6.65,0.6));
#11360=IFCAXIS2PLACEMENT2D(#11359,$);
#11361=IFCRECTANGLEPROFILEDEF(.AREA.,$,#11360,0.5,0.5);
#11362=IFCCARTESIANPOINT((0.,0.,0.02));
#11363=IFCAXIS2PLACEMENT3D(#11362,$,$);
#11364=IFCDIRECTION((0.,0.,1.));
#11365=IFCEXTRUDEDAREASOLID(#11361,#11363,#11364,0.5);
#11366=IFCSTYLEDITEM(#11365,(#38),$);
#11367=IFCCARTESIANPOINT((6.65,0.6));
#11368=IFCAXIS2PLACEMENT2D(#11367,$);
#11369=IFCRECTANGLEPROFILEDEF(.AREA.,$,#11368,0.5,0.5);
#11370=IFCCARTESIANPOINT((0.,0.,0.52));
#11371=IFCAXIS2PLACEMENT3D(#11370,$,$);
#11372=IFCDIRECTION((0.,0.,1.));
#11373=IFCEXTRUDEDAREASOLID(#11369,#11371,#11372,0.5);
#11374=IFCSTYLEDITEM(#11373,(#56),$);
#11375=IFCFURNITURE('25LSUtoBn1Nh7xF2sdS5fd',$,'F15 - Cuburi decorative 50x50 cu litere I-F-C','Cuburi decorative colorate cu literele I, F, C',$,#11385,#11380,$,$);
#11379=IFCSHAPEREPRESENTATION(#11,'Body','SweptSolid',(#11341,#11349,#11357,#11365,#11373));
#11380=IFCPRODUCTDEFINITIONSHAPE($,$,(#11379));
#11381=IFCCARTESIANPOINT((102.694915254237,56.5016949152542,0.));
#11382=IFCDIRECTION((0.,0.,1.));
#11383=IFCDIRECTION((1.,0.,0.));
#11384=IFCAXIS2PLACEMENT3D(#11381,#11382,#11383);
#11385=IFCLOCALPLACEMENT(#26,#11384);
#11386=IFCCARTESIANPOINT((5.4,0.395));
#11387=IFCAXIS2PLACEMENT2D(#11386,$);
#11388=IFCRECTANGLEPROFILEDEF(.AREA.,$,#11387,0.9,0.25);
#11389=IFCCARTESIANPOINT((0.,0.,0.52));
#11390=IFCAXIS2PLACEMENT3D(#11389,$,$);
#11391=IFCDIRECTION((0.,0.,1.));
#11392=IFCEXTRUDEDAREASOLID(#11388,#11390,#11391,0.85);
#11393=IFCSTYLEDITEM(#11392,(#38),$);
#11394=IFCFURNITURE('3i03MM7db4awh7r8SgVn64',$,'F15 - Logo IFC 3D','Sculptura logo buildingSMART/IFC asezata pe cuburi',$,#11404,#11399,$,$);
#11398=IFCSHAPEREPRESENTATION(#11,'Body','SweptSolid',(#11392));
#11399=IFCPRODUCTDEFINITIONSHAPE($,$,(#11398));
#11400=IFCCARTESIANPOINT((102.694915254237,56.5016949152542,0.));
#11401=IFCDIRECTION((0.,0.,1.));
#11402=IFCDIRECTION((1.,0.,0.));
#11403=IFCAXIS2PLACEMENT3D(#11400,#11401,#11402);
#11404=IFCLOCALPLACEMENT(#26,#11403);
#11405=IFCPROPERTYSET('1Xge4MaRTFkhO9ctv4U8Yz',$,'NZEB_ExhibitorInfo',$,(#11407,#11408,#11409,#11410,#11411,#11412,#11413,#11414,#11415,#11416,#11417,#11418));
#11406=IFCRELDEFINESBYPROPERTIES('3BxtKKGIP6HACJpCwNSSmM',$,$,$,(#10793),#11405);
#11407=IFCPROPERTYSINGLEVALUE('CompanyName',$,IFCLABEL('buildingSMART Romania (BIMTECH)'),$);
#11408=IFCPROPERTYSINGLEVALUE('StandNumber',$,IFCLABEL('F15'),$);
#11409=IFCPROPERTYSINGLEVALUE('Zone',$,IFCLABEL('ZONA 2'),$);
#11410=IFCPROPERTYSINGLEVALUE('AreaSqm',$,IFCREAL(28.),$);
#11411=IFCPROPERTYSINGLEVALUE('FloorFinish',$,IFCLABEL('mocheta'),$);
#11412=IFCPROPERTYSINGLEVALUE('Designer',$,IFCLABEL('BIT Arhitectura - arh. Stefan Constantinescu, arh. Ruxandra Chirca'),$);
#11413=IFCPROPERTYSINGLEVALUE('Category',$,IFCLABEL('Software, BIM si servicii digitale'),$);
#11414=IFCPROPERTYSINGLEVALUE('CategoryCode',$,IFCLABEL('C10'),$);
#11415=IFCPROPERTYSINGLEVALUE('Website',$,IFCLABEL('https://buildingsmartromania.org/'),$);
#11416=IFCPROPERTYSINGLEVALUE('Indoor',$,IFCBOOLEAN(.T.),$);
#11417=IFCPROPERTYSINGLEVALUE('Event',$,IFCLABEL('NZEB Expo Bucuresti 2026'),$);
#11418=IFCPROPERTYSINGLEVALUE('Slogan',$,IFCLABEL('in openBIM we trust.'),$);
#11419=IFCPROPERTYSET('3Q_AkDLyv1oO67qPCSzOO7',$,'NZEB_ExhibitorInfo',$,(#11421,#11422,#11423,#11424,#11425,#11426,#11427,#11428,#11429,#11430,#11431,#11432));
#11420=IFCRELDEFINESBYPROPERTIES('3eomn_TnHAXBQxvyQfNSQq',$,$,$,(#10812),#11419);
#11421=IFCPROPERTYSINGLEVALUE('CompanyName',$,IFCLABEL('buildingSMART Romania (BIMTECH)'),$);
#11422=IFCPROPERTYSINGLEVALUE('StandNumber',$,IFCLABEL('F15'),$);
#11423=IFCPROPERTYSINGLEVALUE('Zone',$,IFCLABEL('ZONA 2'),$);
#11424=IFCPROPERTYSINGLEVALUE('AreaSqm',$,IFCREAL(28.),$);
#11425=IFCPROPERTYSINGLEVALUE('FloorFinish',$,IFCLABEL('mocheta'),$);
#11426=IFCPROPERTYSINGLEVALUE('Designer',$,IFCLABEL('BIT Arhitectura - arh. Stefan Constantinescu, arh. Ruxandra Chirca'),$);
#11427=IFCPROPERTYSINGLEVALUE('Category',$,IFCLABEL('Software, BIM si servicii digitale'),$);
#11428=IFCPROPERTYSINGLEVALUE('CategoryCode',$,IFCLABEL('C10'),$);
#11429=IFCPROPERTYSINGLEVALUE('Website',$,IFCLABEL('https://buildingsmartromania.org/'),$);
#11430=IFCPROPERTYSINGLEVALUE('Indoor',$,IFCBOOLEAN(.T.),$);
#11431=IFCPROPERTYSINGLEVALUE('Event',$,IFCLABEL('NZEB Expo Bucuresti 2026'),$);
#11432=IFCPROPERTYSINGLEVALUE('Slogan',$,IFCLABEL('in openBIM we trust.'),$);
#11433=IFCPROPERTYSET('1514dIgV9EowxnWvgf3Fou',$,'NZEB_ExhibitorInfo',$,(#11435,#11436,#11437,#11438,#11439,#11440,#11441,#11442,#11443,#11444,#11445,#11446));
#11434=IFCRELDEFINESBYPROPERTIES('3UjbTnonzDVRrkyB1$MW$J',$,$,$,(#10831),#11433);
#11435=IFCPROPERTYSINGLEVALUE('CompanyName',$,IFCLABEL('buildingSMART Romania (BIMTECH)'),$);
#11436=IFCPROPERTYSINGLEVALUE('StandNumber',$,IFCLABEL('F15'),$);
#11437=IFCPROPERTYSINGLEVALUE('Zone',$,IFCLABEL('ZONA 2'),$);
#11438=IFCPROPERTYSINGLEVALUE('AreaSqm',$,IFCREAL(28.),$);
#11439=IFCPROPERTYSINGLEVALUE('FloorFinish',$,IFCLABEL('mocheta'),$);
#11440=IFCPROPERTYSINGLEVALUE('Designer',$,IFCLABEL('BIT Arhitectura - arh. Stefan Constantinescu, arh. Ruxandra Chirca'),$);
#11441=IFCPROPERTYSINGLEVALUE('Category',$,IFCLABEL('Software, BIM si servicii digitale'),$);
#11442=IFCPROPERTYSINGLEVALUE('CategoryCode',$,IFCLABEL('C10'),$);
#11443=IFCPROPERTYSINGLEVALUE('Website',$,IFCLABEL('https://buildingsmartromania.org/'),$);
#11444=IFCPROPERTYSINGLEVALUE('Indoor',$,IFCBOOLEAN(.T.),$);
#11445=IFCPROPERTYSINGLEVALUE('Event',$,IFCLABEL('NZEB Expo Bucuresti 2026'),$);
#11446=IFCPROPERTYSINGLEVALUE('Slogan',$,IFCLABEL('in openBIM we trust.'),$);
#11447=IFCPROPERTYSET('2fMrPk5zzF5QDB58xsPcaN',$,'NZEB_ExhibitorInfo',$,(#11449,#11450,#11451,#11452,#11453,#11454,#11455,#11456,#11457,#11458,#11459,#11460));
#11448=IFCRELDEFINESBYPROPERTIES('1IxDr$ERj2cuPeujgEBLra',$,$,$,(#10850),#11447);
#11449=IFCPROPERTYSINGLEVALUE('CompanyName',$,IFCLABEL('buildingSMART Romania (BIMTECH)'),$);
#11450=IFCPROPERTYSINGLEVALUE('StandNumber',$,IFCLABEL('F15'),$);
#11451=IFCPROPERTYSINGLEVALUE('Zone',$,IFCLABEL('ZONA 2'),$);
#11452=IFCPROPERTYSINGLEVALUE('AreaSqm',$,IFCREAL(28.),$);
#11453=IFCPROPERTYSINGLEVALUE('FloorFinish',$,IFCLABEL('mocheta'),$);
#11454=IFCPROPERTYSINGLEVALUE('Designer',$,IFCLABEL('BIT Arhitectura - arh. Stefan Constantinescu, arh. Ruxandra Chirca'),$);
#11455=IFCPROPERTYSINGLEVALUE('Category',$,IFCLABEL('Software, BIM si servicii digitale'),$);
#11456=IFCPROPERTYSINGLEVALUE('CategoryCode',$,IFCLABEL('C10'),$);
#11457=IFCPROPERTYSINGLEVALUE('Website',$,IFCLABEL('https://buildingsmartromania.org/'),$);
#11458=IFCPROPERTYSINGLEVALUE('Indoor',$,IFCBOOLEAN(.T.),$);
#11459=IFCPROPERTYSINGLEVALUE('Event',$,IFCLABEL('NZEB Expo Bucuresti 2026'),$);
#11460=IFCPROPERTYSINGLEVALUE('Slogan',$,IFCLABEL('in openBIM we trust.'),$);
#11461=IFCPROPERTYSET('29Td7ie49BAQvRSQPGKDpK',$,'NZEB_ExhibitorInfo',$,(#11463,#11464,#11465,#11466,#11467,#11468,#11469,#11470,#11471,#11472,#11473,#11474));
#11462=IFCRELDEFINESBYPROPERTIES('1LPRfgNx59Ke8DyfD4dkTM',$,$,$,(#10869),#11461);
#11463=IFCPROPERTYSINGLEVALUE('CompanyName',$,IFCLABEL('buildingSMART Romania (BIMTECH)'),$);
#11464=IFCPROPERTYSINGLEVALUE('StandNumber',$,IFCLABEL('F15'),$);
#11465=IFCPROPERTYSINGLEVALUE('Zone',$,IFCLABEL('ZONA 2'),$);
#11466=IFCPROPERTYSINGLEVALUE('AreaSqm',$,IFCREAL(28.),$);
#11467=IFCPROPERTYSINGLEVALUE('FloorFinish',$,IFCLABEL('mocheta'),$);
#11468=IFCPROPERTYSINGLEVALUE('Designer',$,IFCLABEL('BIT Arhitectura - arh. Stefan Constantinescu, arh. Ruxandra Chirca'),$);
#11469=IFCPROPERTYSINGLEVALUE('Category',$,IFCLABEL('Software, BIM si servicii digitale'),$);
#11470=IFCPROPERTYSINGLEVALUE('CategoryCode',$,IFCLABEL('C10'),$);
#11471=IFCPROPERTYSINGLEVALUE('Website',$,IFCLABEL('https://buildingsmartromania.org/'),$);
#11472=IFCPROPERTYSINGLEVALUE('Indoor',$,IFCBOOLEAN(.T.),$);
#11473=IFCPROPERTYSINGLEVALUE('Event',$,IFCLABEL('NZEB Expo Bucuresti 2026'),$);
#11474=IFCPROPERTYSINGLEVALUE('Slogan',$,IFCLABEL('in openBIM we trust.'),$);
#11475=IFCPROPERTYSET('0BA9gi2YP1yhTt4sb965Qe',$,'NZEB_ExhibitorInfo',$,(#11477,#11478,#11479,#11480,#11481,#11482,#11483,#11484,#11485,#11486,#11487,#11488));
#11476=IFCRELDEFINESBYPROPERTIES('0FRiGiu$f20RuA9JW1cCM7',$,$,$,(#10888),#11475);
#11477=IFCPROPERTYSINGLEVALUE('CompanyName',$,IFCLABEL('buildingSMART Romania (BIMTECH)'),$);
#11478=IFCPROPERTYSINGLEVALUE('StandNumber',$,IFCLABEL('F15'),$);
#11479=IFCPROPERTYSINGLEVALUE('Zone',$,IFCLABEL('ZONA 2'),$);
#11480=IFCPROPERTYSINGLEVALUE('AreaSqm',$,IFCREAL(28.),$);
#11481=IFCPROPERTYSINGLEVALUE('FloorFinish',$,IFCLABEL('mocheta'),$);
#11482=IFCPROPERTYSINGLEVALUE('Designer',$,IFCLABEL('BIT Arhitectura - arh. Stefan Constantinescu, arh. Ruxandra Chirca'),$);
#11483=IFCPROPERTYSINGLEVALUE('Category',$,IFCLABEL('Software, BIM si servicii digitale'),$);
#11484=IFCPROPERTYSINGLEVALUE('CategoryCode',$,IFCLABEL('C10'),$);
#11485=IFCPROPERTYSINGLEVALUE('Website',$,IFCLABEL('https://buildingsmartromania.org/'),$);
#11486=IFCPROPERTYSINGLEVALUE('Indoor',$,IFCBOOLEAN(.T.),$);
#11487=IFCPROPERTYSINGLEVALUE('Event',$,IFCLABEL('NZEB Expo Bucuresti 2026'),$);
#11488=IFCPROPERTYSINGLEVALUE('Slogan',$,IFCLABEL('in openBIM we trust.'),$);
#11489=IFCPROPERTYSET('35K3AUEBnAZv8hpCpQTsmC',$,'NZEB_ExhibitorInfo',$,(#11491,#11492,#11493,#11494,#11495,#11496,#11497,#11498,#11499,#11500,#11501,#11502));
#11490=IFCRELDEFINESBYPROPERTIES('1xWPzkq_vF6gewIho2D9vd',$,$,$,(#10907),#11489);
#11491=IFCPROPERTYSINGLEVALUE('CompanyName',$,IFCLABEL('buildingSMART Romania (BIMTECH)'),$);
#11492=IFCPROPERTYSINGLEVALUE('StandNumber',$,IFCLABEL('F15'),$);
#11493=IFCPROPERTYSINGLEVALUE('Zone',$,IFCLABEL('ZONA 2'),$);
#11494=IFCPROPERTYSINGLEVALUE('AreaSqm',$,IFCREAL(28.),$);
#11495=IFCPROPERTYSINGLEVALUE('FloorFinish',$,IFCLABEL('mocheta'),$);
#11496=IFCPROPERTYSINGLEVALUE('Designer',$,IFCLABEL('BIT Arhitectura - arh. Stefan Constantinescu, arh. Ruxandra Chirca'),$);
#11497=IFCPROPERTYSINGLEVALUE('Category',$,IFCLABEL('Software, BIM si servicii digitale'),$);
#11498=IFCPROPERTYSINGLEVALUE('CategoryCode',$,IFCLABEL('C10'),$);
#11499=IFCPROPERTYSINGLEVALUE('Website',$,IFCLABEL('https://buildingsmartromania.org/'),$);
#11500=IFCPROPERTYSINGLEVALUE('Indoor',$,IFCBOOLEAN(.T.),$);
#11501=IFCPROPERTYSINGLEVALUE('Event',$,IFCLABEL('NZEB Expo Bucuresti 2026'),$);
#11502=IFCPROPERTYSINGLEVALUE('Slogan',$,IFCLABEL('in openBIM we trust.'),$);
#11503=IFCPROPERTYSET('2rk_oHGMvFGuotjhPYIFYb',$,'NZEB_ExhibitorInfo',$,(#11505,#11506,#11507,#11508,#11509,#11510,#11511,#11512,#11513,#11514,#11515,#11516));
#11504=IFCRELDEFINESBYPROPERTIES('2Flw21GeP45wATuXXN5pru',$,$,$,(#10926),#11503);
#11505=IFCPROPERTYSINGLEVALUE('CompanyName',$,IFCLABEL('buildingSMART Romania (BIMTECH)'),$);
#11506=IFCPROPERTYSINGLEVALUE('StandNumber',$,IFCLABEL('F15'),$);
#11507=IFCPROPERTYSINGLEVALUE('Zone',$,IFCLABEL('ZONA 2'),$);
#11508=IFCPROPERTYSINGLEVALUE('AreaSqm',$,IFCREAL(28.),$);
#11509=IFCPROPERTYSINGLEVALUE('FloorFinish',$,IFCLABEL('mocheta'),$);
#11510=IFCPROPERTYSINGLEVALUE('Designer',$,IFCLABEL('BIT Arhitectura - arh. Stefan Constantinescu, arh. Ruxandra Chirca'),$);
#11511=IFCPROPERTYSINGLEVALUE('Category',$,IFCLABEL('Software, BIM si servicii digitale'),$);
#11512=IFCPROPERTYSINGLEVALUE('CategoryCode',$,IFCLABEL('C10'),$);
#11513=IFCPROPERTYSINGLEVALUE('Website',$,IFCLABEL('https://buildingsmartromania.org/'),$);
#11514=IFCPROPERTYSINGLEVALUE('Indoor',$,IFCBOOLEAN(.T.),$);
#11515=IFCPROPERTYSINGLEVALUE('Event',$,IFCLABEL('NZEB Expo Bucuresti 2026'),$);
#11516=IFCPROPERTYSINGLEVALUE('Slogan',$,IFCLABEL('in openBIM we trust.'),$);
#11517=IFCPROPERTYSET('0D_8iJa2vFWxi6ttVEu2LX',$,'NZEB_ExhibitorInfo',$,(#11519,#11520,#11521,#11522,#11523,#11524,#11525,#11526,#11527,#11528,#11529,#11530));
#11518=IFCRELDEFINESBYPROPERTIES('0Ol5BfauTBJeic5q_KzduH',$,$,$,(#10945),#11517);
#11519=IFCPROPERTYSINGLEVALUE('CompanyName',$,IFCLABEL('buildingSMART Romania (BIMTECH)'),$);
#11520=IFCPROPERTYSINGLEVALUE('StandNumber',$,IFCLABEL('F15'),$);
#11521=IFCPROPERTYSINGLEVALUE('Zone',$,IFCLABEL('ZONA 2'),$);
#11522=IFCPROPERTYSINGLEVALUE('AreaSqm',$,IFCREAL(28.),$);
#11523=IFCPROPERTYSINGLEVALUE('FloorFinish',$,IFCLABEL('mocheta'),$);
#11524=IFCPROPERTYSINGLEVALUE('Designer',$,IFCLABEL('BIT Arhitectura - arh. Stefan Constantinescu, arh. Ruxandra Chirca'),$);
#11525=IFCPROPERTYSINGLEVALUE('Category',$,IFCLABEL('Software, BIM si servicii digitale'),$);
#11526=IFCPROPERTYSINGLEVALUE('CategoryCode',$,IFCLABEL('C10'),$);
#11527=IFCPROPERTYSINGLEVALUE('Website',$,IFCLABEL('https://buildingsmartromania.org/'),$);
#11528=IFCPROPERTYSINGLEVALUE('Indoor',$,IFCBOOLEAN(.T.),$);
#11529=IFCPROPERTYSINGLEVALUE('Event',$,IFCLABEL('NZEB Expo Bucuresti 2026'),$);
#11530=IFCPROPERTYSINGLEVALUE('Slogan',$,IFCLABEL('in openBIM we trust.'),$);
#11531=IFCPROPERTYSET('1ROFYKfkrD48$l9kkztP9Z',$,'NZEB_ExhibitorInfo',$,(#11533,#11534,#11535,#11536,#11537,#11538,#11539,#11540,#11541,#11542,#11543,#11544));
#11532=IFCRELDEFINESBYPROPERTIES('09tNUiZi91TA8goNNbqiSa',$,$,$,(#10964),#11531);
#11533=IFCPROPERTYSINGLEVALUE('CompanyName',$,IFCLABEL('buildingSMART Romania (BIMTECH)'),$);
#11534=IFCPROPERTYSINGLEVALUE('StandNumber',$,IFCLABEL('F15'),$);
#11535=IFCPROPERTYSINGLEVALUE('Zone',$,IFCLABEL('ZONA 2'),$);
#11536=IFCPROPERTYSINGLEVALUE('AreaSqm',$,IFCREAL(28.),$);
#11537=IFCPROPERTYSINGLEVALUE('FloorFinish',$,IFCLABEL('mocheta'),$);
#11538=IFCPROPERTYSINGLEVALUE('Designer',$,IFCLABEL('BIT Arhitectura - arh. Stefan Constantinescu, arh. Ruxandra Chirca'),$);
#11539=IFCPROPERTYSINGLEVALUE('Category',$,IFCLABEL('Software, BIM si servicii digitale'),$);
#11540=IFCPROPERTYSINGLEVALUE('CategoryCode',$,IFCLABEL('C10'),$);
#11541=IFCPROPERTYSINGLEVALUE('Website',$,IFCLABEL('https://buildingsmartromania.org/'),$);
#11542=IFCPROPERTYSINGLEVALUE('Indoor',$,IFCBOOLEAN(.T.),$);
#11543=IFCPROPERTYSINGLEVALUE('Event',$,IFCLABEL('NZEB Expo Bucuresti 2026'),$);
#11544=IFCPROPERTYSINGLEVALUE('Slogan',$,IFCLABEL('in openBIM we trust.'),$);
#11545=IFCPROPERTYSET('0l5EVkHqf9VP42i5MsNDyd',$,'NZEB_ExhibitorInfo',$,(#11547,#11548,#11549,#11550,#11551,#11552,#11553,#11554,#11555,#11556,#11557,#11558));
#11546=IFCRELDEFINESBYPROPERTIES('1Kv32b9Zr8p9u41tl8xYt4',$,$,$,(#10983),#11545);
#11547=IFCPROPERTYSINGLEVALUE('CompanyName',$,IFCLABEL('buildingSMART Romania (BIMTECH)'),$);
#11548=IFCPROPERTYSINGLEVALUE('StandNumber',$,IFCLABEL('F15'),$);
#11549=IFCPROPERTYSINGLEVALUE('Zone',$,IFCLABEL('ZONA 2'),$);
#11550=IFCPROPERTYSINGLEVALUE('AreaSqm',$,IFCREAL(28.),$);
#11551=IFCPROPERTYSINGLEVALUE('FloorFinish',$,IFCLABEL('mocheta'),$);
#11552=IFCPROPERTYSINGLEVALUE('Designer',$,IFCLABEL('BIT Arhitectura - arh. Stefan Constantinescu, arh. Ruxandra Chirca'),$);
#11553=IFCPROPERTYSINGLEVALUE('Category',$,IFCLABEL('Software, BIM si servicii digitale'),$);
#11554=IFCPROPERTYSINGLEVALUE('CategoryCode',$,IFCLABEL('C10'),$);
#11555=IFCPROPERTYSINGLEVALUE('Website',$,IFCLABEL('https://buildingsmartromania.org/'),$);
#11556=IFCPROPERTYSINGLEVALUE('Indoor',$,IFCBOOLEAN(.T.),$);
#11557=IFCPROPERTYSINGLEVALUE('Event',$,IFCLABEL('NZEB Expo Bucuresti 2026'),$);
#11558=IFCPROPERTYSINGLEVALUE('Slogan',$,IFCLABEL('in openBIM we trust.'),$);
#11559=IFCPROPERTYSET('3ygx0N3EP3vu50JcjhT40T',$,'NZEB_ExhibitorInfo',$,(#11561,#11562,#11563,#11564,#11565,#11566,#11567,#11568,#11569,#11570,#11571,#11572));
#11560=IFCRELDEFINESBYPROPERTIES('29U6EcnUTETfYUsOSIfUuO',$,$,$,(#11002),#11559);
#11561=IFCPROPERTYSINGLEVALUE('CompanyName',$,IFCLABEL('buildingSMART Romania (BIMTECH)'),$);
#11562=IFCPROPERTYSINGLEVALUE('StandNumber',$,IFCLABEL('F15'),$);
#11563=IFCPROPERTYSINGLEVALUE('Zone',$,IFCLABEL('ZONA 2'),$);
#11564=IFCPROPERTYSINGLEVALUE('AreaSqm',$,IFCREAL(28.),$);
#11565=IFCPROPERTYSINGLEVALUE('FloorFinish',$,IFCLABEL('mocheta'),$);
#11566=IFCPROPERTYSINGLEVALUE('Designer',$,IFCLABEL('BIT Arhitectura - arh. Stefan Constantinescu, arh. Ruxandra Chirca'),$);
#11567=IFCPROPERTYSINGLEVALUE('Category',$,IFCLABEL('Software, BIM si servicii digitale'),$);
#11568=IFCPROPERTYSINGLEVALUE('CategoryCode',$,IFCLABEL('C10'),$);
#11569=IFCPROPERTYSINGLEVALUE('Website',$,IFCLABEL('https://buildingsmartromania.org/'),$);
#11570=IFCPROPERTYSINGLEVALUE('Indoor',$,IFCBOOLEAN(.T.),$);
#11571=IFCPROPERTYSINGLEVALUE('Event',$,IFCLABEL('NZEB Expo Bucuresti 2026'),$);
#11572=IFCPROPERTYSINGLEVALUE('Slogan',$,IFCLABEL('in openBIM we trust.'),$);
#11573=IFCPROPERTYSET('3SBQaAEcD7EBxrzlXshf7o',$,'NZEB_ExhibitorInfo',$,(#11575,#11576,#11577,#11578,#11579,#11580,#11581,#11582,#11583,#11584,#11585,#11586));
#11574=IFCRELDEFINESBYPROPERTIES('0MOUhrRgvBxwrY9HFTgRQl',$,$,$,(#11021),#11573);
#11575=IFCPROPERTYSINGLEVALUE('CompanyName',$,IFCLABEL('buildingSMART Romania (BIMTECH)'),$);
#11576=IFCPROPERTYSINGLEVALUE('StandNumber',$,IFCLABEL('F15'),$);
#11577=IFCPROPERTYSINGLEVALUE('Zone',$,IFCLABEL('ZONA 2'),$);
#11578=IFCPROPERTYSINGLEVALUE('AreaSqm',$,IFCREAL(28.),$);
#11579=IFCPROPERTYSINGLEVALUE('FloorFinish',$,IFCLABEL('mocheta'),$);
#11580=IFCPROPERTYSINGLEVALUE('Designer',$,IFCLABEL('BIT Arhitectura - arh. Stefan Constantinescu, arh. Ruxandra Chirca'),$);
#11581=IFCPROPERTYSINGLEVALUE('Category',$,IFCLABEL('Software, BIM si servicii digitale'),$);
#11582=IFCPROPERTYSINGLEVALUE('CategoryCode',$,IFCLABEL('C10'),$);
#11583=IFCPROPERTYSINGLEVALUE('Website',$,IFCLABEL('https://buildingsmartromania.org/'),$);
#11584=IFCPROPERTYSINGLEVALUE('Indoor',$,IFCBOOLEAN(.T.),$);
#11585=IFCPROPERTYSINGLEVALUE('Event',$,IFCLABEL('NZEB Expo Bucuresti 2026'),$);
#11586=IFCPROPERTYSINGLEVALUE('Slogan',$,IFCLABEL('in openBIM we trust.'),$);
#11587=IFCPROPERTYSET('2Ojm$f3I1CXBrVSliXpy0K',$,'NZEB_ExhibitorInfo',$,(#11589,#11590,#11591,#11592,#11593,#11594,#11595,#11596,#11597,#11598,#11599,#11600));
#11588=IFCRELDEFINESBYPROPERTIES('3tzI5Ll1j17vwQbto4oaLx',$,$,$,(#11056),#11587);
#11589=IFCPROPERTYSINGLEVALUE('CompanyName',$,IFCLABEL('buildingSMART Romania (BIMTECH)'),$);
#11590=IFCPROPERTYSINGLEVALUE('StandNumber',$,IFCLABEL('F15'),$);
#11591=IFCPROPERTYSINGLEVALUE('Zone',$,IFCLABEL('ZONA 2'),$);
#11592=IFCPROPERTYSINGLEVALUE('AreaSqm',$,IFCREAL(28.),$);
#11593=IFCPROPERTYSINGLEVALUE('FloorFinish',$,IFCLABEL('mocheta'),$);
#11594=IFCPROPERTYSINGLEVALUE('Designer',$,IFCLABEL('BIT Arhitectura - arh. Stefan Constantinescu, arh. Ruxandra Chirca'),$);
#11595=IFCPROPERTYSINGLEVALUE('Category',$,IFCLABEL('Software, BIM si servicii digitale'),$);
#11596=IFCPROPERTYSINGLEVALUE('CategoryCode',$,IFCLABEL('C10'),$);
#11597=IFCPROPERTYSINGLEVALUE('Website',$,IFCLABEL('https://buildingsmartromania.org/'),$);
#11598=IFCPROPERTYSINGLEVALUE('Indoor',$,IFCBOOLEAN(.T.),$);
#11599=IFCPROPERTYSINGLEVALUE('Event',$,IFCLABEL('NZEB Expo Bucuresti 2026'),$);
#11600=IFCPROPERTYSINGLEVALUE('Slogan',$,IFCLABEL('in openBIM we trust.'),$);
#11601=IFCPROPERTYSET('1o6$oUUM16uAtTpVw6UbJv',$,'NZEB_ExhibitorInfo',$,(#11603,#11604,#11605,#11606,#11607,#11608,#11609,#11610,#11611,#11612,#11613,#11614));
#11602=IFCRELDEFINESBYPROPERTIES('0XCfLjst56gOXfa39P01e_',$,$,$,(#11075),#11601);
#11603=IFCPROPERTYSINGLEVALUE('CompanyName',$,IFCLABEL('buildingSMART Romania (BIMTECH)'),$);
#11604=IFCPROPERTYSINGLEVALUE('StandNumber',$,IFCLABEL('F15'),$);
#11605=IFCPROPERTYSINGLEVALUE('Zone',$,IFCLABEL('ZONA 2'),$);
#11606=IFCPROPERTYSINGLEVALUE('AreaSqm',$,IFCREAL(28.),$);
#11607=IFCPROPERTYSINGLEVALUE('FloorFinish',$,IFCLABEL('mocheta'),$);
#11608=IFCPROPERTYSINGLEVALUE('Designer',$,IFCLABEL('BIT Arhitectura - arh. Stefan Constantinescu, arh. Ruxandra Chirca'),$);
#11609=IFCPROPERTYSINGLEVALUE('Category',$,IFCLABEL('Software, BIM si servicii digitale'),$);
#11610=IFCPROPERTYSINGLEVALUE('CategoryCode',$,IFCLABEL('C10'),$);
#11611=IFCPROPERTYSINGLEVALUE('Website',$,IFCLABEL('https://buildingsmartromania.org/'),$);
#11612=IFCPROPERTYSINGLEVALUE('Indoor',$,IFCBOOLEAN(.T.),$);
#11613=IFCPROPERTYSINGLEVALUE('Event',$,IFCLABEL('NZEB Expo Bucuresti 2026'),$);
#11614=IFCPROPERTYSINGLEVALUE('Slogan',$,IFCLABEL('in openBIM we trust.'),$);
#11615=IFCPROPERTYSET('3lv_jm1B10dfpDdZQFesYq',$,'NZEB_ExhibitorInfo',$,(#11617,#11618,#11619,#11620,#11621,#11622,#11623,#11624,#11625,#11626,#11627,#11628));
#11616=IFCRELDEFINESBYPROPERTIES('3YmuvfrpT0aOK750IKaTU4',$,$,$,(#11182),#11615);
#11617=IFCPROPERTYSINGLEVALUE('CompanyName',$,IFCLABEL('buildingSMART Romania (BIMTECH)'),$);
#11618=IFCPROPERTYSINGLEVALUE('StandNumber',$,IFCLABEL('F15'),$);
#11619=IFCPROPERTYSINGLEVALUE('Zone',$,IFCLABEL('ZONA 2'),$);
#11620=IFCPROPERTYSINGLEVALUE('AreaSqm',$,IFCREAL(28.),$);
#11621=IFCPROPERTYSINGLEVALUE('FloorFinish',$,IFCLABEL('mocheta'),$);
#11622=IFCPROPERTYSINGLEVALUE('Designer',$,IFCLABEL('BIT Arhitectura - arh. Stefan Constantinescu, arh. Ruxandra Chirca'),$);
#11623=IFCPROPERTYSINGLEVALUE('Category',$,IFCLABEL('Software, BIM si servicii digitale'),$);
#11624=IFCPROPERTYSINGLEVALUE('CategoryCode',$,IFCLABEL('C10'),$);
#11625=IFCPROPERTYSINGLEVALUE('Website',$,IFCLABEL('https://buildingsmartromania.org/'),$);
#11626=IFCPROPERTYSINGLEVALUE('Indoor',$,IFCBOOLEAN(.T.),$);
#11627=IFCPROPERTYSINGLEVALUE('Event',$,IFCLABEL('NZEB Expo Bucuresti 2026'),$);
#11628=IFCPROPERTYSINGLEVALUE('Slogan',$,IFCLABEL('in openBIM we trust.'),$);
#11629=IFCPROPERTYSET('0N_LyLUY58TOqdxz6IIlWC',$,'NZEB_ExhibitorInfo',$,(#11631,#11632,#11633,#11634,#11635,#11636,#11637,#11638,#11639,#11640,#11641,#11642));
#11630=IFCRELDEFINESBYPROPERTIES('24T54i0pH1IBcM30nHZmgY',$,$,$,(#11249),#11629);
#11631=IFCPROPERTYSINGLEVALUE('CompanyName',$,IFCLABEL('buildingSMART Romania (BIMTECH)'),$);
#11632=IFCPROPERTYSINGLEVALUE('StandNumber',$,IFCLABEL('F15'),$);
#11633=IFCPROPERTYSINGLEVALUE('Zone',$,IFCLABEL('ZONA 2'),$);
#11634=IFCPROPERTYSINGLEVALUE('AreaSqm',$,IFCREAL(28.),$);
#11635=IFCPROPERTYSINGLEVALUE('FloorFinish',$,IFCLABEL('mocheta'),$);
#11636=IFCPROPERTYSINGLEVALUE('Designer',$,IFCLABEL('BIT Arhitectura - arh. Stefan Constantinescu, arh. Ruxandra Chirca'),$);
#11637=IFCPROPERTYSINGLEVALUE('Category',$,IFCLABEL('Software, BIM si servicii digitale'),$);
#11638=IFCPROPERTYSINGLEVALUE('CategoryCode',$,IFCLABEL('C10'),$);
#11639=IFCPROPERTYSINGLEVALUE('Website',$,IFCLABEL('https://buildingsmartromania.org/'),$);
#11640=IFCPROPERTYSINGLEVALUE('Indoor',$,IFCBOOLEAN(.T.),$);
#11641=IFCPROPERTYSINGLEVALUE('Event',$,IFCLABEL('NZEB Expo Bucuresti 2026'),$);
#11642=IFCPROPERTYSINGLEVALUE('Slogan',$,IFCLABEL('in openBIM we trust.'),$);
#11643=IFCPROPERTYSET('0B1ZXkUYX7vf1w1A_dawly',$,'NZEB_ExhibitorInfo',$,(#11645,#11646,#11647,#11648,#11649,#11650,#11651,#11652,#11653,#11654,#11655,#11656));
#11644=IFCRELDEFINESBYPROPERTIES('0IWILe3R95Qha5mAiJDyGP',$,$,$,(#11268),#11643);
#11645=IFCPROPERTYSINGLEVALUE('CompanyName',$,IFCLABEL('buildingSMART Romania (BIMTECH)'),$);
#11646=IFCPROPERTYSINGLEVALUE('StandNumber',$,IFCLABEL('F15'),$);
#11647=IFCPROPERTYSINGLEVALUE('Zone',$,IFCLABEL('ZONA 2'),$);
#11648=IFCPROPERTYSINGLEVALUE('AreaSqm',$,IFCREAL(28.),$);
#11649=IFCPROPERTYSINGLEVALUE('FloorFinish',$,IFCLABEL('mocheta'),$);
#11650=IFCPROPERTYSINGLEVALUE('Designer',$,IFCLABEL('BIT Arhitectura - arh. Stefan Constantinescu, arh. Ruxandra Chirca'),$);
#11651=IFCPROPERTYSINGLEVALUE('Category',$,IFCLABEL('Software, BIM si servicii digitale'),$);
#11652=IFCPROPERTYSINGLEVALUE('CategoryCode',$,IFCLABEL('C10'),$);
#11653=IFCPROPERTYSINGLEVALUE('Website',$,IFCLABEL('https://buildingsmartromania.org/'),$);
#11654=IFCPROPERTYSINGLEVALUE('Indoor',$,IFCBOOLEAN(.T.),$);
#11655=IFCPROPERTYSINGLEVALUE('Event',$,IFCLABEL('NZEB Expo Bucuresti 2026'),$);
#11656=IFCPROPERTYSINGLEVALUE('Slogan',$,IFCLABEL('in openBIM we trust.'),$);
#11657=IFCPROPERTYSET('2V8C63KuD9lg6ysuL4BkCG',$,'NZEB_ExhibitorInfo',$,(#11659,#11660,#11661,#11662,#11663,#11664,#11665,#11666,#11667,#11668,#11669,#11670));
#11658=IFCRELDEFINESBYPROPERTIES('1Dg3wr4Tf9dP$$mkpCCpL5',$,$,$,(#11287),#11657);
#11659=IFCPROPERTYSINGLEVALUE('CompanyName',$,IFCLABEL('buildingSMART Romania (BIMTECH)'),$);
#11660=IFCPROPERTYSINGLEVALUE('StandNumber',$,IFCLABEL('F15'),$);
#11661=IFCPROPERTYSINGLEVALUE('Zone',$,IFCLABEL('ZONA 2'),$);
#11662=IFCPROPERTYSINGLEVALUE('AreaSqm',$,IFCREAL(28.),$);
#11663=IFCPROPERTYSINGLEVALUE('FloorFinish',$,IFCLABEL('mocheta'),$);
#11664=IFCPROPERTYSINGLEVALUE('Designer',$,IFCLABEL('BIT Arhitectura - arh. Stefan Constantinescu, arh. Ruxandra Chirca'),$);
#11665=IFCPROPERTYSINGLEVALUE('Category',$,IFCLABEL('Software, BIM si servicii digitale'),$);
#11666=IFCPROPERTYSINGLEVALUE('CategoryCode',$,IFCLABEL('C10'),$);
#11667=IFCPROPERTYSINGLEVALUE('Website',$,IFCLABEL('https://buildingsmartromania.org/'),$);
#11668=IFCPROPERTYSINGLEVALUE('Indoor',$,IFCBOOLEAN(.T.),$);
#11669=IFCPROPERTYSINGLEVALUE('Event',$,IFCLABEL('NZEB Expo Bucuresti 2026'),$);
#11670=IFCPROPERTYSINGLEVALUE('Slogan',$,IFCLABEL('in openBIM we trust.'),$);
#11671=IFCPROPERTYSET('19hussAl16Zxk57i558c5p',$,'NZEB_ExhibitorInfo',$,(#11673,#11674,#11675,#11676,#11677,#11678,#11679,#11680,#11681,#11682,#11683,#11684));
#11672=IFCRELDEFINESBYPROPERTIES('1tPqqLK4vALwHoW09ObLH7',$,$,$,(#11322),#11671);
#11673=IFCPROPERTYSINGLEVALUE('CompanyName',$,IFCLABEL('buildingSMART Romania (BIMTECH)'),$);
#11674=IFCPROPERTYSINGLEVALUE('StandNumber',$,IFCLABEL('F15'),$);
#11675=IFCPROPERTYSINGLEVALUE('Zone',$,IFCLABEL('ZONA 2'),$);
#11676=IFCPROPERTYSINGLEVALUE('AreaSqm',$,IFCREAL(28.),$);
#11677=IFCPROPERTYSINGLEVALUE('FloorFinish',$,IFCLABEL('mocheta'),$);
#11678=IFCPROPERTYSINGLEVALUE('Designer',$,IFCLABEL('BIT Arhitectura - arh. Stefan Constantinescu, arh. Ruxandra Chirca'),$);
#11679=IFCPROPERTYSINGLEVALUE('Category',$,IFCLABEL('Software, BIM si servicii digitale'),$);
#11680=IFCPROPERTYSINGLEVALUE('CategoryCode',$,IFCLABEL('C10'),$);
#11681=IFCPROPERTYSINGLEVALUE('Website',$,IFCLABEL('https://buildingsmartromania.org/'),$);
#11682=IFCPROPERTYSINGLEVALUE('Indoor',$,IFCBOOLEAN(.T.),$);
#11683=IFCPROPERTYSINGLEVALUE('Event',$,IFCLABEL('NZEB Expo Bucuresti 2026'),$);
#11684=IFCPROPERTYSINGLEVALUE('Slogan',$,IFCLABEL('in openBIM we trust.'),$);
#11685=IFCPROPERTYSET('2qVOu4T5vD1u$Yjn8JpCZm',$,'NZEB_ExhibitorInfo',$,(#11687,#11688,#11689,#11690,#11691,#11692,#11693,#11694,#11695,#11696,#11697,#11698));
#11686=IFCRELDEFINESBYPROPERTIES('3BUdxa2Oj7HvIa_dYKVE5a',$,$,$,(#11375),#11685);
#11687=IFCPROPERTYSINGLEVALUE('CompanyName',$,IFCLABEL('buildingSMART Romania (BIMTECH)'),$);
#11688=IFCPROPERTYSINGLEVALUE('StandNumber',$,IFCLABEL('F15'),$);
#11689=IFCPROPERTYSINGLEVALUE('Zone',$,IFCLABEL('ZONA 2'),$);
#11690=IFCPROPERTYSINGLEVALUE('AreaSqm',$,IFCREAL(28.),$);
#11691=IFCPROPERTYSINGLEVALUE('FloorFinish',$,IFCLABEL('mocheta'),$);
#11692=IFCPROPERTYSINGLEVALUE('Designer',$,IFCLABEL('BIT Arhitectura - arh. Stefan Constantinescu, arh. Ruxandra Chirca'),$);
#11693=IFCPROPERTYSINGLEVALUE('Category',$,IFCLABEL('Software, BIM si servicii digitale'),$);
#11694=IFCPROPERTYSINGLEVALUE('CategoryCode',$,IFCLABEL('C10'),$);
#11695=IFCPROPERTYSINGLEVALUE('Website',$,IFCLABEL('https://buildingsmartromania.org/'),$);
#11696=IFCPROPERTYSINGLEVALUE('Indoor',$,IFCBOOLEAN(.T.),$);
#11697=IFCPROPERTYSINGLEVALUE('Event',$,IFCLABEL('NZEB Expo Bucuresti 2026'),$);
#11698=IFCPROPERTYSINGLEVALUE('Slogan',$,IFCLABEL('in openBIM we trust.'),$);
#11699=IFCPROPERTYSET('1evXDIFk5FaRaCwVIVw8I8',$,'NZEB_ExhibitorInfo',$,(#11701,#11702,#11703,#11704,#11705,#11706,#11707,#11708,#11709,#11710,#11711,#11712));
#11700=IFCRELDEFINESBYPROPERTIES('3i6jeZfU9BE8CMt71XOoM$',$,$,$,(#11394),#11699);
#11701=IFCPROPERTYSINGLEVALUE('CompanyName',$,IFCLABEL('buildingSMART Romania (BIMTECH)'),$);
#11702=IFCPROPERTYSINGLEVALUE('StandNumber',$,IFCLABEL('F15'),$);
#11703=IFCPROPERTYSINGLEVALUE('Zone',$,IFCLABEL('ZONA 2'),$);
#11704=IFCPROPERTYSINGLEVALUE('AreaSqm',$,IFCREAL(28.),$);
#11705=IFCPROPERTYSINGLEVALUE('FloorFinish',$,IFCLABEL('mocheta'),$);
#11706=IFCPROPERTYSINGLEVALUE('Designer',$,IFCLABEL('BIT Arhitectura - arh. Stefan Constantinescu, arh. Ruxandra Chirca'),$);
#11707=IFCPROPERTYSINGLEVALUE('Category',$,IFCLABEL('Software, BIM si servicii digitale'),$);
#11708=IFCPROPERTYSINGLEVALUE('CategoryCode',$,IFCLABEL('C10'),$);
#11709=IFCPROPERTYSINGLEVALUE('Website',$,IFCLABEL('https://buildingsmartromania.org/'),$);
#11710=IFCPROPERTYSINGLEVALUE('Indoor',$,IFCBOOLEAN(.T.),$);
#11711=IFCPROPERTYSINGLEVALUE('Event',$,IFCLABEL('NZEB Expo Bucuresti 2026'),$);
#11712=IFCPROPERTYSINGLEVALUE('Slogan',$,IFCLABEL('in openBIM we trust.'),$);
#11713=IFCSPACE('0L5fl7fEzApwCTSOf333bN',$,'Networking Area',$,$,#11732,#11726,$,$,$,$);
#11717=IFCCARTESIANPOINT((6.56949152542373,7.52542372881356));
#11718=IFCAXIS2PLACEMENT2D(#11717,$);
#11719=IFCRECTANGLEPROFILEDEF(.AREA.,$,#11718,13.1389830508475,15.0508474576271);
#11720=IFCCARTESIANPOINT((0.,0.,0.));
#11721=IFCAXIS2PLACEMENT3D(#11720,$,$);
#11722=IFCDIRECTION((0.,0.,1.));
#11723=IFCEXTRUDEDAREASOLID(#11719,#11721,#11722,3.);
#11724=IFCSTYLEDITEM(#11723,(#74),$);
#11725=IFCSHAPEREPRESENTATION(#11,'Body','SweptSolid',(#11723));
#11726=IFCPRODUCTDEFINITIONSHAPE($,$,(#11725));
#11727=IFCRELAGGREGATES('376Jbq2l90MwLgtIyn1ktV',$,$,$,#14,(#11786,#11738,#11713,#11882,#11834,#11810,#11762,#11858));
#11728=IFCCARTESIANPOINT((113.586440677966,21.871186440678,0.));
#11729=IFCDIRECTION((0.,0.,1.));
#11730=IFCDIRECTION((1.,0.,0.));
#11731=IFCAXIS2PLACEMENT3D(#11728,#11729,#11730);
#11732=IFCLOCALPLACEMENT(#26,#11731);
#11733=IFCPROPERTYSET('2N5xAiQk97fAnLd$O4pqrd',$,'NZEB_AreaInfo',$,(#11735,#11736,#11737));
#11734=IFCRELDEFINESBYPROPERTIES('1Y0V_$Iaj50O6J_iYzinvA',$,$,$,(#11713),#11733);
#11735=IFCPROPERTYSINGLEVALUE('AreaName',$,IFCLABEL('Networking Area'),$);
#11736=IFCPROPERTYSINGLEVALUE('AreaSqm',$,IFCREAL(197.8),$);
#11737=IFCPROPERTYSINGLEVALUE('Event',$,IFCLABEL('NZEB Expo Bucuresti 2026'),$);
#11738=IFCSPACE('2oSa$cq8XCDw7S7PFqN7E7',$,'Wembley Lounge',$,$,#11756,#11751,$,$,$,$);
#11742=IFCCARTESIANPOINT((8.50169491525424,3.02372881355932));
#11743=IFCAXIS2PLACEMENT2D(#11742,$);
#11744=IFCRECTANGLEPROFILEDEF(.AREA.,$,#11743,17.0033898305085,6.04745762711864);
#11745=IFCCARTESIANPOINT((0.,0.,0.));
#11746=IFCAXIS2PLACEMENT3D(#11745,$,$);
#11747=IFCDIRECTION((0.,0.,1.));
#11748=IFCEXTRUDEDAREASOLID(#11744,#11746,#11747,3.);
#11749=IFCSTYLEDITEM(#11748,(#74),$);
#11750=IFCSHAPEREPRESENTATION(#11,'Body','SweptSolid',(#11748));
#11751=IFCPRODUCTDEFINITIONSHAPE($,$,(#11750));
#11752=IFCCARTESIANPOINT((34.3864406779661,56.5830508474576,0.));
#11753=IFCDIRECTION((0.,0.,1.));
#11754=IFCDIRECTION((1.,0.,0.));
#11755=IFCAXIS2PLACEMENT3D(#11752,#11753,#11754);
#11756=IFCLOCALPLACEMENT(#26,#11755);
#11757=IFCPROPERTYSET('0aWEkXAOD8HwjdFilEw3Dz',$,'NZEB_AreaInfo',$,(#11759,#11760,#11761));
#11758=IFCRELDEFINESBYPROPERTIES('1di97sSnfDHwbtke__Yvuj',$,$,$,(#11738),#11757);
#11759=IFCPROPERTYSINGLEVALUE('AreaName',$,IFCLABEL('Wembley Lounge'),$);
#11760=IFCPROPERTYSINGLEVALUE('AreaSqm',$,IFCREAL(102.8),$);
#11761=IFCPROPERTYSINGLEVALUE('Event',$,IFCLABEL('NZEB Expo Bucuresti 2026'),$);
#11762=IFCSPACE('3SVYsRiR5CTerDltPbldmV',$,'VIP Lounge by The Concept',$,$,#11780,#11775,$,$,$,$);
#11766=IFCCARTESIANPOINT((10.535593220339,2.95593220338983));
#11767=IFCAXIS2PLACEMENT2D(#11766,$);
#11768=IFCRECTANGLEPROFILEDEF(.AREA.,$,#11767,21.071186440678,5.91186440677966);
#11769=IFCCARTESIANPOINT((0.,0.,0.));
#11770=IFCAXIS2PLACEMENT3D(#11769,$,$);
#11771=IFCDIRECTION((0.,0.,1.));
#11772=IFCEXTRUDEDAREASOLID(#11768,#11770,#11771,3.);
#11773=IFCSTYLEDITEM(#11772,(#74),$);
#11774=IFCSHAPEREPRESENTATION(#11,'Body','SweptSolid',(#11772));
#11775=IFCPRODUCTDEFINITIONSHAPE($,$,(#11774));
#11776=IFCCARTESIANPOINT((139.661016949153,78.8745762711864,0.));
#11777=IFCDIRECTION((0.,0.,1.));
#11778=IFCDIRECTION((1.,0.,0.));
#11779=IFCAXIS2PLACEMENT3D(#11776,#11777,#11778);
#11780=IFCLOCALPLACEMENT(#26,#11779);
#11781=IFCPROPERTYSET('132XQVzd90FBagVD5FzHQk',$,'NZEB_AreaInfo',$,(#11783,#11784,#11785));
#11782=IFCRELDEFINESBYPROPERTIES('3A9Xq_06jEWf30jHMd7ixK',$,$,$,(#11762),#11781);
#11783=IFCPROPERTYSINGLEVALUE('AreaName',$,IFCLABEL('VIP Lounge by The Concept'),$);
#11784=IFCPROPERTYSINGLEVALUE('AreaSqm',$,IFCREAL(124.6),$);
#11785=IFCPROPERTYSINGLEVALUE('Event',$,IFCLABEL('NZEB Expo Bucuresti 2026'),$);
#11786=IFCSPACE('2zp_Do5dTBHAgWbuYGvpzA',$,'Beer & Coffee Partner Lounge Area',$,$,#11804,#11799,$,$,$,$);
#11790=IFCCARTESIANPOINT((18.2372881355932,4.56271186440678));
#11791=IFCAXIS2PLACEMENT2D(#11790,$);
#11792=IFCRECTANGLEPROFILEDEF(.AREA.,$,#11791,36.4745762711864,9.12542372881356);
#11793=IFCCARTESIANPOINT((0.,0.,0.));
#11794=IFCAXIS2PLACEMENT3D(#11793,$,$);
#11795=IFCDIRECTION((0.,0.,1.));
#11796=IFCEXTRUDEDAREASOLID(#11792,#11794,#11795,3.);
#11797=IFCSTYLEDITEM(#11796,(#74),$);
#11798=IFCSHAPEREPRESENTATION(#11,'Body','SweptSolid',(#11796));
#11799=IFCPRODUCTDEFINITIONSHAPE($,$,(#11798));
#11800=IFCCARTESIANPOINT((24.0677966101695,66.4406779661017,0.));
#11801=IFCDIRECTION((0.,0.,1.));
#11802=IFCDIRECTION((1.,0.,0.));
#11803=IFCAXIS2PLACEMENT3D(#11800,#11801,#11802);
#11804=IFCLOCALPLACEMENT(#26,#11803);
#11805=IFCPROPERTYSET('2eScghFK1FVxkLgOz38xJR',$,'NZEB_AreaInfo',$,(#11807,#11808,#11809));
#11806=IFCRELDEFINESBYPROPERTIES('1gGUwCmULCXxBoEVGXazdL',$,$,$,(#11786),#11805);
#11807=IFCPROPERTYSINGLEVALUE('AreaName',$,IFCLABEL('Beer & Coffee Partner Lounge Area'),$);
#11808=IFCPROPERTYSINGLEVALUE('AreaSqm',$,IFCREAL(332.8),$);
#11809=IFCPROPERTYSINGLEVALUE('Event',$,IFCLABEL('NZEB Expo Bucuresti 2026'),$);
#11810=IFCSPACE('05KYHf7$j1tQTQHGEtxfCt',$,'nZEB Depozit + Offices',$,$,#11828,#11823,$,$,$,$);
#11814=IFCCARTESIANPOINT((6.4271186440678,11.2203389830508));
#11815=IFCAXIS2PLACEMENT2D(#11814,$);
#11816=IFCRECTANGLEPROFILEDEF(.AREA.,$,#11815,12.8542372881356,22.4406779661017);
#11817=IFCCARTESIANPOINT((0.,0.,0.));
#11818=IFCAXIS2PLACEMENT3D(#11817,$,$);
#11819=IFCDIRECTION((0.,0.,1.));
#11820=IFCEXTRUDEDAREASOLID(#11816,#11818,#11819,3.);
#11821=IFCSTYLEDITEM(#11820,(#74),$);
#11822=IFCSHAPEREPRESENTATION(#11,'Body','SweptSolid',(#11820));
#11823=IFCPRODUCTDEFINITIONSHAPE($,$,(#11822));
#11824=IFCCARTESIANPOINT((6.56271186440678,62.3322033898305,0.));
#11825=IFCDIRECTION((0.,0.,1.));
#11826=IFCDIRECTION((1.,0.,0.));
#11827=IFCAXIS2PLACEMENT3D(#11824,#11825,#11826);
#11828=IFCLOCALPLACEMENT(#26,#11827);
#11829=IFCPROPERTYSET('1Y$vqZ9sL9uBKNV5DVxrwX',$,'NZEB_AreaInfo',$,(#11831,#11832,#11833));
#11830=IFCRELDEFINESBYPROPERTIES('1HkaffqiL7ng4dxziwxTqc',$,$,$,(#11810),#11829);
#11831=IFCPROPERTYSINGLEVALUE('AreaName',$,IFCLABEL('nZEB Depozit + Offices'),$);
#11832=IFCPROPERTYSINGLEVALUE('AreaSqm',$,IFCREAL(288.5),$);
#11833=IFCPROPERTYSINGLEVALUE('Event',$,IFCLABEL('NZEB Expo Bucuresti 2026'),$);
#11834=IFCSPACE('3CM88iM1X2jvYyFfBs_ArO',$,'Forumul Constructiilor',$,$,#11852,#11847,$,$,$,$);
#11838=IFCCARTESIANPOINT((16.4949152542373,15.4915254237288));
#11839=IFCAXIS2PLACEMENT2D(#11838,$);
#11840=IFCRECTANGLEPROFILEDEF(.AREA.,$,#11839,32.9898305084746,30.9830508474576);
#11841=IFCCARTESIANPOINT((0.,0.,0.));
#11842=IFCAXIS2PLACEMENT3D(#11841,$,$);
#11843=IFCDIRECTION((0.,0.,1.));
#11844=IFCEXTRUDEDAREASOLID(#11840,#11842,#11843,3.);
#11845=IFCSTYLEDITEM(#11844,(#77),$);
#11846=IFCSHAPEREPRESENTATION(#11,'Body','SweptSolid',(#11844));
#11847=IFCPRODUCTDEFINITIONSHAPE($,$,(#11846));
#11848=IFCCARTESIANPOINT((6.52203389830508,1.38305084745763,0.));
#11849=IFCDIRECTION((0.,0.,1.));
#11850=IFCDIRECTION((1.,0.,0.));
#11851=IFCAXIS2PLACEMENT3D(#11848,#11849,#11850);
#11852=IFCLOCALPLACEMENT(#26,#11851);
#11853=IFCPROPERTYSET('1$o8vaPwzAmhGPjCgpe$FM',$,'NZEB_AreaInfo',$,(#11855,#11856,#11857));
#11854=IFCRELDEFINESBYPROPERTIES('3Fieadzy589QgKFDaq0TIt',$,$,$,(#11834),#11853);
#11855=IFCPROPERTYSINGLEVALUE('AreaName',$,IFCLABEL('Forumul Constructiilor'),$);
#11856=IFCPROPERTYSINGLEVALUE('AreaSqm',$,IFCREAL(1022.1),$);
#11857=IFCPROPERTYSINGLEVALUE('Event',$,IFCLABEL('NZEB Expo Bucuresti 2026'),$);
#11858=IFCSPACE('0MT12tjWX9ER90R8pVAOIj',$,'Main Partner Area - powered by E.ON',$,$,#11876,#11871,$,$,$,$);
#11862=IFCCARTESIANPOINT((14.535593220339,14.3050847457627));
#11863=IFCAXIS2PLACEMENT2D(#11862,$);
#11864=IFCRECTANGLEPROFILEDEF(.AREA.,$,#11863,29.071186440678,28.6101694915254);
#11865=IFCCARTESIANPOINT((0.,0.,0.));
#11866=IFCAXIS2PLACEMENT3D(#11865,$,$);
#11867=IFCDIRECTION((0.,0.,1.));
#11868=IFCEXTRUDEDAREASOLID(#11864,#11866,#11867,3.);
#11869=IFCSTYLEDITEM(#11868,(#83),$);
#11870=IFCSHAPEREPRESENTATION(#11,'Body','SweptSolid',(#11868));
#11871=IFCPRODUCTDEFINITIONSHAPE($,$,(#11870));
#11872=IFCCARTESIANPOINT((160.854237288136,56.1762711864407,0.));
#11873=IFCDIRECTION((0.,0.,1.));
#11874=IFCDIRECTION((1.,0.,0.));
#11875=IFCAXIS2PLACEMENT3D(#11872,#11873,#11874);
#11876=IFCLOCALPLACEMENT(#26,#11875);
#11877=IFCPROPERTYSET('2lkQxqB$j98v_P98dFJGFR',$,'NZEB_AreaInfo',$,(#11879,#11880,#11881));
#11878=IFCRELDEFINESBYPROPERTIES('0VHp1GBnn6QxqZiQt2snQT',$,$,$,(#11858),#11877);
#11879=IFCPROPERTYSINGLEVALUE('AreaName',$,IFCLABEL('Main Partner Area - powered by E.ON'),$);
#11880=IFCPROPERTYSINGLEVALUE('AreaSqm',$,IFCREAL(831.7),$);
#11881=IFCPROPERTYSINGLEVALUE('Event',$,IFCLABEL('NZEB Expo Bucuresti 2026'),$);
#11882=IFCSPACE('367NPJ4u17SgA16bp9JJy2',$,'Arena Mesterilor (exterior)',$,$,#11900,#11895,$,$,$,$);
#11886=IFCCARTESIANPOINT((9.1864406779661,24.135593220339));
#11887=IFCAXIS2PLACEMENT2D(#11886,$);
#11888=IFCRECTANGLEPROFILEDEF(.AREA.,$,#11887,18.3728813559322,48.271186440678);
#11889=IFCCARTESIANPOINT((0.,0.,0.));
#11890=IFCAXIS2PLACEMENT3D(#11889,$,$);
#11891=IFCDIRECTION((0.,0.,1.));
#11892=IFCEXTRUDEDAREASOLID(#11888,#11890,#11891,3.);
#11893=IFCSTYLEDITEM(#11892,(#77),$);
#11894=IFCSHAPEREPRESENTATION(#11,'Body','SweptSolid',(#11892));
#11895=IFCPRODUCTDEFINITIONSHAPE($,$,(#11894));
#11896=IFCCARTESIANPOINT((237.667796610169,-12.8135593220339,0.));
#11897=IFCDIRECTION((0.,0.,1.));
#11898=IFCDIRECTION((1.,0.,0.));
#11899=IFCAXIS2PLACEMENT3D(#11896,#11897,#11898);
#11900=IFCLOCALPLACEMENT(#26,#11899);
#11901=IFCPROPERTYSET('1aVzXIzEL7XgyjtO2A2EN1',$,'NZEB_AreaInfo',$,(#11903,#11904,#11905));
#11902=IFCRELDEFINESBYPROPERTIES('3Uo6k$SRL019J6ryqC822I',$,$,$,(#11882),#11901);
#11903=IFCPROPERTYSINGLEVALUE('AreaName',$,IFCLABEL('Arena Mesterilor (exterior)'),$);
#11904=IFCPROPERTYSINGLEVALUE('AreaSqm',$,IFCREAL(886.9),$);
#11905=IFCPROPERTYSINGLEVALUE('Event',$,IFCLABEL('NZEB Expo Bucuresti 2026'),$);
#11906=IFCCLASSIFICATIONREFERENCE($,'C01','Izolatii termice si anvelopa cladirii',#220,$,$);
#11907=IFCRELASSOCIATESCLASSIFICATION('2SoLQUk_nEL9qIdoJpJdHN',$,$,$,(#7248,#2069,#10125,#3084,#3511,#2871,#2016,#1480),#11906);
#11908=IFCCLASSIFICATIONREFERENCE($,'C02','Ferestre, usi, fatade si tamplarie',#220,$,$);
#11909=IFCRELASSOCIATESCLASSIFICATION('1yFnZv_pr18RieJ$CUJ0cJ',$,$,$,(#522,#1267,#7301,#2763,#5110,#3191,#4579,#4633,#3672,#1533,#6551),#11908);
#11910=IFCCLASSIFICATIONREFERENCE($,'C03','HVAC, incalzire, ventilatie si instalatii',#220,$,$);
#11911=IFCRELASSOCIATESCLASSIFICATION('0MUYxlWPfFCw7ZFEOxEvlt',$,$,$,(#5912,#6658,#4739,#7514,#3887,#3297,#2978,#2925,#735,#5859,#5751,#6979,#682,#2229,#2442,#362,#3137,#5644,#4526,#4473,#4792,#5164,#1909,#6018,#3940,#575),#11910);
#11912=IFCCLASSIFICATIONREFERENCE($,'C04','Acoperisuri si hidroizolatii',#220,$,$);
#11913=IFCRELASSOCIATESCLASSIFICATION('1k456cS2z5FRN16fDyFevz',$,$,$,(#6177,#7194,#628,#3457,#3403,#5591,#4099,#9644,#8258,#3618),#11912);
#11914=IFCCLASSIFICATIONREFERENCE($,'C05','Materiale de constructii',#220,$,$);
#11915=IFCRELASSOCIATESCLASSIFICATION('1ujlJ4oXz0EekXeTMwVRfF',$,$,$,(#1426,#5805,#308,#6925,#7140,#5270,#4366,#4312,#6818,#8632,#1748),#11914);
#11916=IFCCLASSIFICATIONREFERENCE($,'C06','Chimie pentru constructii (adezivi, spume, etansari)',#220,$,$);
#11917=IFCRELASSOCIATESCLASSIFICATION('07DIDNrEXA9wni$TVhx03G',$,$,$,(#8045,#2655,#2175,#788,#7991,#1802),#11916);
#11918=IFCCLASSIFICATIONREFERENCE($,'C07','Scule, unelte, fixari si echipamente de masura',#220,$,$);
#11919=IFCRELASSOCIATESCLASSIFICATION('3kRx8uuFbCTvM_wk38krpr',$,$,$,(#7461,#895,#10390,#8419,#8365,#2709,#3779,#2601,#7086),#11918);
#11920=IFCCLASSIFICATIONREFERENCE($,'C08','Energie regenerabila si fotovoltaice',#220,$,$);
#11921=IFCRELASSOCIATESCLASSIFICATION('1LhPiKkT9E$xwFpepwuBXx',$,$,$,(#2817,#8473),#11920);
#11922=IFCCLASSIFICATIONREFERENCE($,'C09','Instalatii electrice si smart home',#220,$,$);
#11923=IFCRELASSOCIATESCLASSIFICATION('1Pa_WDxpT4B8To$SQSADPd',$,$,$,(#3993,#7408,#3244),#11922);
#11924=IFCCLASSIFICATIONREFERENCE($,'C10','Software, BIM si servicii digitale',#220,$,$);
#11925=IFCRELASSOCIATESCLASSIFICATION('2F0XaSduj23wEX4zl4U3RH',$,$,$,(#10831,#10983,#10888,#11249,#9378,#11075,#11394,#10793,#10945,#11002,#11268,#10850,#10907,#11182,#10964,#10812,#11021,#11056,#10869,#11287,#11322,#10926,#11375),#11924);
#11926=IFCCLASSIFICATIONREFERENCE($,'C11','Dezvoltare imobiliara',#220,$,$);
#11927=IFCRELASSOCIATESCLASSIFICATION('1c1rX6sqPDogD0Qj6LJ7UX',$,$,$,(#9166,#4951,#8579),#11926);
#11928=IFCCLASSIFICATIONREFERENCE($,'C12','Arhitectura, inginerie si antreprenoriat constructii',#220,$,$);
#11929=IFCRELASSOCIATESCLASSIFICATION('02ozT9stLFcxslnYN2gJGC',$,$,$,(#5698,#415,#5431,#8526,#9059,#9005,#8845),#11928);
#11930=IFCCLASSIFICATIONREFERENCE($,'C13','Educatie, asociatii si ONG',#220,$,$);
#11931=IFCRELASSOCIATESCLASSIFICATION('1VnYzuox9DdBdKLQtSucZ_',$,$,$,(#8099,#842,#6872,#5377,#9751,#9858,#9538,#8898,#9485,#8152,#9591,#9432,#7567,#8205,#7620,#8951),#11930);
#11932=IFCCLASSIFICATIONREFERENCE($,'C14','Auto si mobilitate',#220,$,$);
#11933=IFCRELASSOCIATESCLASSIFICATION('2vAwDjgV1AhQjHuYyV5Up8',$,$,$,(#254,#6391,#9964,#6337,#9911),#11932);
#11934=IFCCLASSIFICATIONREFERENCE($,'C15','Mobilier, design si amenajari interioare',#220,$,$);
#11935=IFCRELASSOCIATESCLASSIFICATION('0dn1_eWuz0QPk$LrSyrrPc',$,$,$,(#9805,#10284,#10071,#3833,#10178,#6444),#11934);
#11936=IFCCLASSIFICATIONREFERENCE($,'C16','Gradina, peisagistica si exterior',#220,$,$);
#11937=IFCRELASSOCIATESCLASSIFICATION('0IRSQhiYj1JR35JMyKSsmg',$,$,$,(#10231,#5004,#10551,#5965,#10337,#7885),#11936);
#11938=IFCCLASSIFICATIONREFERENCE($,'C17','Media si publicatii de specialitate',#220,$,$);
#11939=IFCRELASSOCIATESCLASSIFICATION('1D1xSzaXnDKOpe$r$QGZu$',$,$,$,(#1694),#11938);
#11940=IFCCLASSIFICATIONREFERENCE($,'C18','Furnizor de energie',#220,$,$);
#11941=IFCRELASSOCIATESCLASSIFICATION('0vuGTqnqX0Wh_OqFgyLtDj',$,$,$,(#6230),#11940);
#11942=IFCCLASSIFICATIONREFERENCE($,'C19','Servicii financiar-bancare',#220,$,$);
#11943=IFCRELASSOCIATESCLASSIFICATION('3zAMpOQx9ExPwuFFmr8dui',$,$,$,(#6764),#11942);
#11944=IFCCLASSIFICATIONREFERENCE($,'C20','Food & beverage / ospitalitate',#220,$,$);
#11945=IFCRELASSOCIATESCLASSIFICATION('0zRG2zUYr53h9RM8tAJKYz',$,$,$,(#9219,#9325,#10444),#11944);
#11946=IFCCLASSIFICATIONREFERENCE($,'C21','Utilaje si echipamente pentru constructii',#220,$,$);
#11947=IFCRELASSOCIATESCLASSIFICATION('2lK_J80Q92vupMaiU9xyH5',$,$,$,(#10763,#10657,#10710),#11946);
#11948=IFCCLASSIFICATIONREFERENCE($,'C22','Constructii si structuri din lemn',#220,$,$);
#11949=IFCRELASSOCIATESCLASSIFICATION('1KwTVNQu98B86l0Bay1Ehd',$,$,$,(#1963,#5484,#7726,#7673,#8686,#1640),#11948);
#11950=IFCCLASSIFICATIONREFERENCE($,'C23','Electrocasnice si tehnologie consumer',#220,$,$);
#11951=IFCRELASSOCIATESCLASSIFICATION('0uer7LfrrAi9cex0oFigPb',$,$,$,(#10017,#6284),#11950);
#11952=IFCCLASSIFICATIONREFERENCE($,'C99','Produse si servicii pentru constructii (general)',#220,$,$);
#11953=IFCRELASSOCIATESCLASSIFICATION('3MjV210O1A8PjlSYUqs2VL',$,$,$,(#949,#469,#6711,#4259,#4686,#4206,#3031,#2122,#4153,#10604,#3726,#1587,#6605,#5324,#7355,#10498,#1373,#3565,#9272,#1320,#8792,#2495,#7938,#5537,#8312,#5057,#9113,#2548,#8739,#1214,#1161,#7033,#7832,#1108,#9698,#2336,#7779,#1055,#6124,#6498,#4898,#6071,#4845,#5217,#2389,#4420,#4046,#2283,#1856,#3350,#1002),#11952);
ENDSEC;
END-ISO-10303-21;
